2026-02-09 13:19:50 - DEBUG - org.jboss.logging - Logging Provider: org.jboss.logging.Slf4jLoggerProvider found via system property
2026-02-09 13:19:50 - INFO - o.h.validator.internal.util.Version - HV000001: Hibernate Validator 8.0.3.Final
2026-02-09 13:19:50 - DEBUG - o.h.v.i.x.config.ValidationXmlParser - Trying to load META-INF/validation.xml for XML based Validator configuration.
2026-02-09 13:19:50 - DEBUG - o.h.v.i.x.c.ResourceLoaderHelper - Trying to load META-INF/validation.xml via TCCL
2026-02-09 13:19:50 - DEBUG - o.h.v.i.x.c.ResourceLoaderHelper - Trying to load META-INF/validation.xml via Hibernate Validator's class loader
2026-02-09 13:19:50 - DEBUG - o.h.v.i.x.config.ValidationXmlParser - No META-INF/validation.xml found. Using annotation based configuration only.
2026-02-09 13:19:50 - DEBUG - o.h.v.i.e.r.TraversableResolvers - Found jakarta.persistence.Persistence on classpath containing 'getPersistenceUtil'. Assuming JPA 2 environment. Trying to instantiate JPA aware TraversableResolver
2026-02-09 13:19:50 - DEBUG - o.h.v.i.e.r.TraversableResolvers - Instantiated JPA aware TraversableResolver of type org.hibernate.validator.internal.engine.resolver.JPATraversableResolver.
2026-02-09 13:19:50 - DEBUG - o.h.v.m.ResourceBundleMessageInterpolator - Loaded expression factory via original TCCL
2026-02-09 13:19:50 - INFO - c.e.EnterpriseflowApplication - Starting EnterpriseflowApplication using Java 17.0.12 with PID 15752 (F:\projects2025\EnterpriseFlow\enterpriseflow\target\classes started by kalim in F:\projects2025\EnterpriseFlow\enterpriseflow)
2026-02-09 13:19:50 - DEBUG - c.e.EnterpriseflowApplication - Running with Spring Boot v3.5.10, Spring v6.2.15
2026-02-09 13:19:50 - INFO - c.e.EnterpriseflowApplication - The following 1 profile is active: "dev"
2026-02-09 13:19:50 - DEBUG - o.s.boot.SpringApplication - Loading source class com.enterpriseflow.EnterpriseflowApplication
2026-02-09 13:19:51 - DEBUG - sun.rmi.transport.tcp - RMI TCP Connection(2)-127.0.0.1: (port 65417) op = 82
2026-02-09 13:19:51 - DEBUG - sun.rmi.transport.tcp - RMI TCP Connection(2)-127.0.0.1: (port 65417) op = 80
2026-02-09 13:19:51 - DEBUG - sun.rmi.loader - RMI TCP Connection(2)-127.0.0.1: name = "javax.management.ObjectName", codebase = ""
2026-02-09 13:19:51 - DEBUG - javax.management.remote.rmi - connectionId=rmi://127.0.0.1  1, name=org.springframework.boot:type=Admin,name=SpringApplication, attribute=Ready
2026-02-09 13:19:51 - DEBUG - sun.rmi.server.call - RMI TCP Connection(2)-127.0.0.1: [127.0.0.1] exception: 
javax.management.InstanceNotFoundException: org.springframework.boot:type=Admin,name=SpringApplication
	at java.management/com.sun.jmx.interceptor.DefaultMBeanServerInterceptor.getMBean(DefaultMBeanServerInterceptor.java:1088)
	at java.management/com.sun.jmx.interceptor.DefaultMBeanServerInterceptor.getAttribute(DefaultMBeanServerInterceptor.java:640)
	at java.management/com.sun.jmx.mbeanserver.JmxMBeanServer.getAttribute(JmxMBeanServer.java:679)
	at java.management.rmi/javax.management.remote.rmi.RMIConnectionImpl.doOperation(RMIConnectionImpl.java:1449)
	at java.management.rmi/javax.management.remote.rmi.RMIConnectionImpl$PrivilegedOperation.run(RMIConnectionImpl.java:1310)
	at java.management.rmi/javax.management.remote.rmi.RMIConnectionImpl.doPrivilegedOperation(RMIConnectionImpl.java:1405)
	at java.management.rmi/javax.management.remote.rmi.RMIConnectionImpl.getAttribute(RMIConnectionImpl.java:639)
	at java.base/jdk.internal.reflect.NativeMethodAccessorImpl.invoke0(Native Method)
	at java.base/jdk.internal.reflect.NativeMethodAccessorImpl.invoke(NativeMethodAccessorImpl.java:77)
	at java.base/jdk.internal.reflect.DelegatingMethodAccessorImpl.invoke(DelegatingMethodAccessorImpl.java:43)
	at java.base/java.lang.reflect.Method.invoke(Method.java:568)
	at java.rmi/sun.rmi.server.UnicastServerRef.dispatch(UnicastServerRef.java:360)
	at java.rmi/sun.rmi.transport.Transport$1.run(Transport.java:200)
	at java.rmi/sun.rmi.transport.Transport$1.run(Transport.java:197)
	at java.base/java.security.AccessController.doPrivileged(AccessController.java:712)
	at java.rmi/sun.rmi.transport.Transport.serviceCall(Transport.java:196)
	at java.rmi/sun.rmi.transport.tcp.TCPTransport.handleMessages(TCPTransport.java:587)
	at java.rmi/sun.rmi.transport.tcp.TCPTransport$ConnectionHandler.run0(TCPTransport.java:828)
	at java.rmi/sun.rmi.transport.tcp.TCPTransport$ConnectionHandler.lambda$run$0(TCPTransport.java:705)
	at java.base/java.security.AccessController.doPrivileged(AccessController.java:399)
	at java.rmi/sun.rmi.transport.tcp.TCPTransport$ConnectionHandler.run(TCPTransport.java:704)
	at java.base/java.util.concurrent.ThreadPoolExecutor.runWorker(ThreadPoolExecutor.java:1136)
	at java.base/java.util.concurrent.ThreadPoolExecutor$Worker.run(ThreadPoolExecutor.java:635)
	at java.base/java.lang.Thread.run(Thread.java:842)
2026-02-09 13:19:51 - DEBUG - o.s.b.d.restart.ChangeableUrls - Matching URLs for reloading : [file:/F:/projects2025/EnterpriseFlow/enterpriseflow/target/classes/]
2026-02-09 13:19:51 - DEBUG - o.s.b.d.settings.DevToolsSettings - Included patterns for restart : []
2026-02-09 13:19:51 - DEBUG - o.s.b.d.settings.DevToolsSettings - Excluded patterns for restart : [/spring-boot-starter-[\w-]+/, /spring-boot/(bin|build|out)/, /spring-boot-starter/(bin|build|out)/, /spring-boot-devtools/(bin|build|out)/, /spring-boot-actuator/(bin|build|out)/, /spring-boot-autoconfigure/(bin|build|out)/]
2026-02-09 13:19:51 - INFO - o.s.b.d.e.DevToolsPropertyDefaultsPostProcessor - Devtools property defaults active! Set 'spring.devtools.add-properties' to 'false' to disable
2026-02-09 13:19:51 - INFO - o.s.b.d.e.DevToolsPropertyDefaultsPostProcessor - For additional web related logging consider setting the 'logging.level.web' property to 'DEBUG'
2026-02-09 13:19:51 - DEBUG - o.s.b.w.s.c.AnnotationConfigServletWebServerApplicationContext - Refreshing org.springframework.boot.web.servlet.context.AnnotationConfigServletWebServerApplicationContext@4f89f49e
2026-02-09 13:19:51 - DEBUG - o.s.b.f.s.DefaultListableBeanFactory - Creating shared instance of singleton bean 'org.springframework.context.annotation.internalConfigurationAnnotationProcessor'
2026-02-09 13:19:51 - DEBUG - o.h.v.i.e.ValidatorFactoryConfigurationHelper - HV000252: Using org.hibernate.validator.internal.engine.DefaultPropertyNodeNameProvider as property node name provider.
2026-02-09 13:19:51 - DEBUG - o.s.b.f.s.DefaultListableBeanFactory - Creating shared instance of singleton bean 'org.springframework.boot.autoconfigure.internalCachingMetadataReaderFactory'
2026-02-09 13:19:51 - DEBUG - o.h.v.i.e.ValidatorFactoryConfigurationHelper - HV000234: Using org.hibernate.validator.messageinterpolation.ResourceBundleMessageInterpolator as ValidatorFactory-scoped message interpolator.
2026-02-09 13:19:51 - DEBUG - o.h.v.i.e.ValidatorFactoryConfigurationHelper - HV000234: Using org.hibernate.validator.internal.engine.resolver.JPATraversableResolver as ValidatorFactory-scoped traversable resolver.
2026-02-09 13:19:51 - DEBUG - o.h.v.i.e.ValidatorFactoryConfigurationHelper - HV000234: Using org.hibernate.validator.internal.util.ExecutableParameterNameProvider as ValidatorFactory-scoped parameter name provider.
2026-02-09 13:19:51 - DEBUG - o.h.v.i.e.ValidatorFactoryConfigurationHelper - HV000234: Using org.hibernate.validator.internal.engine.DefaultClockProvider as ValidatorFactory-scoped clock provider.
2026-02-09 13:19:51 - DEBUG - o.h.v.i.e.ValidatorFactoryConfigurationHelper - HV000234: Using org.hibernate.validator.internal.engine.scripting.DefaultScriptEvaluatorFactory as ValidatorFactory-scoped script evaluator factory.
2026-02-09 13:19:51 - DEBUG - o.s.c.a.ClassPathBeanDefinitionScanner - Identified candidate component class: file [F:\projects2025\EnterpriseFlow\enterpriseflow\target\classes\com\enterpriseflow\audit\AuditConfig.class]
2026-02-09 13:19:51 - DEBUG - o.s.c.a.ClassPathBeanDefinitionScanner - Identified candidate component class: file [F:\projects2025\EnterpriseFlow\enterpriseflow\target\classes\com\enterpriseflow\exception\GlobalExceptionHandler.class]
2026-02-09 13:19:51 - DEBUG - sun.rmi.transport.tcp - RMI TCP Connection(2)-127.0.0.1: (port 65417) op = 82
2026-02-09 13:19:51 - DEBUG - sun.rmi.transport.tcp - RMI TCP Connection(2)-127.0.0.1: (port 65417) op = 80
2026-02-09 13:19:51 - DEBUG - sun.rmi.loader - RMI TCP Connection(2)-127.0.0.1: name = "javax.management.ObjectName", codebase = ""
2026-02-09 13:19:51 - DEBUG - javax.management.remote.rmi - connectionId=rmi://127.0.0.1  1, name=org.springframework.boot:type=Admin,name=SpringApplication, attribute=Ready
2026-02-09 13:19:51 - DEBUG - sun.rmi.server.call - RMI TCP Connection(2)-127.0.0.1: [127.0.0.1] exception: 
javax.management.InstanceNotFoundException: org.springframework.boot:type=Admin,name=SpringApplication
	at java.management/com.sun.jmx.interceptor.DefaultMBeanServerInterceptor.getMBean(DefaultMBeanServerInterceptor.java:1088)
	at java.management/com.sun.jmx.interceptor.DefaultMBeanServerInterceptor.getAttribute(DefaultMBeanServerInterceptor.java:640)
	at java.management/com.sun.jmx.mbeanserver.JmxMBeanServer.getAttribute(JmxMBeanServer.java:679)
	at java.management.rmi/javax.management.remote.rmi.RMIConnectionImpl.doOperation(RMIConnectionImpl.java:1449)
	at java.management.rmi/javax.management.remote.rmi.RMIConnectionImpl$PrivilegedOperation.run(RMIConnectionImpl.java:1310)
	at java.management.rmi/javax.management.remote.rmi.RMIConnectionImpl.doPrivilegedOperation(RMIConnectionImpl.java:1405)
	at java.management.rmi/javax.management.remote.rmi.RMIConnectionImpl.getAttribute(RMIConnectionImpl.java:639)
	at java.base/jdk.internal.reflect.NativeMethodAccessorImpl.invoke0(Native Method)
	at java.base/jdk.internal.reflect.NativeMethodAccessorImpl.invoke(NativeMethodAccessorImpl.java:77)
	at java.base/jdk.internal.reflect.DelegatingMethodAccessorImpl.invoke(DelegatingMethodAccessorImpl.java:43)
	at java.base/java.lang.reflect.Method.invoke(Method.java:568)
	at java.rmi/sun.rmi.server.UnicastServerRef.dispatch(UnicastServerRef.java:360)
	at java.rmi/sun.rmi.transport.Transport$1.run(Transport.java:200)
	at java.rmi/sun.rmi.transport.Transport$1.run(Transport.java:197)
	at java.base/java.security.AccessController.doPrivileged(AccessController.java:712)
	at java.rmi/sun.rmi.transport.Transport.serviceCall(Transport.java:196)
	at java.rmi/sun.rmi.transport.tcp.TCPTransport.handleMessages(TCPTransport.java:587)
	at java.rmi/sun.rmi.transport.tcp.TCPTransport$ConnectionHandler.run0(TCPTransport.java:828)
	at java.rmi/sun.rmi.transport.tcp.TCPTransport$ConnectionHandler.lambda$run$0(TCPTransport.java:705)
	at java.base/java.security.AccessController.doPrivileged(AccessController.java:399)
	at java.rmi/sun.rmi.transport.tcp.TCPTransport$ConnectionHandler.run(TCPTransport.java:704)
	at java.base/java.util.concurrent.ThreadPoolExecutor.runWorker(ThreadPoolExecutor.java:1136)
	at java.base/java.util.concurrent.ThreadPoolExecutor$Worker.run(ThreadPoolExecutor.java:635)
	at java.base/java.lang.Thread.run(Thread.java:842)
2026-02-09 13:19:52 - DEBUG - sun.rmi.transport.tcp - RMI TCP Connection(2)-127.0.0.1: (port 65417) op = 82
2026-02-09 13:19:52 - DEBUG - sun.rmi.transport.tcp - RMI TCP Connection(2)-127.0.0.1: (port 65417) op = 80
2026-02-09 13:19:52 - DEBUG - sun.rmi.loader - RMI TCP Connection(2)-127.0.0.1: name = "javax.management.ObjectName", codebase = ""
2026-02-09 13:19:52 - DEBUG - javax.management.remote.rmi - connectionId=rmi://127.0.0.1  1, name=org.springframework.boot:type=Admin,name=SpringApplication, attribute=Ready
2026-02-09 13:19:52 - DEBUG - sun.rmi.server.call - RMI TCP Connection(2)-127.0.0.1: [127.0.0.1] exception: 
javax.management.InstanceNotFoundException: org.springframework.boot:type=Admin,name=SpringApplication
	at java.management/com.sun.jmx.interceptor.DefaultMBeanServerInterceptor.getMBean(DefaultMBeanServerInterceptor.java:1088)
	at java.management/com.sun.jmx.interceptor.DefaultMBeanServerInterceptor.getAttribute(DefaultMBeanServerInterceptor.java:640)
	at java.management/com.sun.jmx.mbeanserver.JmxMBeanServer.getAttribute(JmxMBeanServer.java:679)
	at java.management.rmi/javax.management.remote.rmi.RMIConnectionImpl.doOperation(RMIConnectionImpl.java:1449)
	at java.management.rmi/javax.management.remote.rmi.RMIConnectionImpl$PrivilegedOperation.run(RMIConnectionImpl.java:1310)
	at java.management.rmi/javax.management.remote.rmi.RMIConnectionImpl.doPrivilegedOperation(RMIConnectionImpl.java:1405)
	at java.management.rmi/javax.management.remote.rmi.RMIConnectionImpl.getAttribute(RMIConnectionImpl.java:639)
	at java.base/jdk.internal.reflect.NativeMethodAccessorImpl.invoke0(Native Method)
	at java.base/jdk.internal.reflect.NativeMethodAccessorImpl.invoke(NativeMethodAccessorImpl.java:77)
	at java.base/jdk.internal.reflect.DelegatingMethodAccessorImpl.invoke(DelegatingMethodAccessorImpl.java:43)
	at java.base/java.lang.reflect.Method.invoke(Method.java:568)
	at java.rmi/sun.rmi.server.UnicastServerRef.dispatch(UnicastServerRef.java:360)
	at java.rmi/sun.rmi.transport.Transport$1.run(Transport.java:200)
	at java.rmi/sun.rmi.transport.Transport$1.run(Transport.java:197)
	at java.base/java.security.AccessController.doPrivileged(AccessController.java:712)
	at java.rmi/sun.rmi.transport.Transport.serviceCall(Transport.java:196)
	at java.rmi/sun.rmi.transport.tcp.TCPTransport.handleMessages(TCPTransport.java:587)
	at java.rmi/sun.rmi.transport.tcp.TCPTransport$ConnectionHandler.run0(TCPTransport.java:828)
	at java.rmi/sun.rmi.transport.tcp.TCPTransport$ConnectionHandler.lambda$run$0(TCPTransport.java:705)
	at java.base/java.security.AccessController.doPrivileged(AccessController.java:399)
	at java.rmi/sun.rmi.transport.tcp.TCPTransport$ConnectionHandler.run(TCPTransport.java:704)
	at java.base/java.util.concurrent.ThreadPoolExecutor.runWorker(ThreadPoolExecutor.java:1136)
	at java.base/java.util.concurrent.ThreadPoolExecutor$Worker.run(ThreadPoolExecutor.java:635)
	at java.base/java.lang.Thread.run(Thread.java:842)
2026-02-09 13:19:52 - DEBUG - sun.rmi.transport.tcp - RMI TCP Connection(2)-127.0.0.1: (port 65417) op = 82
2026-02-09 13:19:52 - DEBUG - sun.rmi.transport.tcp - RMI TCP Connection(2)-127.0.0.1: (port 65417) op = 80
2026-02-09 13:19:52 - DEBUG - sun.rmi.loader - RMI TCP Connection(2)-127.0.0.1: name = "javax.management.ObjectName", codebase = ""
2026-02-09 13:19:52 - DEBUG - javax.management.remote.rmi - connectionId=rmi://127.0.0.1  1, name=org.springframework.boot:type=Admin,name=SpringApplication, attribute=Ready
2026-02-09 13:19:52 - DEBUG - sun.rmi.server.call - RMI TCP Connection(2)-127.0.0.1: [127.0.0.1] exception: 
javax.management.InstanceNotFoundException: org.springframework.boot:type=Admin,name=SpringApplication
	at java.management/com.sun.jmx.interceptor.DefaultMBeanServerInterceptor.getMBean(DefaultMBeanServerInterceptor.java:1088)
	at java.management/com.sun.jmx.interceptor.DefaultMBeanServerInterceptor.getAttribute(DefaultMBeanServerInterceptor.java:640)
	at java.management/com.sun.jmx.mbeanserver.JmxMBeanServer.getAttribute(JmxMBeanServer.java:679)
	at java.management.rmi/javax.management.remote.rmi.RMIConnectionImpl.doOperation(RMIConnectionImpl.java:1449)
	at java.management.rmi/javax.management.remote.rmi.RMIConnectionImpl$PrivilegedOperation.run(RMIConnectionImpl.java:1310)
	at java.management.rmi/javax.management.remote.rmi.RMIConnectionImpl.doPrivilegedOperation(RMIConnectionImpl.java:1405)
	at java.management.rmi/javax.management.remote.rmi.RMIConnectionImpl.getAttribute(RMIConnectionImpl.java:639)
	at java.base/jdk.internal.reflect.NativeMethodAccessorImpl.invoke0(Native Method)
	at java.base/jdk.internal.reflect.NativeMethodAccessorImpl.invoke(NativeMethodAccessorImpl.java:77)
	at java.base/jdk.internal.reflect.DelegatingMethodAccessorImpl.invoke(DelegatingMethodAccessorImpl.java:43)
	at java.base/java.lang.reflect.Method.invoke(Method.java:568)
	at java.rmi/sun.rmi.server.UnicastServerRef.dispatch(UnicastServerRef.java:360)
	at java.rmi/sun.rmi.transport.Transport$1.run(Transport.java:200)
	at java.rmi/sun.rmi.transport.Transport$1.run(Transport.java:197)
	at java.base/java.security.AccessController.doPrivileged(AccessController.java:712)
	at java.rmi/sun.rmi.transport.Transport.serviceCall(Transport.java:196)
	at java.rmi/sun.rmi.transport.tcp.TCPTransport.handleMessages(TCPTransport.java:587)
	at java.rmi/sun.rmi.transport.tcp.TCPTransport$ConnectionHandler.run0(TCPTransport.java:828)
	at java.rmi/sun.rmi.transport.tcp.TCPTransport$ConnectionHandler.lambda$run$0(TCPTransport.java:705)
	at java.base/java.security.AccessController.doPrivileged(AccessController.java:399)
	at java.rmi/sun.rmi.transport.tcp.TCPTransport$ConnectionHandler.run(TCPTransport.java:704)
	at java.base/java.util.concurrent.ThreadPoolExecutor.runWorker(ThreadPoolExecutor.java:1136)
	at java.base/java.util.concurrent.ThreadPoolExecutor$Worker.run(ThreadPoolExecutor.java:635)
	at java.base/java.lang.Thread.run(Thread.java:842)
2026-02-09 13:19:52 - INFO - o.s.d.r.c.RepositoryConfigurationDelegate - Bootstrapping Spring Data JPA repositories in DEFAULT mode.
2026-02-09 13:19:52 - DEBUG - o.s.b.f.s.DefaultListableBeanFactory - Creating shared instance of singleton bean 'org.springframework.boot.autoconfigure.AutoConfigurationPackages'
2026-02-09 13:19:52 - DEBUG - o.s.b.a.AutoConfigurationPackages - @EnableAutoConfiguration was declared on a class in the package 'com.enterpriseflow'. Automatic @Repository and @Entity scanning is enabled.
2026-02-09 13:19:52 - DEBUG - o.s.d.r.c.RepositoryConfigurationDelegate - Scanning for JPA repositories in packages com.enterpriseflow.
2026-02-09 13:19:53 - INFO - o.s.d.r.c.RepositoryConfigurationDelegate - Finished Spring Data repository scanning in 16 ms. Found 0 JPA repository interfaces.
2026-02-09 13:19:53 - DEBUG - sun.rmi.transport.tcp - RMI TCP Connection(2)-127.0.0.1: (port 65417) op = 82
2026-02-09 13:19:53 - DEBUG - sun.rmi.transport.tcp - RMI TCP Connection(2)-127.0.0.1: (port 65417) op = 80
2026-02-09 13:19:53 - DEBUG - sun.rmi.loader - RMI TCP Connection(2)-127.0.0.1: name = "javax.management.ObjectName", codebase = ""
2026-02-09 13:19:53 - DEBUG - javax.management.remote.rmi - connectionId=rmi://127.0.0.1  1, name=org.springframework.boot:type=Admin,name=SpringApplication, attribute=Ready
2026-02-09 13:19:53 - DEBUG - sun.rmi.server.call - RMI TCP Connection(2)-127.0.0.1: [127.0.0.1] exception: 
javax.management.InstanceNotFoundException: org.springframework.boot:type=Admin,name=SpringApplication
	at java.management/com.sun.jmx.interceptor.DefaultMBeanServerInterceptor.getMBean(DefaultMBeanServerInterceptor.java:1088)
	at java.management/com.sun.jmx.interceptor.DefaultMBeanServerInterceptor.getAttribute(DefaultMBeanServerInterceptor.java:640)
	at java.management/com.sun.jmx.mbeanserver.JmxMBeanServer.getAttribute(JmxMBeanServer.java:679)
	at java.management.rmi/javax.management.remote.rmi.RMIConnectionImpl.doOperation(RMIConnectionImpl.java:1449)
	at java.management.rmi/javax.management.remote.rmi.RMIConnectionImpl$PrivilegedOperation.run(RMIConnectionImpl.java:1310)
	at java.management.rmi/javax.management.remote.rmi.RMIConnectionImpl.doPrivilegedOperation(RMIConnectionImpl.java:1405)
	at java.management.rmi/javax.management.remote.rmi.RMIConnectionImpl.getAttribute(RMIConnectionImpl.java:639)
	at java.base/jdk.internal.reflect.NativeMethodAccessorImpl.invoke0(Native Method)
	at java.base/jdk.internal.reflect.NativeMethodAccessorImpl.invoke(NativeMethodAccessorImpl.java:77)
	at java.base/jdk.internal.reflect.DelegatingMethodAccessorImpl.invoke(DelegatingMethodAccessorImpl.java:43)
	at java.base/java.lang.reflect.Method.invoke(Method.java:568)
	at java.rmi/sun.rmi.server.UnicastServerRef.dispatch(UnicastServerRef.java:360)
	at java.rmi/sun.rmi.transport.Transport$1.run(Transport.java:200)
	at java.rmi/sun.rmi.transport.Transport$1.run(Transport.java:197)
	at java.base/java.security.AccessController.doPrivileged(AccessController.java:712)
	at java.rmi/sun.rmi.transport.Transport.serviceCall(Transport.java:196)
	at java.rmi/sun.rmi.transport.tcp.TCPTransport.handleMessages(TCPTransport.java:587)
	at java.rmi/sun.rmi.transport.tcp.TCPTransport$ConnectionHandler.run0(TCPTransport.java:828)
	at java.rmi/sun.rmi.transport.tcp.TCPTransport$ConnectionHandler.lambda$run$0(TCPTransport.java:705)
	at java.base/java.security.AccessController.doPrivileged(AccessController.java:399)
	at java.rmi/sun.rmi.transport.tcp.TCPTransport$ConnectionHandler.run(TCPTransport.java:704)
	at java.base/java.util.concurrent.ThreadPoolExecutor.runWorker(ThreadPoolExecutor.java:1136)
	at java.base/java.util.concurrent.ThreadPoolExecutor$Worker.run(ThreadPoolExecutor.java:635)
	at java.base/java.lang.Thread.run(Thread.java:842)
2026-02-09 13:19:53 - DEBUG - o.s.b.f.s.DefaultListableBeanFactory - Creating shared instance of singleton bean 'springSecurityPathPatternParserBeanDefinitionRegistryPostProcessor'
2026-02-09 13:19:53 - DEBUG - o.s.b.f.s.DefaultListableBeanFactory - Creating shared instance of singleton bean 'springSecurityHandlerMappingIntrospectorBeanDefinitionRegistryPostProcessor'
2026-02-09 13:19:53 - DEBUG - o.s.b.f.s.DefaultListableBeanFactory - Creating shared instance of singleton bean 'propertySourcesPlaceholderConfigurer'
2026-02-09 13:19:53 - DEBUG - o.s.b.f.s.DefaultListableBeanFactory - Creating shared instance of singleton bean 'emBeanDefinitionRegistrarPostProcessor'
2026-02-09 13:19:53 - DEBUG - o.s.b.f.s.DefaultListableBeanFactory - Creating shared instance of singleton bean 'org.springframework.boot.sql.init.dependency.DatabaseInitializationDependencyConfigurer$DependsOnDatabaseInitializationPostProcessor'
2026-02-09 13:19:53 - DEBUG - o.s.b.f.s.DefaultListableBeanFactory - Creating shared instance of singleton bean 'org.springframework.boot.devtools.autoconfigure.DevToolsDataSourceAutoConfiguration$DatabaseShutdownExecutorEntityManagerFactoryDependsOnPostProcessor'
2026-02-09 13:19:53 - DEBUG - o.s.b.f.s.DefaultListableBeanFactory - Creating shared instance of singleton bean 'org.springframework.context.event.internalEventListenerProcessor'
2026-02-09 13:19:53 - DEBUG - o.s.b.f.s.DefaultListableBeanFactory - Creating shared instance of singleton bean 'org.springframework.data.jpa.domain.support.AuditingBeanFactoryPostProcessor'
2026-02-09 13:19:53 - DEBUG - o.s.b.f.s.DefaultListableBeanFactory - Creating shared instance of singleton bean 'bootstrapExecutorAliasPostProcessor'
2026-02-09 13:19:53 - DEBUG - o.s.b.f.s.DefaultListableBeanFactory - Creating shared instance of singleton bean 'preserveErrorControllerTargetClassPostProcessor'
2026-02-09 13:19:53 - DEBUG - o.s.b.f.s.DefaultListableBeanFactory - Creating shared instance of singleton bean 'conversionServicePostProcessor'
2026-02-09 13:19:53 - DEBUG - o.s.b.f.s.DefaultListableBeanFactory - Creating shared instance of singleton bean 'org.springframework.context.event.internalEventListenerFactory'
2026-02-09 13:19:53 - DEBUG - o.s.b.f.s.DefaultListableBeanFactory - Creating shared instance of singleton bean 'org.springframework.transaction.config.internalTransactionalEventListenerFactory'
2026-02-09 13:19:53 - DEBUG - o.s.b.f.s.DefaultListableBeanFactory - Creating shared instance of singleton bean 'org.springframework.context.annotation.internalAutowiredAnnotationProcessor'
2026-02-09 13:19:53 - DEBUG - o.s.b.f.s.DefaultListableBeanFactory - Creating shared instance of singleton bean 'org.springframework.context.annotation.internalCommonAnnotationProcessor'
2026-02-09 13:19:53 - DEBUG - o.s.b.f.s.DefaultListableBeanFactory - Creating shared instance of singleton bean 'org.springframework.context.annotation.internalPersistenceAnnotationProcessor'
2026-02-09 13:19:53 - DEBUG - o.s.b.f.s.DefaultListableBeanFactory - Creating shared instance of singleton bean 'org.springframework.boot.context.properties.ConfigurationPropertiesBindingPostProcessor'
2026-02-09 13:19:53 - DEBUG - o.s.b.f.s.DefaultListableBeanFactory - Creating shared instance of singleton bean 'org.springframework.boot.context.internalConfigurationPropertiesBinder'
2026-02-09 13:19:53 - DEBUG - o.s.b.f.s.DefaultListableBeanFactory - Creating shared instance of singleton bean 'jdbcConnectionDetailsHikariBeanPostProcessor'
2026-02-09 13:19:53 - DEBUG - o.s.b.f.s.DefaultListableBeanFactory - Creating shared instance of singleton bean 'methodValidationPostProcessor'
2026-02-09 13:19:53 - DEBUG - o.s.b.f.s.DefaultListableBeanFactory - Autowiring by type from bean name 'methodValidationPostProcessor' via factory method to bean named 'environment'
2026-02-09 13:19:53 - DEBUG - o.s.b.f.s.DefaultListableBeanFactory - Creating shared instance of singleton bean 'org.springframework.boot.context.properties.EnableConfigurationPropertiesRegistrar.methodValidationExcludeFilter'
2026-02-09 13:19:53 - DEBUG - o.s.b.f.s.DefaultListableBeanFactory - Creating shared instance of singleton bean 'org.springframework.aop.config.internalAutoProxyCreator'
2026-02-09 13:19:53 - DEBUG - o.s.b.f.s.DefaultListableBeanFactory - Creating shared instance of singleton bean 'persistenceExceptionTranslationPostProcessor'
2026-02-09 13:19:53 - DEBUG - o.s.b.f.s.DefaultListableBeanFactory - Autowiring by type from bean name 'persistenceExceptionTranslationPostProcessor' via factory method to bean named 'environment'
2026-02-09 13:19:53 - DEBUG - o.s.b.f.s.DefaultListableBeanFactory - Creating shared instance of singleton bean 'webServerFactoryCustomizerBeanPostProcessor'
2026-02-09 13:19:53 - DEBUG - o.s.b.f.s.DefaultListableBeanFactory - Creating shared instance of singleton bean 'errorPageRegistrarBeanPostProcessor'
2026-02-09 13:19:53 - DEBUG - o.s.b.f.s.DefaultListableBeanFactory - Creating shared instance of singleton bean 'projectingArgumentResolverBeanPostProcessor'
2026-02-09 13:19:53 - DEBUG - o.s.b.f.s.DefaultListableBeanFactory - Creating shared instance of singleton bean 'org.springframework.transaction.config.internalTransactionAdvisor'
2026-02-09 13:19:53 - DEBUG - o.s.b.f.s.DefaultListableBeanFactory - Creating shared instance of singleton bean 'org.springframework.transaction.annotation.ProxyTransactionManagementConfiguration'
2026-02-09 13:19:53 - DEBUG - o.s.a.a.a.ReflectiveAspectJAdvisorFactory - Found AspectJ method: public void org.springframework.beans.factory.aspectj.AbstractDependencyInjectionAspect.ajc$before$org_springframework_beans_factory_aspectj_AbstractDependencyInjectionAspect$1$e854fa65(java.lang.Object)
2026-02-09 13:19:53 - DEBUG - o.s.a.a.a.ReflectiveAspectJAdvisorFactory - Found AspectJ method: public void org.springframework.beans.factory.aspectj.AbstractDependencyInjectionAspect.ajc$afterReturning$org_springframework_beans_factory_aspectj_AbstractDependencyInjectionAspect$2$1ea6722c(java.lang.Object)
2026-02-09 13:19:53 - DEBUG - o.s.a.a.a.ReflectiveAspectJAdvisorFactory - Found AspectJ method: public void org.springframework.beans.factory.aspectj.AbstractDependencyInjectionAspect.ajc$afterReturning$org_springframework_beans_factory_aspectj_AbstractDependencyInjectionAspect$3$6aa27052(java.lang.Object)
2026-02-09 13:19:53 - DEBUG - sun.rmi.transport.tcp - RMI TCP Connection(2)-127.0.0.1: (port 65417) op = 82
2026-02-09 13:19:53 - DEBUG - sun.rmi.transport.tcp - RMI TCP Connection(2)-127.0.0.1: (port 65417) op = 80
2026-02-09 13:19:53 - DEBUG - sun.rmi.loader - RMI TCP Connection(2)-127.0.0.1: name = "javax.management.ObjectName", codebase = ""
2026-02-09 13:19:53 - DEBUG - javax.management.remote.rmi - connectionId=rmi://127.0.0.1  1, name=org.springframework.boot:type=Admin,name=SpringApplication, attribute=Ready
2026-02-09 13:19:53 - DEBUG - sun.rmi.server.call - RMI TCP Connection(2)-127.0.0.1: [127.0.0.1] exception: 
javax.management.InstanceNotFoundException: org.springframework.boot:type=Admin,name=SpringApplication
	at java.management/com.sun.jmx.interceptor.DefaultMBeanServerInterceptor.getMBean(DefaultMBeanServerInterceptor.java:1088)
	at java.management/com.sun.jmx.interceptor.DefaultMBeanServerInterceptor.getAttribute(DefaultMBeanServerInterceptor.java:640)
	at java.management/com.sun.jmx.mbeanserver.JmxMBeanServer.getAttribute(JmxMBeanServer.java:679)
	at java.management.rmi/javax.management.remote.rmi.RMIConnectionImpl.doOperation(RMIConnectionImpl.java:1449)
	at java.management.rmi/javax.management.remote.rmi.RMIConnectionImpl$PrivilegedOperation.run(RMIConnectionImpl.java:1310)
	at java.management.rmi/javax.management.remote.rmi.RMIConnectionImpl.doPrivilegedOperation(RMIConnectionImpl.java:1405)
	at java.management.rmi/javax.management.remote.rmi.RMIConnectionImpl.getAttribute(RMIConnectionImpl.java:639)
	at java.base/jdk.internal.reflect.NativeMethodAccessorImpl.invoke0(Native Method)
	at java.base/jdk.internal.reflect.NativeMethodAccessorImpl.invoke(NativeMethodAccessorImpl.java:77)
	at java.base/jdk.internal.reflect.DelegatingMethodAccessorImpl.invoke(DelegatingMethodAccessorImpl.java:43)
	at java.base/java.lang.reflect.Method.invoke(Method.java:568)
	at java.rmi/sun.rmi.server.UnicastServerRef.dispatch(UnicastServerRef.java:360)
	at java.rmi/sun.rmi.transport.Transport$1.run(Transport.java:200)
	at java.rmi/sun.rmi.transport.Transport$1.run(Transport.java:197)
	at java.base/java.security.AccessController.doPrivileged(AccessController.java:712)
	at java.rmi/sun.rmi.transport.Transport.serviceCall(Transport.java:196)
	at java.rmi/sun.rmi.transport.tcp.TCPTransport.handleMessages(TCPTransport.java:587)
	at java.rmi/sun.rmi.transport.tcp.TCPTransport$ConnectionHandler.run0(TCPTransport.java:828)
	at java.rmi/sun.rmi.transport.tcp.TCPTransport$ConnectionHandler.lambda$run$0(TCPTransport.java:705)
	at java.base/java.security.AccessController.doPrivileged(AccessController.java:399)
	at java.rmi/sun.rmi.transport.tcp.TCPTransport$ConnectionHandler.run(TCPTransport.java:704)
	at java.base/java.util.concurrent.ThreadPoolExecutor.runWorker(ThreadPoolExecutor.java:1136)
	at java.base/java.util.concurrent.ThreadPoolExecutor$Worker.run(ThreadPoolExecutor.java:635)
	at java.base/java.lang.Thread.run(Thread.java:842)
2026-02-09 13:19:53 - DEBUG - o.s.a.a.AspectJExpressionPointcut - Pointcut parser rejected expression [(beanConstruction(bean) && (preConstructionCondition() && inConfigurableBean()))]: java.lang.IllegalArgumentException: error Type referred to is not an annotation type: Configurable
2026-02-09 13:19:53 - DEBUG - o.s.a.a.AspectJExpressionPointcut - Pointcut parser rejected expression [(beanConstruction(bean) && (postConstructionCondition() && inConfigurableBean()))]: java.lang.IllegalArgumentException: error Type referred to is not an annotation type: Configurable
2026-02-09 13:19:53 - DEBUG - o.s.a.a.AspectJExpressionPointcut - Pointcut parser rejected expression [(beanDeserialization(bean) && inConfigurableBean())]: java.lang.IllegalArgumentException: error Type referred to is not an annotation type: Configurable
2026-02-09 13:19:53 - DEBUG - o.s.b.f.s.DefaultListableBeanFactory - Creating shared instance of singleton bean 'transactionAttributeSource'
2026-02-09 13:19:53 - DEBUG - o.s.b.f.s.DefaultListableBeanFactory - Creating shared instance of singleton bean 'transactionInterceptor'
2026-02-09 13:19:53 - DEBUG - o.s.b.f.s.DefaultListableBeanFactory - Autowiring by type from bean name 'transactionInterceptor' via factory method to bean named 'transactionAttributeSource'
2026-02-09 13:19:53 - DEBUG - o.s.b.f.s.DefaultListableBeanFactory - Autowiring by type from bean name 'org.springframework.transaction.config.internalTransactionAdvisor' via factory method to bean named 'transactionAttributeSource'
2026-02-09 13:19:53 - DEBUG - o.s.b.f.s.DefaultListableBeanFactory - Autowiring by type from bean name 'org.springframework.transaction.config.internalTransactionAdvisor' via factory method to bean named 'transactionInterceptor'
2026-02-09 13:19:53 - DEBUG - o.s.u.c.s.UiApplicationContextUtils - Unable to locate ThemeSource with name 'themeSource': using default [org.springframework.ui.context.support.ResourceBundleThemeSource@2a908ad0]
2026-02-09 13:19:53 - DEBUG - o.s.b.f.s.DefaultListableBeanFactory - Creating shared instance of singleton bean 'tomcatServletWebServerFactory'
2026-02-09 13:19:53 - DEBUG - o.s.b.f.s.DefaultListableBeanFactory - Creating shared instance of singleton bean 'org.springframework.boot.autoconfigure.web.servlet.ServletWebServerFactoryConfiguration$EmbeddedTomcat'
2026-02-09 13:19:53 - DEBUG - o.s.b.f.s.DefaultListableBeanFactory - Creating shared instance of singleton bean 'websocketServletWebServerCustomizer'
2026-02-09 13:19:53 - DEBUG - o.s.b.f.s.DefaultListableBeanFactory - Creating shared instance of singleton bean 'org.springframework.boot.autoconfigure.websocket.servlet.WebSocketServletAutoConfiguration$TomcatWebSocketConfiguration'
2026-02-09 13:19:53 - DEBUG - o.s.b.f.s.DefaultListableBeanFactory - Creating shared instance of singleton bean 'tomcatServletWebServerFactoryCustomizer'
2026-02-09 13:19:53 - DEBUG - o.s.b.f.s.DefaultListableBeanFactory - Creating shared instance of singleton bean 'org.springframework.boot.autoconfigure.web.servlet.ServletWebServerFactoryAutoConfiguration$TomcatConfiguration'
2026-02-09 13:19:53 - DEBUG - o.s.b.f.s.DefaultListableBeanFactory - Creating shared instance of singleton bean 'server-org.springframework.boot.autoconfigure.web.ServerProperties'
2026-02-09 13:19:53 - DEBUG - o.s.b.f.s.DefaultListableBeanFactory - Creating shared instance of singleton bean 'org.springframework.boot.context.properties.BoundConfigurationProperties'
2026-02-09 13:19:53 - DEBUG - o.s.b.f.s.DefaultListableBeanFactory - Autowiring by type from bean name 'tomcatServletWebServerFactoryCustomizer' via factory method to bean named 'server-org.springframework.boot.autoconfigure.web.ServerProperties'
2026-02-09 13:19:53 - DEBUG - o.s.b.f.s.DefaultListableBeanFactory - Creating shared instance of singleton bean 'servletWebServerFactoryCustomizer'
2026-02-09 13:19:53 - DEBUG - o.s.b.f.s.DefaultListableBeanFactory - Creating shared instance of singleton bean 'org.springframework.boot.autoconfigure.web.servlet.ServletWebServerFactoryAutoConfiguration'
2026-02-09 13:19:53 - DEBUG - o.s.b.f.s.DefaultListableBeanFactory - Autowiring by type from bean name 'servletWebServerFactoryCustomizer' via factory method to bean named 'server-org.springframework.boot.autoconfigure.web.ServerProperties'
2026-02-09 13:19:53 - DEBUG - o.s.b.f.s.DefaultListableBeanFactory - Creating shared instance of singleton bean 'sslBundleRegistry'
2026-02-09 13:19:53 - DEBUG - o.s.b.f.s.DefaultListableBeanFactory - Creating shared instance of singleton bean 'org.springframework.boot.autoconfigure.ssl.SslAutoConfiguration'
2026-02-09 13:19:53 - DEBUG - o.s.b.f.s.DefaultListableBeanFactory - Creating shared instance of singleton bean 'spring.ssl-org.springframework.boot.autoconfigure.ssl.SslProperties'
2026-02-09 13:19:53 - DEBUG - o.s.b.f.s.DefaultListableBeanFactory - Autowiring by type from bean name 'org.springframework.boot.autoconfigure.ssl.SslAutoConfiguration' via constructor to bean named 'org.springframework.boot.web.servlet.context.AnnotationConfigServletWebServerApplicationContext@4f89f49e'
2026-02-09 13:19:53 - DEBUG - o.s.b.f.s.DefaultListableBeanFactory - Autowiring by type from bean name 'org.springframework.boot.autoconfigure.ssl.SslAutoConfiguration' via constructor to bean named 'spring.ssl-org.springframework.boot.autoconfigure.ssl.SslProperties'
2026-02-09 13:19:53 - DEBUG - o.s.b.f.s.DefaultListableBeanFactory - Creating shared instance of singleton bean 'sslPropertiesSslBundleRegistrar'
2026-02-09 13:19:53 - DEBUG - o.s.b.f.s.DefaultListableBeanFactory - Creating shared instance of singleton bean 'fileWatcher'
2026-02-09 13:19:53 - DEBUG - o.s.b.f.s.DefaultListableBeanFactory - Autowiring by type from bean name 'sslPropertiesSslBundleRegistrar' via factory method to bean named 'fileWatcher'
2026-02-09 13:19:54 - DEBUG - o.s.b.f.s.DefaultListableBeanFactory - Creating shared instance of singleton bean 'tomcatWebServerFactoryCustomizer'
2026-02-09 13:19:54 - DEBUG - o.s.b.f.s.DefaultListableBeanFactory - Creating shared instance of singleton bean 'org.springframework.boot.autoconfigure.web.embedded.EmbeddedWebServerFactoryCustomizerAutoConfiguration$TomcatWebServerFactoryCustomizerConfiguration'
2026-02-09 13:19:54 - DEBUG - o.s.b.f.s.DefaultListableBeanFactory - Autowiring by type from bean name 'tomcatWebServerFactoryCustomizer' via factory method to bean named 'environment'
2026-02-09 13:19:54 - DEBUG - o.s.b.f.s.DefaultListableBeanFactory - Autowiring by type from bean name 'tomcatWebServerFactoryCustomizer' via factory method to bean named 'server-org.springframework.boot.autoconfigure.web.ServerProperties'
2026-02-09 13:19:54 - DEBUG - o.s.b.f.s.DefaultListableBeanFactory - Creating shared instance of singleton bean 'localeCharsetMappingsCustomizer'
2026-02-09 13:19:54 - DEBUG - o.s.b.f.s.DefaultListableBeanFactory - Creating shared instance of singleton bean 'org.springframework.boot.autoconfigure.web.servlet.HttpEncodingAutoConfiguration'
2026-02-09 13:19:54 - DEBUG - o.s.b.f.s.DefaultListableBeanFactory - Autowiring by type from bean name 'org.springframework.boot.autoconfigure.web.servlet.HttpEncodingAutoConfiguration' via constructor to bean named 'server-org.springframework.boot.autoconfigure.web.ServerProperties'
2026-02-09 13:19:54 - DEBUG - o.s.b.f.s.DefaultListableBeanFactory - Creating shared instance of singleton bean 'errorPageCustomizer'
2026-02-09 13:19:54 - DEBUG - o.s.b.f.s.DefaultListableBeanFactory - Creating shared instance of singleton bean 'org.springframework.boot.autoconfigure.web.servlet.error.ErrorMvcAutoConfiguration'
2026-02-09 13:19:54 - DEBUG - o.s.b.f.s.DefaultListableBeanFactory - Autowiring by type from bean name 'org.springframework.boot.autoconfigure.web.servlet.error.ErrorMvcAutoConfiguration' via constructor to bean named 'server-org.springframework.boot.autoconfigure.web.ServerProperties'
2026-02-09 13:19:54 - DEBUG - o.s.b.f.s.DefaultListableBeanFactory - Creating shared instance of singleton bean 'dispatcherServletRegistration'
2026-02-09 13:19:54 - DEBUG - o.s.b.f.s.DefaultListableBeanFactory - Creating shared instance of singleton bean 'org.springframework.boot.autoconfigure.web.servlet.DispatcherServletAutoConfiguration$DispatcherServletRegistrationConfiguration'
2026-02-09 13:19:54 - DEBUG - o.s.b.f.s.DefaultListableBeanFactory - Creating shared instance of singleton bean 'dispatcherServlet'
2026-02-09 13:19:54 - DEBUG - o.s.b.f.s.DefaultListableBeanFactory - Creating shared instance of singleton bean 'org.springframework.boot.autoconfigure.web.servlet.DispatcherServletAutoConfiguration$DispatcherServletConfiguration'
2026-02-09 13:19:54 - DEBUG - o.s.b.f.s.DefaultListableBeanFactory - Creating shared instance of singleton bean 'spring.mvc-org.springframework.boot.autoconfigure.web.servlet.WebMvcProperties'
2026-02-09 13:19:54 - DEBUG - o.s.b.f.s.DefaultListableBeanFactory - Autowiring by type from bean name 'dispatcherServlet' via factory method to bean named 'spring.mvc-org.springframework.boot.autoconfigure.web.servlet.WebMvcProperties'
2026-02-09 13:19:54 - DEBUG - o.s.b.f.s.DefaultListableBeanFactory - Autowiring by type from bean name 'dispatcherServletRegistration' via factory method to bean named 'dispatcherServlet'
2026-02-09 13:19:54 - DEBUG - o.s.b.f.s.DefaultListableBeanFactory - Autowiring by type from bean name 'dispatcherServletRegistration' via factory method to bean named 'spring.mvc-org.springframework.boot.autoconfigure.web.servlet.WebMvcProperties'
2026-02-09 13:19:54 - DEBUG - o.s.b.f.s.DefaultListableBeanFactory - Creating shared instance of singleton bean 'multipartConfigElement'
2026-02-09 13:19:54 - DEBUG - o.s.b.f.s.DefaultListableBeanFactory - Creating shared instance of singleton bean 'org.springframework.boot.autoconfigure.web.servlet.MultipartAutoConfiguration'
2026-02-09 13:19:54 - DEBUG - o.s.b.f.s.DefaultListableBeanFactory - Creating shared instance of singleton bean 'spring.servlet.multipart-org.springframework.boot.autoconfigure.web.servlet.MultipartProperties'
2026-02-09 13:19:54 - DEBUG - o.s.b.f.s.DefaultListableBeanFactory - Autowiring by type from bean name 'org.springframework.boot.autoconfigure.web.servlet.MultipartAutoConfiguration' via constructor to bean named 'spring.servlet.multipart-org.springframework.boot.autoconfigure.web.servlet.MultipartProperties'
2026-02-09 13:19:54 - DEBUG - o.s.b.f.s.DefaultListableBeanFactory - Autowiring by type from bean name 'errorPageCustomizer' via factory method to bean named 'dispatcherServletRegistration'
2026-02-09 13:19:54 - DEBUG - o.a.tomcat.util.compat.Jre19Compat - Class not found so assuming code is running on a pre-Java 19 JVM
java.lang.ClassNotFoundException: java.lang.WrongThreadException
	at java.base/jdk.internal.loader.BuiltinClassLoader.loadClass(BuiltinClassLoader.java:641)
	at java.base/jdk.internal.loader.ClassLoaders$AppClassLoader.loadClass(ClassLoaders.java:188)
	at java.base/java.lang.ClassLoader.loadClass(ClassLoader.java:525)
	at java.base/java.lang.Class.forName0(Native Method)
	at java.base/java.lang.Class.forName(Class.java:375)
	at org.apache.tomcat.util.compat.Jre19Compat.<clinit>(Jre19Compat.java:37)
	at org.apache.tomcat.util.compat.JreCompat.<clinit>(JreCompat.java:75)
	at org.apache.catalina.startup.Tomcat.<clinit>(Tomcat.java:1196)
	at org.springframework.boot.web.embedded.tomcat.TomcatServletWebServerFactory.getWebServer(TomcatServletWebServerFactory.java:200)
	at org.springframework.boot.web.servlet.context.ServletWebServerApplicationContext.createWebServer(ServletWebServerApplicationContext.java:193)
	at org.springframework.boot.web.servlet.context.ServletWebServerApplicationContext.onRefresh(ServletWebServerApplicationContext.java:167)
	at org.springframework.context.support.AbstractApplicationContext.refresh(AbstractApplicationContext.java:621)
	at org.springframework.boot.web.servlet.context.ServletWebServerApplicationContext.refresh(ServletWebServerApplicationContext.java:146)
	at org.springframework.boot.SpringApplication.refresh(SpringApplication.java:752)
	at org.springframework.boot.SpringApplication.refreshContext(SpringApplication.java:439)
	at org.springframework.boot.SpringApplication.run(SpringApplication.java:318)
	at org.springframework.boot.SpringApplication.run(SpringApplication.java:1361)
	at org.springframework.boot.SpringApplication.run(SpringApplication.java:1350)
	at com.enterpriseflow.EnterpriseflowApplication.main(EnterpriseflowApplication.java:10)
	at java.base/jdk.internal.reflect.NativeMethodAccessorImpl.invoke0(Native Method)
	at java.base/jdk.internal.reflect.NativeMethodAccessorImpl.invoke(NativeMethodAccessorImpl.java:77)
	at java.base/jdk.internal.reflect.DelegatingMethodAccessorImpl.invoke(DelegatingMethodAccessorImpl.java:43)
	at java.base/java.lang.reflect.Method.invoke(Method.java:568)
	at org.springframework.boot.devtools.restart.RestartLauncher.run(RestartLauncher.java:50)
2026-02-09 13:19:54 - DEBUG - o.a.tomcat.util.compat.Jre20Compat - null
java.lang.NoSuchMethodException: javax.net.ssl.SSLParameters.setNamedGroups([Ljava.lang.String;)
	at java.base/java.lang.Class.getMethod(Class.java:2227)
	at org.apache.tomcat.util.compat.Jre20Compat.<clinit>(Jre20Compat.java:41)
	at org.apache.tomcat.util.compat.JreCompat.<clinit>(JreCompat.java:75)
	at org.apache.catalina.startup.Tomcat.<clinit>(Tomcat.java:1196)
	at org.springframework.boot.web.embedded.tomcat.TomcatServletWebServerFactory.getWebServer(TomcatServletWebServerFactory.java:200)
	at org.springframework.boot.web.servlet.context.ServletWebServerApplicationContext.createWebServer(ServletWebServerApplicationContext.java:193)
	at org.springframework.boot.web.servlet.context.ServletWebServerApplicationContext.onRefresh(ServletWebServerApplicationContext.java:167)
	at org.springframework.context.support.AbstractApplicationContext.refresh(AbstractApplicationContext.java:621)
	at org.springframework.boot.web.servlet.context.ServletWebServerApplicationContext.refresh(ServletWebServerApplicationContext.java:146)
	at org.springframework.boot.SpringApplication.refresh(SpringApplication.java:752)
	at org.springframework.boot.SpringApplication.refreshContext(SpringApplication.java:439)
	at org.springframework.boot.SpringApplication.run(SpringApplication.java:318)
	at org.springframework.boot.SpringApplication.run(SpringApplication.java:1361)
	at org.springframework.boot.SpringApplication.run(SpringApplication.java:1350)
	at com.enterpriseflow.EnterpriseflowApplication.main(EnterpriseflowApplication.java:10)
	at java.base/jdk.internal.reflect.NativeMethodAccessorImpl.invoke0(Native Method)
	at java.base/jdk.internal.reflect.NativeMethodAccessorImpl.invoke(NativeMethodAccessorImpl.java:77)
	at java.base/jdk.internal.reflect.DelegatingMethodAccessorImpl.invoke(DelegatingMethodAccessorImpl.java:43)
	at java.base/java.lang.reflect.Method.invoke(Method.java:568)
	at org.springframework.boot.devtools.restart.RestartLauncher.run(RestartLauncher.java:50)
2026-02-09 13:19:54 - DEBUG - o.a.tomcat.util.compat.Jre21Compat - Class not found so assuming code is running on a pre-Java 21 JVM
java.lang.ClassNotFoundException: java.util.SequencedCollection
	at java.base/jdk.internal.loader.BuiltinClassLoader.loadClass(BuiltinClassLoader.java:641)
	at java.base/jdk.internal.loader.ClassLoaders$AppClassLoader.loadClass(ClassLoaders.java:188)
	at java.base/java.lang.ClassLoader.loadClass(ClassLoader.java:525)
	at java.base/java.lang.Class.forName0(Native Method)
	at java.base/java.lang.Class.forName(Class.java:375)
	at org.apache.tomcat.util.compat.Jre21Compat.<clinit>(Jre21Compat.java:53)
	at org.apache.tomcat.util.compat.JreCompat.<clinit>(JreCompat.java:75)
	at org.apache.catalina.startup.Tomcat.<clinit>(Tomcat.java:1196)
	at org.springframework.boot.web.embedded.tomcat.TomcatServletWebServerFactory.getWebServer(TomcatServletWebServerFactory.java:200)
	at org.springframework.boot.web.servlet.context.ServletWebServerApplicationContext.createWebServer(ServletWebServerApplicationContext.java:193)
	at org.springframework.boot.web.servlet.context.ServletWebServerApplicationContext.onRefresh(ServletWebServerApplicationContext.java:167)
	at org.springframework.context.support.AbstractApplicationContext.refresh(AbstractApplicationContext.java:621)
	at org.springframework.boot.web.servlet.context.ServletWebServerApplicationContext.refresh(ServletWebServerApplicationContext.java:146)
	at org.springframework.boot.SpringApplication.refresh(SpringApplication.java:752)
	at org.springframework.boot.SpringApplication.refreshContext(SpringApplication.java:439)
	at org.springframework.boot.SpringApplication.run(SpringApplication.java:318)
	at org.springframework.boot.SpringApplication.run(SpringApplication.java:1361)
	at org.springframework.boot.SpringApplication.run(SpringApplication.java:1350)
	at com.enterpriseflow.EnterpriseflowApplication.main(EnterpriseflowApplication.java:10)
	at java.base/jdk.internal.reflect.NativeMethodAccessorImpl.invoke0(Native Method)
	at java.base/jdk.internal.reflect.NativeMethodAccessorImpl.invoke(NativeMethodAccessorImpl.java:77)
	at java.base/jdk.internal.reflect.DelegatingMethodAccessorImpl.invoke(DelegatingMethodAccessorImpl.java:43)
	at java.base/java.lang.reflect.Method.invoke(Method.java:568)
	at org.springframework.boot.devtools.restart.RestartLauncher.run(RestartLauncher.java:50)
2026-02-09 13:19:54 - DEBUG - o.a.tomcat.util.compat.Jre22Compat - Class not found so assuming code is running on a pre-Java 22 JVM
java.lang.ClassNotFoundException: java.text.ListFormat
	at java.base/jdk.internal.loader.BuiltinClassLoader.loadClass(BuiltinClassLoader.java:641)
	at java.base/jdk.internal.loader.ClassLoaders$AppClassLoader.loadClass(ClassLoaders.java:188)
	at java.base/java.lang.ClassLoader.loadClass(ClassLoader.java:525)
	at java.base/java.lang.Class.forName0(Native Method)
	at java.base/java.lang.Class.forName(Class.java:375)
	at org.apache.tomcat.util.compat.Jre22Compat.<clinit>(Jre22Compat.java:37)
	at org.apache.tomcat.util.compat.JreCompat.<clinit>(JreCompat.java:75)
	at org.apache.catalina.startup.Tomcat.<clinit>(Tomcat.java:1196)
	at org.springframework.boot.web.embedded.tomcat.TomcatServletWebServerFactory.getWebServer(TomcatServletWebServerFactory.java:200)
	at org.springframework.boot.web.servlet.context.ServletWebServerApplicationContext.createWebServer(ServletWebServerApplicationContext.java:193)
	at org.springframework.boot.web.servlet.context.ServletWebServerApplicationContext.onRefresh(ServletWebServerApplicationContext.java:167)
	at org.springframework.context.support.AbstractApplicationContext.refresh(AbstractApplicationContext.java:621)
	at org.springframework.boot.web.servlet.context.ServletWebServerApplicationContext.refresh(ServletWebServerApplicationContext.java:146)
	at org.springframework.boot.SpringApplication.refresh(SpringApplication.java:752)
	at org.springframework.boot.SpringApplication.refreshContext(SpringApplication.java:439)
	at org.springframework.boot.SpringApplication.run(SpringApplication.java:318)
	at org.springframework.boot.SpringApplication.run(SpringApplication.java:1361)
	at org.springframework.boot.SpringApplication.run(SpringApplication.java:1350)
	at com.enterpriseflow.EnterpriseflowApplication.main(EnterpriseflowApplication.java:10)
	at java.base/jdk.internal.reflect.NativeMethodAccessorImpl.invoke0(Native Method)
	at java.base/jdk.internal.reflect.NativeMethodAccessorImpl.invoke(NativeMethodAccessorImpl.java:77)
	at java.base/jdk.internal.reflect.DelegatingMethodAccessorImpl.invoke(DelegatingMethodAccessorImpl.java:43)
	at java.base/java.lang.reflect.Method.invoke(Method.java:568)
	at org.springframework.boot.devtools.restart.RestartLauncher.run(RestartLauncher.java:50)
2026-02-09 13:19:54 - DEBUG - sun.rmi.transport.tcp - RMI TCP Connection(2)-127.0.0.1: (port 65417) op = 82
2026-02-09 13:19:54 - DEBUG - sun.rmi.transport.tcp - RMI TCP Connection(2)-127.0.0.1: (port 65417) op = 80
2026-02-09 13:19:54 - DEBUG - sun.rmi.loader - RMI TCP Connection(2)-127.0.0.1: name = "javax.management.ObjectName", codebase = ""
2026-02-09 13:19:54 - DEBUG - javax.management.remote.rmi - connectionId=rmi://127.0.0.1  1, name=org.springframework.boot:type=Admin,name=SpringApplication, attribute=Ready
2026-02-09 13:19:54 - DEBUG - sun.rmi.server.call - RMI TCP Connection(2)-127.0.0.1: [127.0.0.1] exception: 
javax.management.InstanceNotFoundException: org.springframework.boot:type=Admin,name=SpringApplication
	at java.management/com.sun.jmx.interceptor.DefaultMBeanServerInterceptor.getMBean(DefaultMBeanServerInterceptor.java:1088)
	at java.management/com.sun.jmx.interceptor.DefaultMBeanServerInterceptor.getAttribute(DefaultMBeanServerInterceptor.java:640)
	at java.management/com.sun.jmx.mbeanserver.JmxMBeanServer.getAttribute(JmxMBeanServer.java:679)
	at java.management.rmi/javax.management.remote.rmi.RMIConnectionImpl.doOperation(RMIConnectionImpl.java:1449)
	at java.management.rmi/javax.management.remote.rmi.RMIConnectionImpl$PrivilegedOperation.run(RMIConnectionImpl.java:1310)
	at java.management.rmi/javax.management.remote.rmi.RMIConnectionImpl.doPrivilegedOperation(RMIConnectionImpl.java:1405)
	at java.management.rmi/javax.management.remote.rmi.RMIConnectionImpl.getAttribute(RMIConnectionImpl.java:639)
	at java.base/jdk.internal.reflect.NativeMethodAccessorImpl.invoke0(Native Method)
	at java.base/jdk.internal.reflect.NativeMethodAccessorImpl.invoke(NativeMethodAccessorImpl.java:77)
	at java.base/jdk.internal.reflect.DelegatingMethodAccessorImpl.invoke(DelegatingMethodAccessorImpl.java:43)
	at java.base/java.lang.reflect.Method.invoke(Method.java:568)
	at java.rmi/sun.rmi.server.UnicastServerRef.dispatch(UnicastServerRef.java:360)
	at java.rmi/sun.rmi.transport.Transport$1.run(Transport.java:200)
	at java.rmi/sun.rmi.transport.Transport$1.run(Transport.java:197)
	at java.base/java.security.AccessController.doPrivileged(AccessController.java:712)
	at java.rmi/sun.rmi.transport.Transport.serviceCall(Transport.java:196)
	at java.rmi/sun.rmi.transport.tcp.TCPTransport.handleMessages(TCPTransport.java:587)
	at java.rmi/sun.rmi.transport.tcp.TCPTransport$ConnectionHandler.run0(TCPTransport.java:828)
	at java.rmi/sun.rmi.transport.tcp.TCPTransport$ConnectionHandler.lambda$run$0(TCPTransport.java:705)
	at java.base/java.security.AccessController.doPrivileged(AccessController.java:399)
	at java.rmi/sun.rmi.transport.tcp.TCPTransport$ConnectionHandler.run(TCPTransport.java:704)
	at java.base/java.util.concurrent.ThreadPoolExecutor.runWorker(ThreadPoolExecutor.java:1136)
	at java.base/java.util.concurrent.ThreadPoolExecutor$Worker.run(ThreadPoolExecutor.java:635)
	at java.base/java.lang.Thread.run(Thread.java:842)
2026-02-09 13:19:54 - DEBUG - o.apache.catalina.core.ContainerBase - Add container child [StandardHost[localhost]] to container [StandardEngine[Tomcat]]
2026-02-09 13:19:54 - DEBUG - o.s.b.w.e.t.TomcatServletWebServerFactory - Code archive: C:\Users\kalim\.m2\repository\org\springframework\boot\spring-boot\3.5.10\spring-boot-3.5.10.jar
2026-02-09 13:19:54 - DEBUG - o.s.b.w.e.t.TomcatServletWebServerFactory - Code archive: C:\Users\kalim\.m2\repository\org\springframework\boot\spring-boot\3.5.10\spring-boot-3.5.10.jar
2026-02-09 13:19:54 - DEBUG - o.s.b.w.e.t.TomcatServletWebServerFactory - None of the document roots [src/main/webapp, public, static] point to a directory and will be ignored.
2026-02-09 13:19:54 - DEBUG - o.apache.catalina.core.ContainerBase - Add container child [TomcatEmbeddedContext[]] to container [StandardEngine[Tomcat].StandardHost[localhost]]
2026-02-09 13:19:54 - INFO - o.s.b.w.e.tomcat.TomcatWebServer - Tomcat initialized with port 8080 (http)
2026-02-09 13:19:54 - DEBUG - o.apache.catalina.util.LifecycleBase - Setting state for [StandardServer[-1]] to [INITIALIZING]
2026-02-09 13:19:54 - DEBUG - o.apache.catalina.util.LifecycleBase - Setting state for [org.apache.catalina.deploy.NamingResourcesImpl@797db581] to [INITIALIZING]
2026-02-09 13:19:54 - DEBUG - o.apache.catalina.util.LifecycleBase - Setting state for [org.apache.catalina.deploy.NamingResourcesImpl@797db581] to [INITIALIZED]
2026-02-09 13:19:54 - DEBUG - o.apache.catalina.util.LifecycleBase - Setting state for [StandardService[Tomcat]] to [INITIALIZING]
2026-02-09 13:19:54 - DEBUG - o.apache.catalina.util.LifecycleBase - Setting state for [StandardEngine[Tomcat]] to [INITIALIZING]
2026-02-09 13:19:54 - DEBUG - o.apache.catalina.util.LifecycleBase - Setting state for [StandardEngine[Tomcat]] to [INITIALIZED]
2026-02-09 13:19:54 - DEBUG - o.apache.catalina.util.LifecycleBase - Setting state for [org.apache.catalina.mapper.MapperListener@378cf9a6] to [INITIALIZING]
2026-02-09 13:19:54 - DEBUG - o.apache.catalina.util.LifecycleBase - Setting state for [org.apache.catalina.mapper.MapperListener@378cf9a6] to [INITIALIZED]
2026-02-09 13:19:54 - DEBUG - o.apache.catalina.util.LifecycleBase - Setting state for [Connector["http-nio-8080"]] to [INITIALIZING]
2026-02-09 13:19:54 - INFO - o.a.coyote.http11.Http11NioProtocol - Initializing ProtocolHandler ["http-nio-8080"]
2026-02-09 13:19:54 - DEBUG - o.apache.catalina.util.LifecycleBase - Setting state for [Connector["http-nio-8080"]] to [INITIALIZED]
2026-02-09 13:19:54 - DEBUG - o.apache.catalina.util.LifecycleBase - Setting state for [StandardService[Tomcat]] to [INITIALIZED]
2026-02-09 13:19:54 - DEBUG - o.apache.catalina.util.LifecycleBase - Setting state for [StandardServer[-1]] to [INITIALIZED]
2026-02-09 13:19:54 - DEBUG - o.apache.catalina.util.LifecycleBase - Setting state for [StandardServer[-1]] to [STARTING_PREP]
2026-02-09 13:19:54 - DEBUG - o.apache.catalina.util.LifecycleBase - Setting state for [StandardServer[-1]] to [STARTING]
2026-02-09 13:19:54 - DEBUG - o.apache.catalina.util.LifecycleBase - Setting state for [org.apache.catalina.deploy.NamingResourcesImpl@797db581] to [STARTING_PREP]
2026-02-09 13:19:54 - DEBUG - o.apache.catalina.util.LifecycleBase - Setting state for [org.apache.catalina.deploy.NamingResourcesImpl@797db581] to [STARTING]
2026-02-09 13:19:54 - DEBUG - o.apache.catalina.util.LifecycleBase - Setting state for [org.apache.catalina.deploy.NamingResourcesImpl@797db581] to [STARTED]
2026-02-09 13:19:54 - DEBUG - o.apache.catalina.util.LifecycleBase - Setting state for [StandardService[Tomcat]] to [STARTING_PREP]
2026-02-09 13:19:54 - INFO - o.a.catalina.core.StandardService - Starting service [Tomcat]
2026-02-09 13:19:54 - DEBUG - o.apache.catalina.util.LifecycleBase - Setting state for [StandardService[Tomcat]] to [STARTING]
2026-02-09 13:19:54 - DEBUG - o.apache.catalina.util.LifecycleBase - Setting state for [StandardEngine[Tomcat]] to [STARTING_PREP]
2026-02-09 13:19:54 - INFO - o.a.catalina.core.StandardEngine - Starting Servlet engine: [Apache Tomcat/10.1.50]
2026-02-09 13:19:54 - DEBUG - o.apache.catalina.util.LifecycleBase - Setting state for [SimpleRealm[StandardEngine[Tomcat]]] to [INITIALIZING]
2026-02-09 13:19:54 - DEBUG - o.apache.catalina.util.LifecycleBase - Setting state for [SimpleRealm[StandardEngine[Tomcat]]] to [INITIALIZED]
2026-02-09 13:19:54 - DEBUG - o.apache.catalina.util.LifecycleBase - Setting state for [SimpleRealm[StandardEngine[Tomcat]]] to [STARTING_PREP]
2026-02-09 13:19:54 - DEBUG - o.apache.catalina.util.LifecycleBase - Setting state for [SimpleRealm[StandardEngine[Tomcat]]] to [STARTING]
2026-02-09 13:19:54 - DEBUG - o.apache.catalina.util.LifecycleBase - Setting state for [SimpleRealm[StandardEngine[Tomcat]]] to [STARTED]
2026-02-09 13:19:54 - DEBUG - o.apache.catalina.util.LifecycleBase - Setting state for [StandardEngine[Tomcat].StandardHost[localhost]] to [INITIALIZING]
2026-02-09 13:19:54 - DEBUG - o.apache.catalina.util.LifecycleBase - Setting state for [StandardEngine[Tomcat].StandardHost[localhost]] to [INITIALIZED]
2026-02-09 13:19:54 - DEBUG - o.apache.catalina.util.LifecycleBase - Setting state for [StandardEngine[Tomcat].StandardHost[localhost]] to [STARTING_PREP]
2026-02-09 13:19:54 - DEBUG - o.apache.catalina.util.LifecycleBase - Setting state for [StandardEngine[Tomcat].StandardHost[localhost].TomcatEmbeddedContext[]] to [INITIALIZING]
2026-02-09 13:19:54 - DEBUG - o.apache.catalina.util.LifecycleBase - Setting state for [StandardEngine[Tomcat].StandardHost[localhost].TomcatEmbeddedContext[]] to [INITIALIZED]
2026-02-09 13:19:54 - DEBUG - o.apache.catalina.util.LifecycleBase - Setting state for [StandardEngine[Tomcat].StandardHost[localhost].TomcatEmbeddedContext[]] to [STARTING_PREP]
2026-02-09 13:19:54 - DEBUG - o.apache.catalina.util.LifecycleBase - Setting state for [org.apache.catalina.webresources.StandardRoot@6ba90d01] to [INITIALIZING]
2026-02-09 13:19:54 - DEBUG - o.apache.catalina.util.LifecycleBase - Setting state for [org.apache.catalina.webresources.StandardRoot@6ba90d01] to [INITIALIZED]
2026-02-09 13:19:54 - DEBUG - o.apache.catalina.util.LifecycleBase - Setting state for [org.apache.catalina.webresources.StandardRoot@6ba90d01] to [STARTING_PREP]
2026-02-09 13:19:54 - DEBUG - o.apache.catalina.util.LifecycleBase - Setting state for [org.apache.catalina.webresources.DirResourceSet@238bba45] to [INITIALIZING]
2026-02-09 13:19:54 - DEBUG - o.apache.catalina.util.LifecycleBase - Setting state for [org.apache.catalina.webresources.DirResourceSet@238bba45] to [INITIALIZED]
2026-02-09 13:19:54 - DEBUG - o.apache.catalina.util.LifecycleBase - Setting state for [org.apache.catalina.webresources.DirResourceSet@238bba45] to [STARTING_PREP]
2026-02-09 13:19:54 - DEBUG - o.apache.catalina.util.LifecycleBase - Setting state for [org.apache.catalina.webresources.DirResourceSet@238bba45] to [STARTING]
2026-02-09 13:19:54 - DEBUG - o.apache.catalina.util.LifecycleBase - Setting state for [org.apache.catalina.webresources.DirResourceSet@238bba45] to [STARTED]
2026-02-09 13:19:54 - DEBUG - o.apache.catalina.util.LifecycleBase - Setting state for [org.apache.catalina.webresources.StandardRoot@6ba90d01] to [STARTING]
2026-02-09 13:19:54 - DEBUG - o.apache.catalina.util.LifecycleBase - Setting state for [org.apache.catalina.webresources.StandardRoot@6ba90d01] to [STARTED]
2026-02-09 13:19:54 - DEBUG - o.apache.catalina.util.LifecycleBase - Setting state for [WebappLoader[StandardEngine[Tomcat].StandardHost[localhost].TomcatEmbeddedContext[]]] to [INITIALIZING]
2026-02-09 13:19:54 - DEBUG - o.apache.catalina.util.LifecycleBase - Setting state for [WebappLoader[StandardEngine[Tomcat].StandardHost[localhost].TomcatEmbeddedContext[]]] to [INITIALIZED]
2026-02-09 13:19:54 - DEBUG - o.apache.catalina.util.LifecycleBase - Setting state for [WebappLoader[StandardEngine[Tomcat].StandardHost[localhost].TomcatEmbeddedContext[]]] to [STARTING_PREP]
2026-02-09 13:19:54 - DEBUG - o.a.catalina.loader.WebappLoader - Starting this Loader
2026-02-09 13:19:54 - DEBUG - o.apache.catalina.webresources.Cache - Increased cache size by [531] for item [org.apache.catalina.webresources.CachedResource@2638801c] at [/WEB-INF/classes] making total cache size [531]
2026-02-09 13:19:54 - DEBUG - o.apache.catalina.util.LifecycleBase - Setting state for [WebappLoader[StandardEngine[Tomcat].StandardHost[localhost].TomcatEmbeddedContext[]]] to [STARTING]
2026-02-09 13:19:54 - DEBUG - o.apache.catalina.util.LifecycleBase - Setting state for [WebappLoader[StandardEngine[Tomcat].StandardHost[localhost].TomcatEmbeddedContext[]]] to [STARTED]
2026-02-09 13:19:54 - DEBUG - o.apache.catalina.util.LifecycleBase - Setting state for [StandardPipeline[StandardEngine[Tomcat].StandardHost[localhost].TomcatEmbeddedContext[]]] to [INITIALIZING]
2026-02-09 13:19:54 - DEBUG - o.apache.catalina.util.LifecycleBase - Setting state for [StandardPipeline[StandardEngine[Tomcat].StandardHost[localhost].TomcatEmbeddedContext[]]] to [INITIALIZED]
2026-02-09 13:19:54 - DEBUG - o.apache.catalina.util.LifecycleBase - Setting state for [StandardPipeline[StandardEngine[Tomcat].StandardHost[localhost].TomcatEmbeddedContext[]]] to [STARTING_PREP]
2026-02-09 13:19:54 - DEBUG - o.apache.catalina.util.LifecycleBase - Setting state for [NonLoginAuthenticator[StandardEngine[Tomcat].StandardHost[localhost].TomcatEmbeddedContext[]]] to [INITIALIZING]
2026-02-09 13:19:54 - DEBUG - o.apache.catalina.util.LifecycleBase - Setting state for [NonLoginAuthenticator[StandardEngine[Tomcat].StandardHost[localhost].TomcatEmbeddedContext[]]] to [INITIALIZED]
2026-02-09 13:19:54 - DEBUG - o.apache.catalina.util.LifecycleBase - Setting state for [NonLoginAuthenticator[StandardEngine[Tomcat].StandardHost[localhost].TomcatEmbeddedContext[]]] to [STARTING_PREP]
2026-02-09 13:19:54 - DEBUG - o.apache.catalina.util.LifecycleBase - Setting state for [NonLoginAuthenticator[StandardEngine[Tomcat].StandardHost[localhost].TomcatEmbeddedContext[]]] to [STARTING]
2026-02-09 13:19:54 - DEBUG - o.apache.catalina.util.LifecycleBase - Setting state for [NonLoginAuthenticator[StandardEngine[Tomcat].StandardHost[localhost].TomcatEmbeddedContext[]]] to [STARTED]
2026-02-09 13:19:54 - DEBUG - o.apache.catalina.util.LifecycleBase - Setting state for [StandardContextValve[StandardEngine[Tomcat].StandardHost[localhost].TomcatEmbeddedContext[]]] to [INITIALIZING]
2026-02-09 13:19:54 - DEBUG - o.apache.catalina.util.LifecycleBase - Setting state for [StandardContextValve[StandardEngine[Tomcat].StandardHost[localhost].TomcatEmbeddedContext[]]] to [INITIALIZED]
2026-02-09 13:19:54 - DEBUG - o.apache.catalina.util.LifecycleBase - Setting state for [StandardContextValve[StandardEngine[Tomcat].StandardHost[localhost].TomcatEmbeddedContext[]]] to [STARTING_PREP]
2026-02-09 13:19:54 - DEBUG - o.apache.catalina.util.LifecycleBase - Setting state for [StandardContextValve[StandardEngine[Tomcat].StandardHost[localhost].TomcatEmbeddedContext[]]] to [STARTING]
2026-02-09 13:19:54 - DEBUG - o.apache.catalina.util.LifecycleBase - Setting state for [StandardContextValve[StandardEngine[Tomcat].StandardHost[localhost].TomcatEmbeddedContext[]]] to [STARTED]
2026-02-09 13:19:54 - DEBUG - o.apache.catalina.util.LifecycleBase - Setting state for [StandardPipeline[StandardEngine[Tomcat].StandardHost[localhost].TomcatEmbeddedContext[]]] to [STARTING]
2026-02-09 13:19:54 - DEBUG - o.apache.catalina.util.LifecycleBase - Setting state for [StandardPipeline[StandardEngine[Tomcat].StandardHost[localhost].TomcatEmbeddedContext[]]] to [STARTED]
2026-02-09 13:19:54 - DEBUG - o.apache.catalina.util.LifecycleBase - Setting state for [org.apache.catalina.deploy.NamingResourcesImpl@5b51028d] to [INITIALIZING]
2026-02-09 13:19:54 - DEBUG - o.apache.catalina.util.LifecycleBase - Setting state for [org.apache.catalina.deploy.NamingResourcesImpl@5b51028d] to [INITIALIZED]
2026-02-09 13:19:54 - DEBUG - o.apache.catalina.util.LifecycleBase - Setting state for [org.apache.catalina.deploy.NamingResourcesImpl@5b51028d] to [STARTING_PREP]
2026-02-09 13:19:54 - DEBUG - o.apache.catalina.util.LifecycleBase - Setting state for [org.apache.catalina.deploy.NamingResourcesImpl@5b51028d] to [STARTING]
2026-02-09 13:19:54 - DEBUG - o.apache.catalina.util.LifecycleBase - Setting state for [org.apache.catalina.deploy.NamingResourcesImpl@5b51028d] to [STARTED]
2026-02-09 13:19:54 - INFO - o.a.c.c.C.[Tomcat].[localhost].[/] - Initializing Spring embedded WebApplicationContext
2026-02-09 13:19:54 - DEBUG - o.s.b.w.s.c.ServletWebServerApplicationContext - Published root WebApplicationContext as ServletContext attribute with name [org.springframework.web.context.WebApplicationContext.ROOT]
2026-02-09 13:19:54 - INFO - o.s.b.w.s.c.ServletWebServerApplicationContext - Root WebApplicationContext: initialization completed in 3362 ms
2026-02-09 13:19:54 - DEBUG - o.s.b.f.s.DefaultListableBeanFactory - Creating shared instance of singleton bean 'securityFilterChainRegistration'
2026-02-09 13:19:54 - DEBUG - o.s.b.f.s.DefaultListableBeanFactory - Creating shared instance of singleton bean 'org.springframework.boot.autoconfigure.security.servlet.SecurityFilterAutoConfiguration'
2026-02-09 13:19:54 - DEBUG - o.s.b.f.s.DefaultListableBeanFactory - Creating shared instance of singleton bean 'spring.security-org.springframework.boot.autoconfigure.security.SecurityProperties'
2026-02-09 13:19:54 - DEBUG - o.s.b.f.s.DefaultListableBeanFactory - Autowiring by type from bean name 'securityFilterChainRegistration' via factory method to bean named 'spring.security-org.springframework.boot.autoconfigure.security.SecurityProperties'
2026-02-09 13:19:54 - DEBUG - o.s.b.f.s.DefaultListableBeanFactory - Creating shared instance of singleton bean 'requestContextFilter'
2026-02-09 13:19:54 - DEBUG - o.s.b.f.s.DefaultListableBeanFactory - Creating shared instance of singleton bean 'formContentFilter'
2026-02-09 13:19:54 - DEBUG - o.s.b.f.s.DefaultListableBeanFactory - Creating shared instance of singleton bean 'org.springframework.boot.autoconfigure.web.servlet.WebMvcAutoConfiguration'
2026-02-09 13:19:54 - DEBUG - o.s.b.f.s.DefaultListableBeanFactory - Creating shared instance of singleton bean 'characterEncodingFilter'
2026-02-09 13:19:54 - DEBUG - o.s.b.w.s.ServletContextInitializerBeans - Mapping filters: springSecurityFilterChain urls=[/*] order=-100, characterEncodingFilter urls=[/*] order=-2147483648, formContentFilter urls=[/*] order=-9900, requestContextFilter urls=[/*] order=-105
2026-02-09 13:19:54 - DEBUG - o.s.b.w.s.ServletContextInitializerBeans - Mapping servlets: dispatcherServlet urls=[/]
2026-02-09 13:19:54 - DEBUG - o.apache.catalina.core.ContainerBase - Add container child [StandardWrapper[dispatcherServlet]] to container [StandardEngine[Tomcat].StandardHost[localhost].TomcatEmbeddedContext[]]
2026-02-09 13:19:54 - DEBUG - o.apache.catalina.util.LifecycleBase - Setting state for [StandardEngine[Tomcat].StandardHost[localhost].TomcatEmbeddedContext[].StandardWrapper[dispatcherServlet]] to [INITIALIZING]
2026-02-09 13:19:54 - DEBUG - o.apache.catalina.util.LifecycleBase - Setting state for [StandardEngine[Tomcat].StandardHost[localhost].TomcatEmbeddedContext[].StandardWrapper[dispatcherServlet]] to [INITIALIZED]
2026-02-09 13:19:54 - DEBUG - o.apache.catalina.util.LifecycleBase - Setting state for [StandardEngine[Tomcat].StandardHost[localhost].TomcatEmbeddedContext[].StandardWrapper[dispatcherServlet]] to [STARTING_PREP]
2026-02-09 13:19:54 - DEBUG - o.apache.catalina.util.LifecycleBase - Setting state for [StandardPipeline[StandardEngine[Tomcat].StandardHost[localhost].TomcatEmbeddedContext[].StandardWrapper[dispatcherServlet]]] to [INITIALIZING]
2026-02-09 13:19:54 - DEBUG - o.apache.catalina.util.LifecycleBase - Setting state for [StandardPipeline[StandardEngine[Tomcat].StandardHost[localhost].TomcatEmbeddedContext[].StandardWrapper[dispatcherServlet]]] to [INITIALIZED]
2026-02-09 13:19:54 - DEBUG - o.apache.catalina.util.LifecycleBase - Setting state for [StandardPipeline[StandardEngine[Tomcat].StandardHost[localhost].TomcatEmbeddedContext[].StandardWrapper[dispatcherServlet]]] to [STARTING_PREP]
2026-02-09 13:19:54 - DEBUG - o.apache.catalina.util.LifecycleBase - Setting state for [StandardWrapperValve[StandardEngine[Tomcat].StandardHost[localhost].TomcatEmbeddedContext[].StandardWrapper[dispatcherServlet]]] to [INITIALIZING]
2026-02-09 13:19:54 - DEBUG - o.apache.catalina.util.LifecycleBase - Setting state for [StandardWrapperValve[StandardEngine[Tomcat].StandardHost[localhost].TomcatEmbeddedContext[].StandardWrapper[dispatcherServlet]]] to [INITIALIZED]
2026-02-09 13:19:54 - DEBUG - o.apache.catalina.util.LifecycleBase - Setting state for [StandardWrapperValve[StandardEngine[Tomcat].StandardHost[localhost].TomcatEmbeddedContext[].StandardWrapper[dispatcherServlet]]] to [STARTING_PREP]
2026-02-09 13:19:54 - DEBUG - o.apache.catalina.util.LifecycleBase - Setting state for [StandardWrapperValve[StandardEngine[Tomcat].StandardHost[localhost].TomcatEmbeddedContext[].StandardWrapper[dispatcherServlet]]] to [STARTING]
2026-02-09 13:19:54 - DEBUG - o.apache.catalina.util.LifecycleBase - Setting state for [StandardWrapperValve[StandardEngine[Tomcat].StandardHost[localhost].TomcatEmbeddedContext[].StandardWrapper[dispatcherServlet]]] to [STARTED]
2026-02-09 13:19:54 - DEBUG - o.apache.catalina.util.LifecycleBase - Setting state for [StandardPipeline[StandardEngine[Tomcat].StandardHost[localhost].TomcatEmbeddedContext[].StandardWrapper[dispatcherServlet]]] to [STARTING]
2026-02-09 13:19:54 - DEBUG - o.apache.catalina.util.LifecycleBase - Setting state for [StandardPipeline[StandardEngine[Tomcat].StandardHost[localhost].TomcatEmbeddedContext[].StandardWrapper[dispatcherServlet]]] to [STARTED]
2026-02-09 13:19:54 - DEBUG - o.apache.catalina.util.LifecycleBase - Setting state for [StandardEngine[Tomcat].StandardHost[localhost].TomcatEmbeddedContext[].StandardWrapper[dispatcherServlet]] to [STARTING]
2026-02-09 13:19:54 - DEBUG - o.apache.catalina.util.LifecycleBase - Setting state for [StandardEngine[Tomcat].StandardHost[localhost].TomcatEmbeddedContext[].StandardWrapper[dispatcherServlet]] to [STARTED]
2026-02-09 13:19:54 - DEBUG - o.apache.catalina.util.LifecycleBase - Setting state for [StandardManager[StandardEngine[Tomcat].StandardHost[localhost].TomcatEmbeddedContext[]]] to [INITIALIZING]
2026-02-09 13:19:54 - DEBUG - o.apache.catalina.util.LifecycleBase - Setting state for [StandardManager[StandardEngine[Tomcat].StandardHost[localhost].TomcatEmbeddedContext[]]] to [INITIALIZED]
2026-02-09 13:19:54 - DEBUG - o.apache.catalina.util.LifecycleBase - Setting state for [StandardManager[StandardEngine[Tomcat].StandardHost[localhost].TomcatEmbeddedContext[]]] to [STARTING_PREP]
2026-02-09 13:19:54 - DEBUG - o.apache.catalina.util.LifecycleBase - Setting state for [org.springframework.boot.web.embedded.tomcat.LazySessionIdGenerator@15cf0fef] to [INITIALIZING]
2026-02-09 13:19:54 - DEBUG - o.apache.catalina.util.LifecycleBase - Setting state for [org.springframework.boot.web.embedded.tomcat.LazySessionIdGenerator@15cf0fef] to [INITIALIZED]
2026-02-09 13:19:54 - DEBUG - o.apache.catalina.util.LifecycleBase - Setting state for [org.springframework.boot.web.embedded.tomcat.LazySessionIdGenerator@15cf0fef] to [STARTING_PREP]
2026-02-09 13:19:54 - DEBUG - o.apache.catalina.util.LifecycleBase - Setting state for [org.springframework.boot.web.embedded.tomcat.LazySessionIdGenerator@15cf0fef] to [STARTING]
2026-02-09 13:19:54 - DEBUG - o.apache.catalina.util.LifecycleBase - Setting state for [org.springframework.boot.web.embedded.tomcat.LazySessionIdGenerator@15cf0fef] to [STARTED]
2026-02-09 13:19:54 - DEBUG - o.a.catalina.session.StandardManager - Persisted data file [C:\Users\kalim\AppData\Local\Temp\616C89A12B38EE6BBBD7B03269DEC50F4DCC149F\servlet-sessions\SESSIONS.ser] was not found
java.io.FileNotFoundException: C:\Users\kalim\AppData\Local\Temp\616C89A12B38EE6BBBD7B03269DEC50F4DCC149F\servlet-sessions\SESSIONS.ser (The system cannot find the file specified)
	at java.base/java.io.FileInputStream.open0(Native Method)
	at java.base/java.io.FileInputStream.open(FileInputStream.java:216)
	at java.base/java.io.FileInputStream.<init>(FileInputStream.java:157)
	at java.base/java.io.FileInputStream.<init>(FileInputStream.java:111)
	at org.apache.catalina.session.StandardManager.doLoad(StandardManager.java:185)
	at org.apache.catalina.session.StandardManager.load(StandardManager.java:154)
	at org.apache.catalina.session.StandardManager.startInternal(StandardManager.java:343)
	at org.apache.catalina.util.LifecycleBase.start(LifecycleBase.java:164)
	at org.apache.catalina.core.StandardContext.startInternal(StandardContext.java:4479)
	at org.apache.catalina.util.LifecycleBase.start(LifecycleBase.java:164)
	at org.apache.catalina.core.ContainerBase$StartChild.call(ContainerBase.java:1201)
	at org.apache.catalina.core.ContainerBase$StartChild.call(ContainerBase.java:1191)
	at java.base/java.util.concurrent.FutureTask.run(FutureTask.java:264)
	at org.apache.tomcat.util.threads.InlineExecutorService.execute(InlineExecutorService.java:81)
	at java.base/java.util.concurrent.AbstractExecutorService.submit(AbstractExecutorService.java:145)
	at org.apache.catalina.core.ContainerBase.startInternal(ContainerBase.java:747)
	at org.apache.catalina.core.StandardHost.startInternal(StandardHost.java:783)
	at org.apache.catalina.util.LifecycleBase.start(LifecycleBase.java:164)
	at org.apache.catalina.core.ContainerBase$StartChild.call(ContainerBase.java:1201)
	at org.apache.catalina.core.ContainerBase$StartChild.call(ContainerBase.java:1191)
	at java.base/java.util.concurrent.FutureTask.run(FutureTask.java:264)
	at org.apache.tomcat.util.threads.InlineExecutorService.execute(InlineExecutorService.java:81)
	at java.base/java.util.concurrent.AbstractExecutorService.submit(AbstractExecutorService.java:145)
	at org.apache.catalina.core.ContainerBase.startInternal(ContainerBase.java:747)
	at org.apache.catalina.core.StandardEngine.startInternal(StandardEngine.java:201)
	at org.apache.catalina.util.LifecycleBase.start(LifecycleBase.java:164)
	at org.apache.catalina.core.StandardService.startInternal(StandardService.java:410)
	at org.apache.catalina.util.LifecycleBase.start(LifecycleBase.java:164)
	at org.apache.catalina.core.StandardServer.startInternal(StandardServer.java:868)
	at org.apache.catalina.util.LifecycleBase.start(LifecycleBase.java:164)
	at org.apache.catalina.startup.Tomcat.start(Tomcat.java:436)
	at org.springframework.boot.web.embedded.tomcat.TomcatWebServer.initialize(TomcatWebServer.java:128)
	at org.springframework.boot.web.embedded.tomcat.TomcatWebServer.<init>(TomcatWebServer.java:107)
	at org.springframework.boot.web.embedded.tomcat.TomcatServletWebServerFactory.getTomcatWebServer(TomcatServletWebServerFactory.java:517)
	at org.springframework.boot.web.embedded.tomcat.TomcatServletWebServerFactory.getWebServer(TomcatServletWebServerFactory.java:219)
	at org.springframework.boot.web.servlet.context.ServletWebServerApplicationContext.createWebServer(ServletWebServerApplicationContext.java:193)
	at org.springframework.boot.web.servlet.context.ServletWebServerApplicationContext.onRefresh(ServletWebServerApplicationContext.java:167)
	at org.springframework.context.support.AbstractApplicationContext.refresh(AbstractApplicationContext.java:621)
	at org.springframework.boot.web.servlet.context.ServletWebServerApplicationContext.refresh(ServletWebServerApplicationContext.java:146)
	at org.springframework.boot.SpringApplication.refresh(SpringApplication.java:752)
	at org.springframework.boot.SpringApplication.refreshContext(SpringApplication.java:439)
	at org.springframework.boot.SpringApplication.run(SpringApplication.java:318)
	at org.springframework.boot.SpringApplication.run(SpringApplication.java:1361)
	at org.springframework.boot.SpringApplication.run(SpringApplication.java:1350)
	at com.enterpriseflow.EnterpriseflowApplication.main(EnterpriseflowApplication.java:10)
	at java.base/jdk.internal.reflect.NativeMethodAccessorImpl.invoke0(Native Method)
	at java.base/jdk.internal.reflect.NativeMethodAccessorImpl.invoke(NativeMethodAccessorImpl.java:77)
	at java.base/jdk.internal.reflect.DelegatingMethodAccessorImpl.invoke(DelegatingMethodAccessorImpl.java:43)
	at java.base/java.lang.reflect.Method.invoke(Method.java:568)
	at org.springframework.boot.devtools.restart.RestartLauncher.run(RestartLauncher.java:50)
2026-02-09 13:19:54 - DEBUG - o.apache.catalina.util.LifecycleBase - Setting state for [StandardManager[StandardEngine[Tomcat].StandardHost[localhost].TomcatEmbeddedContext[]]] to [STARTING]
2026-02-09 13:19:54 - DEBUG - o.apache.catalina.util.LifecycleBase - Setting state for [StandardManager[StandardEngine[Tomcat].StandardHost[localhost].TomcatEmbeddedContext[]]] to [STARTED]
2026-02-09 13:19:54 - DEBUG - o.s.b.w.s.f.OrderedRequestContextFilter - Filter 'requestContextFilter' configured for use
2026-02-09 13:19:54 - DEBUG - o.s.b.w.s.f.OrderedCharacterEncodingFilter - Filter 'characterEncodingFilter' configured for use
2026-02-09 13:19:54 - DEBUG - o.s.b.w.s.DelegatingFilterProxyRegistrationBean$1 - Filter 'springSecurityFilterChain' configured for use
2026-02-09 13:19:54 - DEBUG - o.s.b.w.s.f.OrderedFormContentFilter - Filter 'formContentFilter' configured for use
2026-02-09 13:19:54 - DEBUG - o.apache.catalina.util.LifecycleBase - Setting state for [StandardEngine[Tomcat].StandardHost[localhost].TomcatEmbeddedContext[]] to [STARTING]
2026-02-09 13:19:54 - DEBUG - o.apache.catalina.util.LifecycleBase - Setting state for [StandardEngine[Tomcat].StandardHost[localhost].TomcatEmbeddedContext[]] to [STARTED]
2026-02-09 13:19:54 - DEBUG - o.apache.catalina.util.LifecycleBase - Setting state for [StandardPipeline[StandardEngine[Tomcat].StandardHost[localhost]]] to [INITIALIZING]
2026-02-09 13:19:54 - DEBUG - o.apache.catalina.util.LifecycleBase - Setting state for [StandardPipeline[StandardEngine[Tomcat].StandardHost[localhost]]] to [INITIALIZED]
2026-02-09 13:19:54 - DEBUG - o.apache.catalina.util.LifecycleBase - Setting state for [StandardPipeline[StandardEngine[Tomcat].StandardHost[localhost]]] to [STARTING_PREP]
2026-02-09 13:19:54 - DEBUG - o.apache.catalina.util.LifecycleBase - Setting state for [ErrorReportValve[StandardEngine[Tomcat].StandardHost[localhost]]] to [INITIALIZING]
2026-02-09 13:19:54 - DEBUG - o.apache.catalina.util.LifecycleBase - Setting state for [ErrorReportValve[StandardEngine[Tomcat].StandardHost[localhost]]] to [INITIALIZED]
2026-02-09 13:19:54 - DEBUG - o.apache.catalina.util.LifecycleBase - Setting state for [ErrorReportValve[StandardEngine[Tomcat].StandardHost[localhost]]] to [STARTING_PREP]
2026-02-09 13:19:54 - DEBUG - o.apache.catalina.util.LifecycleBase - Setting state for [ErrorReportValve[StandardEngine[Tomcat].StandardHost[localhost]]] to [STARTING]
2026-02-09 13:19:54 - DEBUG - o.apache.catalina.util.LifecycleBase - Setting state for [ErrorReportValve[StandardEngine[Tomcat].StandardHost[localhost]]] to [STARTED]
2026-02-09 13:19:54 - DEBUG - o.apache.catalina.util.LifecycleBase - Setting state for [StandardHostValve[StandardEngine[Tomcat].StandardHost[localhost]]] to [INITIALIZING]
2026-02-09 13:19:54 - DEBUG - o.apache.catalina.util.LifecycleBase - Setting state for [StandardHostValve[StandardEngine[Tomcat].StandardHost[localhost]]] to [INITIALIZED]
2026-02-09 13:19:54 - DEBUG - o.apache.catalina.util.LifecycleBase - Setting state for [StandardHostValve[StandardEngine[Tomcat].StandardHost[localhost]]] to [STARTING_PREP]
2026-02-09 13:19:54 - DEBUG - o.apache.catalina.util.LifecycleBase - Setting state for [StandardHostValve[StandardEngine[Tomcat].StandardHost[localhost]]] to [STARTING]
2026-02-09 13:19:54 - DEBUG - o.apache.catalina.util.LifecycleBase - Setting state for [StandardHostValve[StandardEngine[Tomcat].StandardHost[localhost]]] to [STARTED]
2026-02-09 13:19:54 - DEBUG - o.apache.catalina.util.LifecycleBase - Setting state for [StandardPipeline[StandardEngine[Tomcat].StandardHost[localhost]]] to [STARTING]
2026-02-09 13:19:54 - DEBUG - o.apache.catalina.util.LifecycleBase - Setting state for [StandardPipeline[StandardEngine[Tomcat].StandardHost[localhost]]] to [STARTED]
2026-02-09 13:19:54 - DEBUG - o.apache.catalina.util.LifecycleBase - Setting state for [StandardEngine[Tomcat].StandardHost[localhost]] to [STARTING]
2026-02-09 13:19:54 - DEBUG - o.apache.catalina.util.LifecycleBase - Setting state for [StandardEngine[Tomcat].StandardHost[localhost]] to [STARTED]
2026-02-09 13:19:54 - DEBUG - o.apache.catalina.util.LifecycleBase - Setting state for [StandardPipeline[StandardEngine[Tomcat]]] to [INITIALIZING]
2026-02-09 13:19:54 - DEBUG - o.apache.catalina.util.LifecycleBase - Setting state for [StandardPipeline[StandardEngine[Tomcat]]] to [INITIALIZED]
2026-02-09 13:19:54 - DEBUG - o.apache.catalina.util.LifecycleBase - Setting state for [StandardPipeline[StandardEngine[Tomcat]]] to [STARTING_PREP]
2026-02-09 13:19:54 - DEBUG - o.apache.catalina.util.LifecycleBase - Setting state for [StandardEngineValve[StandardEngine[Tomcat]]] to [INITIALIZING]
2026-02-09 13:19:54 - DEBUG - o.apache.catalina.util.LifecycleBase - Setting state for [StandardEngineValve[StandardEngine[Tomcat]]] to [INITIALIZED]
2026-02-09 13:19:54 - DEBUG - o.apache.catalina.util.LifecycleBase - Setting state for [StandardEngineValve[StandardEngine[Tomcat]]] to [STARTING_PREP]
2026-02-09 13:19:54 - DEBUG - o.apache.catalina.util.LifecycleBase - Setting state for [StandardEngineValve[StandardEngine[Tomcat]]] to [STARTING]
2026-02-09 13:19:54 - DEBUG - o.apache.catalina.util.LifecycleBase - Setting state for [StandardEngineValve[StandardEngine[Tomcat]]] to [STARTED]
2026-02-09 13:19:54 - DEBUG - o.apache.catalina.util.LifecycleBase - Setting state for [StandardPipeline[StandardEngine[Tomcat]]] to [STARTING]
2026-02-09 13:19:54 - DEBUG - o.apache.catalina.util.LifecycleBase - Setting state for [StandardPipeline[StandardEngine[Tomcat]]] to [STARTED]
2026-02-09 13:19:54 - DEBUG - o.apache.catalina.util.LifecycleBase - Setting state for [StandardEngine[Tomcat]] to [STARTING]
2026-02-09 13:19:54 - DEBUG - o.apache.catalina.util.LifecycleBase - Setting state for [StandardEngine[Tomcat]] to [STARTED]
2026-02-09 13:19:54 - DEBUG - o.apache.catalina.util.LifecycleBase - Setting state for [org.apache.catalina.mapper.MapperListener@378cf9a6] to [STARTING_PREP]
2026-02-09 13:19:54 - DEBUG - o.apache.catalina.util.LifecycleBase - Setting state for [org.apache.catalina.mapper.MapperListener@378cf9a6] to [STARTING]
2026-02-09 13:19:54 - DEBUG - org.apache.catalina.mapper.Mapper - Registered host [localhost]
2026-02-09 13:19:54 - DEBUG - o.a.catalina.mapper.MapperListener - Register Wrapper [dispatcherServlet] in Context [] for service [StandardService[Tomcat]]
2026-02-09 13:19:54 - DEBUG - o.a.catalina.mapper.MapperListener - Register Context [] for service [StandardService[Tomcat]]
2026-02-09 13:19:54 - DEBUG - o.a.catalina.mapper.MapperListener - Register host [localhost] at domain [null] for service [StandardService[Tomcat]]
2026-02-09 13:19:54 - DEBUG - o.apache.catalina.util.LifecycleBase - Setting state for [org.apache.catalina.mapper.MapperListener@378cf9a6] to [STARTED]
2026-02-09 13:19:54 - DEBUG - o.apache.catalina.util.LifecycleBase - Setting state for [StandardService[Tomcat]] to [STARTED]
2026-02-09 13:19:54 - DEBUG - o.apache.catalina.util.LifecycleBase - Setting state for [StandardServer[-1]] to [STARTED]
2026-02-09 13:19:54 - DEBUG - o.s.b.f.s.DefaultListableBeanFactory - Creating shared instance of singleton bean 'applicationTaskExecutor'
2026-02-09 13:19:54 - DEBUG - o.s.b.f.s.DefaultListableBeanFactory - Creating shared instance of singleton bean 'org.springframework.boot.autoconfigure.task.TaskExecutorConfigurations$TaskExecutorConfiguration'
2026-02-09 13:19:54 - DEBUG - o.s.b.f.s.DefaultListableBeanFactory - Creating shared instance of singleton bean 'threadPoolTaskExecutorBuilder'
2026-02-09 13:19:54 - DEBUG - o.s.b.f.s.DefaultListableBeanFactory - Creating shared instance of singleton bean 'org.springframework.boot.autoconfigure.task.TaskExecutorConfigurations$ThreadPoolTaskExecutorBuilderConfiguration'
2026-02-09 13:19:54 - DEBUG - o.s.b.f.s.DefaultListableBeanFactory - Creating shared instance of singleton bean 'spring.task.execution-org.springframework.boot.autoconfigure.task.TaskExecutionProperties'
2026-02-09 13:19:54 - DEBUG - o.s.b.f.s.DefaultListableBeanFactory - Autowiring by type from bean name 'threadPoolTaskExecutorBuilder' via factory method to bean named 'spring.task.execution-org.springframework.boot.autoconfigure.task.TaskExecutionProperties'
2026-02-09 13:19:54 - DEBUG - o.s.b.f.s.DefaultListableBeanFactory - Autowiring by type from bean name 'applicationTaskExecutor' via factory method to bean named 'threadPoolTaskExecutorBuilder'
2026-02-09 13:19:54 - DEBUG - o.s.s.c.ThreadPoolTaskExecutor - Initializing ExecutorService 'applicationTaskExecutor'
2026-02-09 13:19:54 - DEBUG - sun.rmi.transport.tcp - RMI TCP Connection(2)-127.0.0.1: (port 65417) op = 82
2026-02-09 13:19:54 - DEBUG - sun.rmi.transport.tcp - RMI TCP Connection(2)-127.0.0.1: (port 65417) op = 80
2026-02-09 13:19:54 - DEBUG - sun.rmi.loader - RMI TCP Connection(2)-127.0.0.1: name = "javax.management.ObjectName", codebase = ""
2026-02-09 13:19:54 - DEBUG - javax.management.remote.rmi - connectionId=rmi://127.0.0.1  1, name=org.springframework.boot:type=Admin,name=SpringApplication, attribute=Ready
2026-02-09 13:19:54 - DEBUG - sun.rmi.server.call - RMI TCP Connection(2)-127.0.0.1: [127.0.0.1] exception: 
javax.management.InstanceNotFoundException: org.springframework.boot:type=Admin,name=SpringApplication
	at java.management/com.sun.jmx.interceptor.DefaultMBeanServerInterceptor.getMBean(DefaultMBeanServerInterceptor.java:1088)
	at java.management/com.sun.jmx.interceptor.DefaultMBeanServerInterceptor.getAttribute(DefaultMBeanServerInterceptor.java:640)
	at java.management/com.sun.jmx.mbeanserver.JmxMBeanServer.getAttribute(JmxMBeanServer.java:679)
	at java.management.rmi/javax.management.remote.rmi.RMIConnectionImpl.doOperation(RMIConnectionImpl.java:1449)
	at java.management.rmi/javax.management.remote.rmi.RMIConnectionImpl$PrivilegedOperation.run(RMIConnectionImpl.java:1310)
	at java.management.rmi/javax.management.remote.rmi.RMIConnectionImpl.doPrivilegedOperation(RMIConnectionImpl.java:1405)
	at java.management.rmi/javax.management.remote.rmi.RMIConnectionImpl.getAttribute(RMIConnectionImpl.java:639)
	at java.base/jdk.internal.reflect.NativeMethodAccessorImpl.invoke0(Native Method)
	at java.base/jdk.internal.reflect.NativeMethodAccessorImpl.invoke(NativeMethodAccessorImpl.java:77)
	at java.base/jdk.internal.reflect.DelegatingMethodAccessorImpl.invoke(DelegatingMethodAccessorImpl.java:43)
	at java.base/java.lang.reflect.Method.invoke(Method.java:568)
	at java.rmi/sun.rmi.server.UnicastServerRef.dispatch(UnicastServerRef.java:360)
	at java.rmi/sun.rmi.transport.Transport$1.run(Transport.java:200)
	at java.rmi/sun.rmi.transport.Transport$1.run(Transport.java:197)
	at java.base/java.security.AccessController.doPrivileged(AccessController.java:712)
	at java.rmi/sun.rmi.transport.Transport.serviceCall(Transport.java:196)
	at java.rmi/sun.rmi.transport.tcp.TCPTransport.handleMessages(TCPTransport.java:587)
	at java.rmi/sun.rmi.transport.tcp.TCPTransport$ConnectionHandler.run0(TCPTransport.java:828)
	at java.rmi/sun.rmi.transport.tcp.TCPTransport$ConnectionHandler.lambda$run$0(TCPTransport.java:705)
	at java.base/java.security.AccessController.doPrivileged(AccessController.java:399)
	at java.rmi/sun.rmi.transport.tcp.TCPTransport$ConnectionHandler.run(TCPTransport.java:704)
	at java.base/java.util.concurrent.ThreadPoolExecutor.runWorker(ThreadPoolExecutor.java:1136)
	at java.base/java.util.concurrent.ThreadPoolExecutor$Worker.run(ThreadPoolExecutor.java:635)
	at java.base/java.lang.Thread.run(Thread.java:842)
2026-02-09 13:19:54 - DEBUG - o.s.b.f.s.DefaultListableBeanFactory - Creating shared instance of singleton bean 'dataSourceScriptDatabaseInitializer'
2026-02-09 13:19:54 - DEBUG - o.s.b.f.s.DefaultListableBeanFactory - Creating shared instance of singleton bean 'org.springframework.boot.autoconfigure.sql.init.DataSourceInitializationConfiguration'
2026-02-09 13:19:54 - DEBUG - o.s.b.f.s.DefaultListableBeanFactory - Creating shared instance of singleton bean 'dataSource'
2026-02-09 13:19:54 - DEBUG - o.s.b.f.s.DefaultListableBeanFactory - Creating shared instance of singleton bean 'org.springframework.boot.autoconfigure.jdbc.DataSourceConfiguration$Hikari'
2026-02-09 13:19:54 - DEBUG - o.s.b.f.s.DefaultListableBeanFactory - Creating shared instance of singleton bean 'spring.datasource-org.springframework.boot.autoconfigure.jdbc.DataSourceProperties'
2026-02-09 13:19:54 - DEBUG - o.s.b.f.s.DefaultListableBeanFactory - Creating shared instance of singleton bean 'jdbcConnectionDetails'
2026-02-09 13:19:54 - DEBUG - o.s.b.f.s.DefaultListableBeanFactory - Creating shared instance of singleton bean 'org.springframework.boot.autoconfigure.jdbc.DataSourceAutoConfiguration$PooledDataSourceConfiguration'
2026-02-09 13:19:54 - DEBUG - o.s.b.f.s.DefaultListableBeanFactory - Autowiring by type from bean name 'jdbcConnectionDetails' via factory method to bean named 'spring.datasource-org.springframework.boot.autoconfigure.jdbc.DataSourceProperties'
2026-02-09 13:19:54 - DEBUG - o.s.b.f.s.DefaultListableBeanFactory - Autowiring by type from bean name 'dataSource' via factory method to bean named 'spring.datasource-org.springframework.boot.autoconfigure.jdbc.DataSourceProperties'
2026-02-09 13:19:54 - DEBUG - o.s.b.f.s.DefaultListableBeanFactory - Autowiring by type from bean name 'dataSource' via factory method to bean named 'jdbcConnectionDetails'
2026-02-09 13:19:54 - DEBUG - o.s.b.f.s.DefaultListableBeanFactory - Autowiring by type from bean name 'dataSource' via factory method to bean named 'environment'
2026-02-09 13:19:54 - DEBUG - com.zaxxer.hikari.HikariConfig - Class com.mysql.cj.jdbc.Driver found in Thread context class loader org.springframework.boot.devtools.restart.classloader.RestartClassLoader@1624251d
2026-02-09 13:19:54 - DEBUG - o.s.b.f.s.DefaultListableBeanFactory - Creating shared instance of singleton bean 'spring.sql.init-org.springframework.boot.autoconfigure.sql.init.SqlInitializationProperties'
2026-02-09 13:19:54 - DEBUG - o.s.b.f.s.DefaultListableBeanFactory - Autowiring by type from bean name 'dataSourceScriptDatabaseInitializer' via factory method to bean named 'dataSource'
2026-02-09 13:19:54 - DEBUG - o.s.b.f.s.DefaultListableBeanFactory - Autowiring by type from bean name 'dataSourceScriptDatabaseInitializer' via factory method to bean named 'spring.sql.init-org.springframework.boot.autoconfigure.sql.init.SqlInitializationProperties'
2026-02-09 13:19:54 - DEBUG - o.s.b.f.s.DefaultListableBeanFactory - Creating shared instance of singleton bean 'inMemoryDatabaseShutdownExecutor'
2026-02-09 13:19:54 - DEBUG - o.s.b.f.s.DefaultListableBeanFactory - Creating shared instance of singleton bean 'org.springframework.boot.devtools.autoconfigure.DevToolsDataSourceAutoConfiguration'
2026-02-09 13:19:54 - DEBUG - o.s.b.f.s.DefaultListableBeanFactory - Autowiring by type from bean name 'inMemoryDatabaseShutdownExecutor' via factory method to bean named 'dataSource'
2026-02-09 13:19:54 - DEBUG - o.s.b.f.s.DefaultListableBeanFactory - Autowiring by type from bean name 'inMemoryDatabaseShutdownExecutor' via factory method to bean named 'spring.datasource-org.springframework.boot.autoconfigure.jdbc.DataSourceProperties'
2026-02-09 13:19:54 - DEBUG - o.s.b.f.s.DefaultListableBeanFactory - Creating shared instance of singleton bean 'org.springframework.context.config.internalBeanConfigurerAspect'
2026-02-09 13:19:54 - DEBUG - o.s.b.f.s.DefaultListableBeanFactory - Creating shared instance of singleton bean 'entityManagerFactory'
2026-02-09 13:19:54 - DEBUG - o.s.b.f.s.DefaultListableBeanFactory - Creating shared instance of singleton bean 'org.springframework.boot.autoconfigure.orm.jpa.HibernateJpaConfiguration'
2026-02-09 13:19:54 - DEBUG - o.s.b.f.s.DefaultListableBeanFactory - Creating shared instance of singleton bean 'spring.jpa-org.springframework.boot.autoconfigure.orm.jpa.JpaProperties'
2026-02-09 13:19:54 - DEBUG - o.s.b.f.s.DefaultListableBeanFactory - Creating shared instance of singleton bean 'spring.jpa.hibernate-org.springframework.boot.autoconfigure.orm.jpa.HibernateProperties'
2026-02-09 13:19:54 - DEBUG - o.s.b.f.s.DefaultListableBeanFactory - Autowiring by type from bean name 'org.springframework.boot.autoconfigure.orm.jpa.HibernateJpaConfiguration' via constructor to bean named 'dataSource'
2026-02-09 13:19:54 - DEBUG - o.s.b.f.s.DefaultListableBeanFactory - Autowiring by type from bean name 'org.springframework.boot.autoconfigure.orm.jpa.HibernateJpaConfiguration' via constructor to bean named 'spring.jpa-org.springframework.boot.autoconfigure.orm.jpa.JpaProperties'
2026-02-09 13:19:54 - DEBUG - o.s.b.f.s.DefaultListableBeanFactory - Autowiring by type from bean name 'org.springframework.boot.autoconfigure.orm.jpa.HibernateJpaConfiguration' via constructor to bean named 'org.springframework.beans.factory.support.DefaultListableBeanFactory@438ac995'
2026-02-09 13:19:54 - DEBUG - o.s.b.f.s.DefaultListableBeanFactory - Autowiring by type from bean name 'org.springframework.boot.autoconfigure.orm.jpa.HibernateJpaConfiguration' via constructor to bean named 'spring.jpa.hibernate-org.springframework.boot.autoconfigure.orm.jpa.HibernateProperties'
2026-02-09 13:19:54 - DEBUG - o.s.b.f.s.DefaultListableBeanFactory - Creating shared instance of singleton bean 'hikariPoolDataSourceMetadataProvider'
2026-02-09 13:19:54 - DEBUG - o.s.b.f.s.DefaultListableBeanFactory - Creating shared instance of singleton bean 'org.springframework.boot.autoconfigure.jdbc.metadata.DataSourcePoolMetadataProvidersConfiguration$HikariPoolDataSourceMetadataProviderConfiguration'
2026-02-09 13:19:54 - DEBUG - o.s.b.f.s.DefaultListableBeanFactory - Creating shared instance of singleton bean 'entityManagerFactoryBuilder'
2026-02-09 13:19:54 - DEBUG - o.s.b.f.s.DefaultListableBeanFactory - Creating shared instance of singleton bean 'jpaVendorAdapter'
2026-02-09 13:19:54 - DEBUG - o.s.b.f.s.DefaultListableBeanFactory - Autowiring by type from bean name 'entityManagerFactoryBuilder' via factory method to bean named 'jpaVendorAdapter'
2026-02-09 13:19:54 - DEBUG - o.s.b.f.s.DefaultListableBeanFactory - Creating shared instance of singleton bean 'persistenceManagedTypes'
2026-02-09 13:19:54 - DEBUG - o.s.b.f.s.DefaultListableBeanFactory - Autowiring by type from bean name 'persistenceManagedTypes' via factory method to bean named 'org.springframework.beans.factory.support.DefaultListableBeanFactory@438ac995'
2026-02-09 13:19:54 - DEBUG - o.s.b.f.s.DefaultListableBeanFactory - Autowiring by type from bean name 'persistenceManagedTypes' via factory method to bean named 'org.springframework.boot.web.servlet.context.AnnotationConfigServletWebServerApplicationContext@4f89f49e'
2026-02-09 13:19:54 - DEBUG - o.s.b.f.s.DefaultListableBeanFactory - Autowiring by type from bean name 'entityManagerFactory' via factory method to bean named 'entityManagerFactoryBuilder'
2026-02-09 13:19:54 - DEBUG - o.s.b.f.s.DefaultListableBeanFactory - Autowiring by type from bean name 'entityManagerFactory' via factory method to bean named 'persistenceManagedTypes'
2026-02-09 13:19:54 - DEBUG - o.s.o.j.LocalContainerEntityManagerFactoryBean - Building JPA container EntityManagerFactory for persistence unit 'default'
2026-02-09 13:19:54 - DEBUG - o.h.jpa.internal.util.LogHelper - PersistenceUnitInfo [
	name: default
	persistence provider classname: null
	classloader: org.springframework.boot.devtools.restart.classloader.RestartClassLoader@1624251d
	excludeUnlistedClasses: true
	JTA datasource: null
	Non JTA datasource: HikariDataSource (null)
	Transaction type: RESOURCE_LOCAL
	PU root URL: file:/F:/projects2025/EnterpriseFlow/enterpriseflow/target/classes/
	Shared Cache Mode: UNSPECIFIED
	Validation Mode: AUTO
	Jar files URLs []
	Managed classes names [
		com.enterpriseflow.entity.auth.Role
		com.enterpriseflow.entity.auth.User
		com.enterpriseflow.entity.BaseEntity]
	Mapping files names []
	Properties []
2026-02-09 13:19:54 - DEBUG - o.h.i.internal.IntegratorServiceImpl - Adding Integrator [org.hibernate.boot.beanvalidation.BeanValidationIntegrator].
2026-02-09 13:19:54 - DEBUG - o.h.i.internal.IntegratorServiceImpl - Adding Integrator [org.hibernate.cache.internal.CollectionCacheInvalidator].
2026-02-09 13:19:55 - INFO - org.hibernate.Version - HHH000412: Hibernate ORM core version 6.6.41.Final
2026-02-09 13:19:55 - DEBUG - org.hibernate.cfg.Environment - HHH000206: 'hibernate.properties' not found
2026-02-09 13:19:55 - DEBUG - org.hibernate.orm.idgen.factory - Registering IdentifierGenerator strategy [uuid2] -> [org.hibernate.id.UUIDGenerator]
2026-02-09 13:19:55 - DEBUG - org.hibernate.orm.idgen.factory - Registering IdentifierGenerator strategy [guid] -> [org.hibernate.id.GUIDGenerator]
2026-02-09 13:19:55 - DEBUG - org.hibernate.orm.idgen.factory - Registering IdentifierGenerator strategy [uuid] -> [org.hibernate.id.UUIDHexGenerator]
2026-02-09 13:19:55 - DEBUG - org.hibernate.orm.idgen.factory - Registering IdentifierGenerator strategy [uuid.hex] -> [org.hibernate.id.UUIDHexGenerator]
2026-02-09 13:19:55 - DEBUG - org.hibernate.orm.idgen.factory - Registering IdentifierGenerator strategy [assigned] -> [org.hibernate.id.Assigned]
2026-02-09 13:19:55 - DEBUG - org.hibernate.orm.idgen.factory - Registering IdentifierGenerator strategy [identity] -> [org.hibernate.id.IdentityGenerator]
2026-02-09 13:19:55 - DEBUG - org.hibernate.orm.idgen.factory - Registering IdentifierGenerator strategy [select] -> [org.hibernate.id.SelectGenerator]
2026-02-09 13:19:55 - DEBUG - org.hibernate.orm.idgen.factory - Registering IdentifierGenerator strategy [sequence] -> [org.hibernate.id.enhanced.SequenceStyleGenerator]
2026-02-09 13:19:55 - DEBUG - org.hibernate.orm.idgen.factory - Registering IdentifierGenerator strategy [increment] -> [org.hibernate.id.IncrementGenerator]
2026-02-09 13:19:55 - DEBUG - org.hibernate.orm.idgen.factory - Registering IdentifierGenerator strategy [foreign] -> [org.hibernate.id.ForeignGenerator]
2026-02-09 13:19:55 - DEBUG - org.hibernate.orm.idgen.factory - Registering IdentifierGenerator strategy [enhanced-sequence] -> [org.hibernate.id.enhanced.SequenceStyleGenerator]
2026-02-09 13:19:55 - DEBUG - org.hibernate.orm.idgen.factory - Registering IdentifierGenerator strategy [enhanced-table] -> [org.hibernate.id.enhanced.TableGenerator]
2026-02-09 13:19:55 - DEBUG - o.h.c.i.RegionFactoryInitiator - Cannot default RegionFactory based on registered strategies as `[]` RegionFactory strategies were registered
2026-02-09 13:19:55 - INFO - o.h.c.i.RegionFactoryInitiator - HHH000026: Second-level cache disabled
2026-02-09 13:19:55 - DEBUG - sun.rmi.transport.tcp - RMI TCP Connection(2)-127.0.0.1: (port 65417) op = 82
2026-02-09 13:19:55 - DEBUG - sun.rmi.transport.tcp - RMI TCP Connection(2)-127.0.0.1: (port 65417) op = 80
2026-02-09 13:19:55 - DEBUG - sun.rmi.loader - RMI TCP Connection(2)-127.0.0.1: name = "javax.management.ObjectName", codebase = ""
2026-02-09 13:19:55 - DEBUG - javax.management.remote.rmi - connectionId=rmi://127.0.0.1  1, name=org.springframework.boot:type=Admin,name=SpringApplication, attribute=Ready
2026-02-09 13:19:55 - DEBUG - sun.rmi.server.call - RMI TCP Connection(2)-127.0.0.1: [127.0.0.1] exception: 
javax.management.InstanceNotFoundException: org.springframework.boot:type=Admin,name=SpringApplication
	at java.management/com.sun.jmx.interceptor.DefaultMBeanServerInterceptor.getMBean(DefaultMBeanServerInterceptor.java:1088)
	at java.management/com.sun.jmx.interceptor.DefaultMBeanServerInterceptor.getAttribute(DefaultMBeanServerInterceptor.java:640)
	at java.management/com.sun.jmx.mbeanserver.JmxMBeanServer.getAttribute(JmxMBeanServer.java:679)
	at java.management.rmi/javax.management.remote.rmi.RMIConnectionImpl.doOperation(RMIConnectionImpl.java:1449)
	at java.management.rmi/javax.management.remote.rmi.RMIConnectionImpl$PrivilegedOperation.run(RMIConnectionImpl.java:1310)
	at java.management.rmi/javax.management.remote.rmi.RMIConnectionImpl.doPrivilegedOperation(RMIConnectionImpl.java:1405)
	at java.management.rmi/javax.management.remote.rmi.RMIConnectionImpl.getAttribute(RMIConnectionImpl.java:639)
	at java.base/jdk.internal.reflect.NativeMethodAccessorImpl.invoke0(Native Method)
	at java.base/jdk.internal.reflect.NativeMethodAccessorImpl.invoke(NativeMethodAccessorImpl.java:77)
	at java.base/jdk.internal.reflect.DelegatingMethodAccessorImpl.invoke(DelegatingMethodAccessorImpl.java:43)
	at java.base/java.lang.reflect.Method.invoke(Method.java:568)
	at java.rmi/sun.rmi.server.UnicastServerRef.dispatch(UnicastServerRef.java:360)
	at java.rmi/sun.rmi.transport.Transport$1.run(Transport.java:200)
	at java.rmi/sun.rmi.transport.Transport$1.run(Transport.java:197)
	at java.base/java.security.AccessController.doPrivileged(AccessController.java:712)
	at java.rmi/sun.rmi.transport.Transport.serviceCall(Transport.java:196)
	at java.rmi/sun.rmi.transport.tcp.TCPTransport.handleMessages(TCPTransport.java:587)
	at java.rmi/sun.rmi.transport.tcp.TCPTransport$ConnectionHandler.run0(TCPTransport.java:828)
	at java.rmi/sun.rmi.transport.tcp.TCPTransport$ConnectionHandler.lambda$run$0(TCPTransport.java:705)
	at java.base/java.security.AccessController.doPrivileged(AccessController.java:399)
	at java.rmi/sun.rmi.transport.tcp.TCPTransport$ConnectionHandler.run(TCPTransport.java:704)
	at java.base/java.util.concurrent.ThreadPoolExecutor.runWorker(ThreadPoolExecutor.java:1136)
	at java.base/java.util.concurrent.ThreadPoolExecutor$Worker.run(ThreadPoolExecutor.java:635)
	at java.base/java.lang.Thread.run(Thread.java:842)
2026-02-09 13:19:55 - DEBUG - o.hibernate.type.BasicTypeRegistry - Adding type registration boolean -> org.hibernate.type.BasicTypeReference@57b89098
2026-02-09 13:19:55 - DEBUG - o.hibernate.type.BasicTypeRegistry - Adding type registration boolean -> org.hibernate.type.BasicTypeReference@57b89098
2026-02-09 13:19:55 - DEBUG - o.hibernate.type.BasicTypeRegistry - Adding type registration java.lang.Boolean -> org.hibernate.type.BasicTypeReference@57b89098
2026-02-09 13:19:55 - DEBUG - o.hibernate.type.BasicTypeRegistry - Adding type registration numeric_boolean -> org.hibernate.type.BasicTypeReference@40be66f2
2026-02-09 13:19:55 - DEBUG - o.hibernate.type.BasicTypeRegistry - Adding type registration org.hibernate.type.NumericBooleanConverter -> org.hibernate.type.BasicTypeReference@40be66f2
2026-02-09 13:19:55 - DEBUG - o.hibernate.type.BasicTypeRegistry - Adding type registration true_false -> org.hibernate.type.BasicTypeReference@1fdee1bb
2026-02-09 13:19:55 - DEBUG - o.hibernate.type.BasicTypeRegistry - Adding type registration org.hibernate.type.TrueFalseConverter -> org.hibernate.type.BasicTypeReference@1fdee1bb
2026-02-09 13:19:55 - DEBUG - o.hibernate.type.BasicTypeRegistry - Adding type registration yes_no -> org.hibernate.type.BasicTypeReference@4c1c617c
2026-02-09 13:19:55 - DEBUG - o.hibernate.type.BasicTypeRegistry - Adding type registration org.hibernate.type.YesNoConverter -> org.hibernate.type.BasicTypeReference@4c1c617c
2026-02-09 13:19:55 - DEBUG - o.hibernate.type.BasicTypeRegistry - Adding type registration byte -> org.hibernate.type.BasicTypeReference@5fb30437
2026-02-09 13:19:55 - DEBUG - o.hibernate.type.BasicTypeRegistry - Adding type registration byte -> org.hibernate.type.BasicTypeReference@5fb30437
2026-02-09 13:19:55 - DEBUG - o.hibernate.type.BasicTypeRegistry - Adding type registration java.lang.Byte -> org.hibernate.type.BasicTypeReference@5fb30437
2026-02-09 13:19:55 - DEBUG - o.hibernate.type.BasicTypeRegistry - Adding type registration binary -> org.hibernate.type.BasicTypeReference@6c8960c5
2026-02-09 13:19:55 - DEBUG - o.hibernate.type.BasicTypeRegistry - Adding type registration byte[] -> org.hibernate.type.BasicTypeReference@6c8960c5
2026-02-09 13:19:55 - DEBUG - o.hibernate.type.BasicTypeRegistry - Adding type registration [B -> org.hibernate.type.BasicTypeReference@6c8960c5
2026-02-09 13:19:55 - DEBUG - o.hibernate.type.BasicTypeRegistry - Adding type registration binary_wrapper -> org.hibernate.type.BasicTypeReference@4b287d6
2026-02-09 13:19:55 - DEBUG - o.hibernate.type.BasicTypeRegistry - Adding type registration wrapper-binary -> org.hibernate.type.BasicTypeReference@4b287d6
2026-02-09 13:19:55 - DEBUG - o.hibernate.type.BasicTypeRegistry - Adding type registration image -> org.hibernate.type.BasicTypeReference@2b0a01bd
2026-02-09 13:19:55 - DEBUG - o.hibernate.type.BasicTypeRegistry - Adding type registration blob -> org.hibernate.type.BasicTypeReference@6cdf2a57
2026-02-09 13:19:55 - DEBUG - o.hibernate.type.BasicTypeRegistry - Adding type registration java.sql.Blob -> org.hibernate.type.BasicTypeReference@6cdf2a57
2026-02-09 13:19:55 - DEBUG - o.hibernate.type.BasicTypeRegistry - Adding type registration materialized_blob -> org.hibernate.type.BasicTypeReference@4b77e041
2026-02-09 13:19:55 - DEBUG - o.hibernate.type.BasicTypeRegistry - Adding type registration materialized_blob_wrapper -> org.hibernate.type.BasicTypeReference@5beb52ce
2026-02-09 13:19:55 - DEBUG - o.hibernate.type.BasicTypeRegistry - Adding type registration short -> org.hibernate.type.BasicTypeReference@2097b7e7
2026-02-09 13:19:55 - DEBUG - o.hibernate.type.BasicTypeRegistry - Adding type registration short -> org.hibernate.type.BasicTypeReference@2097b7e7
2026-02-09 13:19:55 - DEBUG - o.hibernate.type.BasicTypeRegistry - Adding type registration java.lang.Short -> org.hibernate.type.BasicTypeReference@2097b7e7
2026-02-09 13:19:55 - DEBUG - o.hibernate.type.BasicTypeRegistry - Adding type registration integer -> org.hibernate.type.BasicTypeReference@358fac30
2026-02-09 13:19:55 - DEBUG - o.hibernate.type.BasicTypeRegistry - Adding type registration int -> org.hibernate.type.BasicTypeReference@358fac30
2026-02-09 13:19:55 - DEBUG - o.hibernate.type.BasicTypeRegistry - Adding type registration java.lang.Integer -> org.hibernate.type.BasicTypeReference@358fac30
2026-02-09 13:19:55 - DEBUG - o.hibernate.type.BasicTypeRegistry - Adding type registration long -> org.hibernate.type.BasicTypeReference@410e2728
2026-02-09 13:19:55 - DEBUG - o.hibernate.type.BasicTypeRegistry - Adding type registration long -> org.hibernate.type.BasicTypeReference@410e2728
2026-02-09 13:19:55 - DEBUG - o.hibernate.type.BasicTypeRegistry - Adding type registration java.lang.Long -> org.hibernate.type.BasicTypeReference@410e2728
2026-02-09 13:19:55 - DEBUG - o.hibernate.type.BasicTypeRegistry - Adding type registration float -> org.hibernate.type.BasicTypeReference@407270e5
2026-02-09 13:19:55 - DEBUG - o.hibernate.type.BasicTypeRegistry - Adding type registration float -> org.hibernate.type.BasicTypeReference@407270e5
2026-02-09 13:19:55 - DEBUG - o.hibernate.type.BasicTypeRegistry - Adding type registration java.lang.Float -> org.hibernate.type.BasicTypeReference@407270e5
2026-02-09 13:19:55 - DEBUG - o.hibernate.type.BasicTypeRegistry - Adding type registration double -> org.hibernate.type.BasicTypeReference@5dc7df83
2026-02-09 13:19:55 - DEBUG - o.hibernate.type.BasicTypeRegistry - Adding type registration double -> org.hibernate.type.BasicTypeReference@5dc7df83
2026-02-09 13:19:55 - DEBUG - o.hibernate.type.BasicTypeRegistry - Adding type registration java.lang.Double -> org.hibernate.type.BasicTypeReference@5dc7df83
2026-02-09 13:19:55 - DEBUG - o.hibernate.type.BasicTypeRegistry - Adding type registration big_integer -> org.hibernate.type.BasicTypeReference@15e10627
2026-02-09 13:19:55 - DEBUG - o.hibernate.type.BasicTypeRegistry - Adding type registration java.math.BigInteger -> org.hibernate.type.BasicTypeReference@15e10627
2026-02-09 13:19:55 - DEBUG - o.hibernate.type.BasicTypeRegistry - Adding type registration big_decimal -> org.hibernate.type.BasicTypeReference@25e654d4
2026-02-09 13:19:55 - DEBUG - o.hibernate.type.BasicTypeRegistry - Adding type registration java.math.BigDecimal -> org.hibernate.type.BasicTypeReference@25e654d4
2026-02-09 13:19:55 - DEBUG - o.hibernate.type.BasicTypeRegistry - Adding type registration character -> org.hibernate.type.BasicTypeReference@76c0fdd5
2026-02-09 13:19:55 - DEBUG - o.hibernate.type.BasicTypeRegistry - Adding type registration char -> org.hibernate.type.BasicTypeReference@76c0fdd5
2026-02-09 13:19:55 - DEBUG - o.hibernate.type.BasicTypeRegistry - Adding type registration java.lang.Character -> org.hibernate.type.BasicTypeReference@76c0fdd5
2026-02-09 13:19:55 - DEBUG - o.hibernate.type.BasicTypeRegistry - Adding type registration character_nchar -> org.hibernate.type.BasicTypeReference@15181f49
2026-02-09 13:19:55 - DEBUG - o.hibernate.type.BasicTypeRegistry - Adding type registration string -> org.hibernate.type.BasicTypeReference@8d5f3f3
2026-02-09 13:19:55 - DEBUG - o.hibernate.type.BasicTypeRegistry - Adding type registration java.lang.String -> org.hibernate.type.BasicTypeReference@8d5f3f3
2026-02-09 13:19:55 - DEBUG - o.hibernate.type.BasicTypeRegistry - Adding type registration nstring -> org.hibernate.type.BasicTypeReference@1f8246c9
2026-02-09 13:19:55 - DEBUG - o.hibernate.type.BasicTypeRegistry - Adding type registration characters -> org.hibernate.type.BasicTypeReference@6e5d3eb9
2026-02-09 13:19:55 - DEBUG - o.hibernate.type.BasicTypeRegistry - Adding type registration char[] -> org.hibernate.type.BasicTypeReference@6e5d3eb9
2026-02-09 13:19:55 - DEBUG - o.hibernate.type.BasicTypeRegistry - Adding type registration [C -> org.hibernate.type.BasicTypeReference@6e5d3eb9
2026-02-09 13:19:55 - DEBUG - o.hibernate.type.BasicTypeRegistry - Adding type registration wrapper-characters -> org.hibernate.type.BasicTypeReference@3b6a966c
2026-02-09 13:19:55 - DEBUG - o.hibernate.type.BasicTypeRegistry - Adding type registration text -> org.hibernate.type.BasicTypeReference@1c87b099
2026-02-09 13:19:55 - DEBUG - o.hibernate.type.BasicTypeRegistry - Adding type registration ntext -> org.hibernate.type.BasicTypeReference@113e19ce
2026-02-09 13:19:55 - DEBUG - o.hibernate.type.BasicTypeRegistry - Adding type registration clob -> org.hibernate.type.BasicTypeReference@169155a6
2026-02-09 13:19:55 - DEBUG - o.hibernate.type.BasicTypeRegistry - Adding type registration java.sql.Clob -> org.hibernate.type.BasicTypeReference@169155a6
2026-02-09 13:19:55 - DEBUG - o.hibernate.type.BasicTypeRegistry - Adding type registration nclob -> org.hibernate.type.BasicTypeReference@792768ee
2026-02-09 13:19:55 - DEBUG - o.hibernate.type.BasicTypeRegistry - Adding type registration java.sql.NClob -> org.hibernate.type.BasicTypeReference@792768ee
2026-02-09 13:19:55 - DEBUG - o.hibernate.type.BasicTypeRegistry - Adding type registration materialized_clob -> org.hibernate.type.BasicTypeReference@58850c2b
2026-02-09 13:19:55 - DEBUG - o.hibernate.type.BasicTypeRegistry - Adding type registration materialized_clob_char_array -> org.hibernate.type.BasicTypeReference@39149e9c
2026-02-09 13:19:55 - DEBUG - o.hibernate.type.BasicTypeRegistry - Adding type registration materialized_clob_character_array -> org.hibernate.type.BasicTypeReference@2534c07d
2026-02-09 13:19:55 - DEBUG - o.hibernate.type.BasicTypeRegistry - Adding type registration materialized_nclob -> org.hibernate.type.BasicTypeReference@6796bc2d
2026-02-09 13:19:55 - DEBUG - o.hibernate.type.BasicTypeRegistry - Adding type registration materialized_nclob_character_array -> org.hibernate.type.BasicTypeReference@170210a0
2026-02-09 13:19:55 - DEBUG - o.hibernate.type.BasicTypeRegistry - Adding type registration materialized_nclob_char_array -> org.hibernate.type.BasicTypeReference@a7f9ca2
2026-02-09 13:19:55 - DEBUG - o.hibernate.type.BasicTypeRegistry - Adding type registration Duration -> org.hibernate.type.BasicTypeReference@9cb82b8
2026-02-09 13:19:55 - DEBUG - o.hibernate.type.BasicTypeRegistry - Adding type registration java.time.Duration -> org.hibernate.type.BasicTypeReference@9cb82b8
2026-02-09 13:19:55 - DEBUG - o.hibernate.type.BasicTypeRegistry - Adding type registration LocalDateTime -> org.hibernate.type.BasicTypeReference@5bee3078
2026-02-09 13:19:55 - DEBUG - o.hibernate.type.BasicTypeRegistry - Adding type registration java.time.LocalDateTime -> org.hibernate.type.BasicTypeReference@5bee3078
2026-02-09 13:19:55 - DEBUG - o.hibernate.type.BasicTypeRegistry - Adding type registration LocalDate -> org.hibernate.type.BasicTypeReference@5ceebcb5
2026-02-09 13:19:55 - DEBUG - o.hibernate.type.BasicTypeRegistry - Adding type registration java.time.LocalDate -> org.hibernate.type.BasicTypeReference@5ceebcb5
2026-02-09 13:19:55 - DEBUG - o.hibernate.type.BasicTypeRegistry - Adding type registration LocalTime -> org.hibernate.type.BasicTypeReference@2a82a106
2026-02-09 13:19:55 - DEBUG - o.hibernate.type.BasicTypeRegistry - Adding type registration java.time.LocalTime -> org.hibernate.type.BasicTypeReference@2a82a106
2026-02-09 13:19:55 - DEBUG - o.hibernate.type.BasicTypeRegistry - Adding type registration OffsetDateTime -> org.hibernate.type.BasicTypeReference@7f8928ac
2026-02-09 13:19:55 - DEBUG - o.hibernate.type.BasicTypeRegistry - Adding type registration java.time.OffsetDateTime -> org.hibernate.type.BasicTypeReference@7f8928ac
2026-02-09 13:19:55 - DEBUG - o.hibernate.type.BasicTypeRegistry - Adding type registration OffsetDateTimeWithTimezone -> org.hibernate.type.BasicTypeReference@554ebad5
2026-02-09 13:19:55 - DEBUG - o.hibernate.type.BasicTypeRegistry - Adding type registration OffsetDateTimeWithoutTimezone -> org.hibernate.type.BasicTypeReference@7c6cbfdd
2026-02-09 13:19:55 - DEBUG - o.hibernate.type.BasicTypeRegistry - Adding type registration OffsetTime -> org.hibernate.type.BasicTypeReference@4359bbc7
2026-02-09 13:19:55 - DEBUG - o.hibernate.type.BasicTypeRegistry - Adding type registration java.time.OffsetTime -> org.hibernate.type.BasicTypeReference@4359bbc7
2026-02-09 13:19:55 - DEBUG - o.hibernate.type.BasicTypeRegistry - Adding type registration OffsetTimeUtc -> org.hibernate.type.BasicTypeReference@75a33748
2026-02-09 13:19:55 - DEBUG - o.hibernate.type.BasicTypeRegistry - Adding type registration OffsetTimeWithTimezone -> org.hibernate.type.BasicTypeReference@559bb33b
2026-02-09 13:19:55 - DEBUG - o.hibernate.type.BasicTypeRegistry - Adding type registration OffsetTimeWithoutTimezone -> org.hibernate.type.BasicTypeReference@4c906c02
2026-02-09 13:19:55 - DEBUG - o.hibernate.type.BasicTypeRegistry - Adding type registration ZonedDateTime -> org.hibernate.type.BasicTypeReference@429961d4
2026-02-09 13:19:55 - DEBUG - o.hibernate.type.BasicTypeRegistry - Adding type registration java.time.ZonedDateTime -> org.hibernate.type.BasicTypeReference@429961d4
2026-02-09 13:19:55 - DEBUG - o.hibernate.type.BasicTypeRegistry - Adding type registration ZonedDateTimeWithTimezone -> org.hibernate.type.BasicTypeReference@2eec17b8
2026-02-09 13:19:55 - DEBUG - o.hibernate.type.BasicTypeRegistry - Adding type registration ZonedDateTimeWithoutTimezone -> org.hibernate.type.BasicTypeReference@26e66b35
2026-02-09 13:19:55 - DEBUG - o.hibernate.type.BasicTypeRegistry - Adding type registration date -> org.hibernate.type.BasicTypeReference@69d9f397
2026-02-09 13:19:55 - DEBUG - o.hibernate.type.BasicTypeRegistry - Adding type registration java.sql.Date -> org.hibernate.type.BasicTypeReference@69d9f397
2026-02-09 13:19:55 - DEBUG - o.hibernate.type.BasicTypeRegistry - Adding type registration time -> org.hibernate.type.BasicTypeReference@6047a8b9
2026-02-09 13:19:55 - DEBUG - o.hibernate.type.BasicTypeRegistry - Adding type registration java.sql.Time -> org.hibernate.type.BasicTypeReference@6047a8b9
2026-02-09 13:19:55 - DEBUG - o.hibernate.type.BasicTypeRegistry - Adding type registration timestamp -> org.hibernate.type.BasicTypeReference@2ed822de
2026-02-09 13:19:55 - DEBUG - o.hibernate.type.BasicTypeRegistry - Adding type registration java.sql.Timestamp -> org.hibernate.type.BasicTypeReference@2ed822de
2026-02-09 13:19:55 - DEBUG - o.hibernate.type.BasicTypeRegistry - Adding type registration java.util.Date -> org.hibernate.type.BasicTypeReference@2ed822de
2026-02-09 13:19:55 - DEBUG - o.hibernate.type.BasicTypeRegistry - Adding type registration calendar -> org.hibernate.type.BasicTypeReference@3bf24bf3
2026-02-09 13:19:55 - DEBUG - o.hibernate.type.BasicTypeRegistry - Adding type registration java.util.Calendar -> org.hibernate.type.BasicTypeReference@3bf24bf3
2026-02-09 13:19:55 - DEBUG - o.hibernate.type.BasicTypeRegistry - Adding type registration java.util.GregorianCalendar -> org.hibernate.type.BasicTypeReference@3bf24bf3
2026-02-09 13:19:55 - DEBUG - o.hibernate.type.BasicTypeRegistry - Adding type registration calendar_date -> org.hibernate.type.BasicTypeReference@1d114251
2026-02-09 13:19:55 - DEBUG - o.hibernate.type.BasicTypeRegistry - Adding type registration calendar_time -> org.hibernate.type.BasicTypeReference@404e332a
2026-02-09 13:19:55 - DEBUG - o.hibernate.type.BasicTypeRegistry - Adding type registration instant -> org.hibernate.type.BasicTypeReference@2fef372f
2026-02-09 13:19:55 - DEBUG - o.hibernate.type.BasicTypeRegistry - Adding type registration java.time.Instant -> org.hibernate.type.BasicTypeReference@2fef372f
2026-02-09 13:19:55 - DEBUG - o.hibernate.type.BasicTypeRegistry - Adding type registration uuid -> org.hibernate.type.BasicTypeReference@6eb5cf2
2026-02-09 13:19:55 - DEBUG - o.hibernate.type.BasicTypeRegistry - Adding type registration java.util.UUID -> org.hibernate.type.BasicTypeReference@6eb5cf2
2026-02-09 13:19:55 - DEBUG - o.hibernate.type.BasicTypeRegistry - Adding type registration pg-uuid -> org.hibernate.type.BasicTypeReference@6eb5cf2
2026-02-09 13:19:55 - DEBUG - o.hibernate.type.BasicTypeRegistry - Adding type registration uuid-binary -> org.hibernate.type.BasicTypeReference@11ff95b4
2026-02-09 13:19:55 - DEBUG - o.hibernate.type.BasicTypeRegistry - Adding type registration uuid-char -> org.hibernate.type.BasicTypeReference@209923c2
2026-02-09 13:19:55 - DEBUG - o.hibernate.type.BasicTypeRegistry - Adding type registration class -> org.hibernate.type.BasicTypeReference@76192eb1
2026-02-09 13:19:55 - DEBUG - o.hibernate.type.BasicTypeRegistry - Adding type registration java.lang.Class -> org.hibernate.type.BasicTypeReference@76192eb1
2026-02-09 13:19:55 - DEBUG - o.hibernate.type.BasicTypeRegistry - Adding type registration currency -> org.hibernate.type.BasicTypeReference@2a49e04c
2026-02-09 13:19:55 - DEBUG - o.hibernate.type.BasicTypeRegistry - Adding type registration Currency -> org.hibernate.type.BasicTypeReference@2a49e04c
2026-02-09 13:19:55 - DEBUG - o.hibernate.type.BasicTypeRegistry - Adding type registration java.util.Currency -> org.hibernate.type.BasicTypeReference@2a49e04c
2026-02-09 13:19:55 - DEBUG - o.hibernate.type.BasicTypeRegistry - Adding type registration locale -> org.hibernate.type.BasicTypeReference@47f68284
2026-02-09 13:19:55 - DEBUG - o.hibernate.type.BasicTypeRegistry - Adding type registration java.util.Locale -> org.hibernate.type.BasicTypeReference@47f68284
2026-02-09 13:19:55 - DEBUG - o.hibernate.type.BasicTypeRegistry - Adding type registration serializable -> org.hibernate.type.BasicTypeReference@2e182e8b
2026-02-09 13:19:55 - DEBUG - o.hibernate.type.BasicTypeRegistry - Adding type registration java.io.Serializable -> org.hibernate.type.BasicTypeReference@2e182e8b
2026-02-09 13:19:55 - DEBUG - o.hibernate.type.BasicTypeRegistry - Adding type registration timezone -> org.hibernate.type.BasicTypeReference@11cbf15f
2026-02-09 13:19:55 - DEBUG - o.hibernate.type.BasicTypeRegistry - Adding type registration java.util.TimeZone -> org.hibernate.type.BasicTypeReference@11cbf15f
2026-02-09 13:19:55 - DEBUG - o.hibernate.type.BasicTypeRegistry - Adding type registration ZoneOffset -> org.hibernate.type.BasicTypeReference@74e538aa
2026-02-09 13:19:55 - DEBUG - o.hibernate.type.BasicTypeRegistry - Adding type registration java.time.ZoneOffset -> org.hibernate.type.BasicTypeReference@74e538aa
2026-02-09 13:19:55 - DEBUG - o.hibernate.type.BasicTypeRegistry - Adding type registration url -> org.hibernate.type.BasicTypeReference@7747610
2026-02-09 13:19:55 - DEBUG - o.hibernate.type.BasicTypeRegistry - Adding type registration java.net.URL -> org.hibernate.type.BasicTypeReference@7747610
2026-02-09 13:19:55 - DEBUG - o.hibernate.type.BasicTypeRegistry - Adding type registration vector -> org.hibernate.type.BasicTypeReference@68776c03
2026-02-09 13:19:55 - DEBUG - o.hibernate.type.BasicTypeRegistry - Adding type registration float_vector -> org.hibernate.type.BasicTypeReference@2678295b
2026-02-09 13:19:55 - DEBUG - o.hibernate.type.BasicTypeRegistry - Adding type registration double_vector -> org.hibernate.type.BasicTypeReference@7b056556
2026-02-09 13:19:55 - DEBUG - o.hibernate.type.BasicTypeRegistry - Adding type registration byte_vector -> org.hibernate.type.BasicTypeReference@5f6558d0
2026-02-09 13:19:55 - DEBUG - o.hibernate.type.BasicTypeRegistry - Adding type registration row_version -> org.hibernate.type.BasicTypeReference@ca1204b
2026-02-09 13:19:55 - DEBUG - o.hibernate.type.BasicTypeRegistry - Adding type registration object -> org.hibernate.type.JavaObjectType@1eb9b70c
2026-02-09 13:19:55 - DEBUG - o.hibernate.type.BasicTypeRegistry - Adding type registration java.lang.Object -> org.hibernate.type.JavaObjectType@1eb9b70c
2026-02-09 13:19:55 - DEBUG - o.hibernate.type.BasicTypeRegistry - Adding type registration null -> org.hibernate.type.NullType@4b2e8453
2026-02-09 13:19:55 - DEBUG - o.hibernate.type.BasicTypeRegistry - Adding type registration imm_date -> org.hibernate.type.BasicTypeReference@f3269f7
2026-02-09 13:19:55 - DEBUG - o.hibernate.type.BasicTypeRegistry - Adding type registration imm_time -> org.hibernate.type.BasicTypeReference@e18af48
2026-02-09 13:19:55 - DEBUG - o.hibernate.type.BasicTypeRegistry - Adding type registration imm_timestamp -> org.hibernate.type.BasicTypeReference@46a230c3
2026-02-09 13:19:55 - DEBUG - o.hibernate.type.BasicTypeRegistry - Adding type registration imm_calendar -> org.hibernate.type.BasicTypeReference@79912858
2026-02-09 13:19:55 - DEBUG - o.hibernate.type.BasicTypeRegistry - Adding type registration imm_calendar_date -> org.hibernate.type.BasicTypeReference@65f08b4c
2026-02-09 13:19:55 - DEBUG - o.hibernate.type.BasicTypeRegistry - Adding type registration imm_calendar_time -> org.hibernate.type.BasicTypeReference@2ed90a55
2026-02-09 13:19:55 - DEBUG - o.hibernate.type.BasicTypeRegistry - Adding type registration imm_binary -> org.hibernate.type.BasicTypeReference@79aa0365
2026-02-09 13:19:55 - DEBUG - o.hibernate.type.BasicTypeRegistry - Adding type registration imm_serializable -> org.hibernate.type.BasicTypeReference@98937e0
2026-02-09 13:19:55 - DEBUG - o.h.b.internal.BootstrapContextImpl - Injecting JPA temp ClassLoader [org.springframework.instrument.classloading.SimpleThrowawayClassLoader@57611871] into BootstrapContext; was [null]
2026-02-09 13:19:55 - DEBUG - o.h.b.internal.ClassLoaderAccessImpl - ClassLoaderAccessImpl#injectTempClassLoader(org.springframework.instrument.classloading.SimpleThrowawayClassLoader@57611871) [was null]
2026-02-09 13:19:55 - DEBUG - o.h.b.internal.BootstrapContextImpl - Injecting ScanEnvironment [org.hibernate.jpa.boot.internal.StandardJpaScanEnvironmentImpl@64bf5117] into BootstrapContext; was [null]
2026-02-09 13:19:55 - DEBUG - o.h.b.internal.BootstrapContextImpl - Injecting ScanOptions [org.hibernate.boot.archive.scan.internal.StandardScanOptions@4a5a7bae] into BootstrapContext; was [org.hibernate.boot.archive.scan.internal.StandardScanOptions@12f901bb]
2026-02-09 13:19:55 - DEBUG - o.h.j.b.i.PersistenceUnitInfoDescriptor - Pushing class transformers for PU named 'default' on loading classloader jdk.internal.loader.ClassLoaders$AppClassLoader@1d44bcfa
2026-02-09 13:19:55 - INFO - o.s.o.j.p.SpringPersistenceUnitInfo - No LoadTimeWeaver setup: ignoring JPA class transformer
2026-02-09 13:19:55 - DEBUG - o.h.b.internal.BootstrapContextImpl - Injecting JPA temp ClassLoader [null] into BootstrapContext; was [org.springframework.instrument.classloading.SimpleThrowawayClassLoader@57611871]
2026-02-09 13:19:55 - DEBUG - o.h.b.internal.ClassLoaderAccessImpl - ClassLoaderAccessImpl#injectTempClassLoader(null) [was org.springframework.instrument.classloading.SimpleThrowawayClassLoader@57611871]
2026-02-09 13:19:55 - DEBUG - com.zaxxer.hikari.HikariConfig - HikariPool-1 - configuration:
2026-02-09 13:19:55 - DEBUG - sun.rmi.transport.tcp - RMI TCP Connection(2)-127.0.0.1: (port 65417) op = 82
2026-02-09 13:19:55 - DEBUG - sun.rmi.transport.tcp - RMI TCP Connection(2)-127.0.0.1: (port 65417) op = 80
2026-02-09 13:19:55 - DEBUG - sun.rmi.loader - RMI TCP Connection(2)-127.0.0.1: name = "javax.management.ObjectName", codebase = ""
2026-02-09 13:19:55 - DEBUG - javax.management.remote.rmi - connectionId=rmi://127.0.0.1  1, name=org.springframework.boot:type=Admin,name=SpringApplication, attribute=Ready
2026-02-09 13:19:55 - DEBUG - sun.rmi.server.call - RMI TCP Connection(2)-127.0.0.1: [127.0.0.1] exception: 
javax.management.InstanceNotFoundException: org.springframework.boot:type=Admin,name=SpringApplication
	at java.management/com.sun.jmx.interceptor.DefaultMBeanServerInterceptor.getMBean(DefaultMBeanServerInterceptor.java:1088)
	at java.management/com.sun.jmx.interceptor.DefaultMBeanServerInterceptor.getAttribute(DefaultMBeanServerInterceptor.java:640)
	at java.management/com.sun.jmx.mbeanserver.JmxMBeanServer.getAttribute(JmxMBeanServer.java:679)
	at java.management.rmi/javax.management.remote.rmi.RMIConnectionImpl.doOperation(RMIConnectionImpl.java:1449)
	at java.management.rmi/javax.management.remote.rmi.RMIConnectionImpl$PrivilegedOperation.run(RMIConnectionImpl.java:1310)
	at java.management.rmi/javax.management.remote.rmi.RMIConnectionImpl.doPrivilegedOperation(RMIConnectionImpl.java:1405)
	at java.management.rmi/javax.management.remote.rmi.RMIConnectionImpl.getAttribute(RMIConnectionImpl.java:639)
	at java.base/jdk.internal.reflect.NativeMethodAccessorImpl.invoke0(Native Method)
	at java.base/jdk.internal.reflect.NativeMethodAccessorImpl.invoke(NativeMethodAccessorImpl.java:77)
	at java.base/jdk.internal.reflect.DelegatingMethodAccessorImpl.invoke(DelegatingMethodAccessorImpl.java:43)
	at java.base/java.lang.reflect.Method.invoke(Method.java:568)
	at java.rmi/sun.rmi.server.UnicastServerRef.dispatch(UnicastServerRef.java:360)
	at java.rmi/sun.rmi.transport.Transport$1.run(Transport.java:200)
	at java.rmi/sun.rmi.transport.Transport$1.run(Transport.java:197)
	at java.base/java.security.AccessController.doPrivileged(AccessController.java:712)
	at java.rmi/sun.rmi.transport.Transport.serviceCall(Transport.java:196)
	at java.rmi/sun.rmi.transport.tcp.TCPTransport.handleMessages(TCPTransport.java:587)
	at java.rmi/sun.rmi.transport.tcp.TCPTransport$ConnectionHandler.run0(TCPTransport.java:828)
	at java.rmi/sun.rmi.transport.tcp.TCPTransport$ConnectionHandler.lambda$run$0(TCPTransport.java:705)
	at java.base/java.security.AccessController.doPrivileged(AccessController.java:399)
	at java.rmi/sun.rmi.transport.tcp.TCPTransport$ConnectionHandler.run(TCPTransport.java:704)
	at java.base/java.util.concurrent.ThreadPoolExecutor.runWorker(ThreadPoolExecutor.java:1136)
	at java.base/java.util.concurrent.ThreadPoolExecutor$Worker.run(ThreadPoolExecutor.java:635)
	at java.base/java.lang.Thread.run(Thread.java:842)
2026-02-09 13:19:55 - DEBUG - com.zaxxer.hikari.HikariConfig - allowPoolSuspension.............false
2026-02-09 13:19:55 - DEBUG - com.zaxxer.hikari.HikariConfig - autoCommit......................true
2026-02-09 13:19:55 - DEBUG - com.zaxxer.hikari.HikariConfig - catalog.........................none
2026-02-09 13:19:55 - DEBUG - com.zaxxer.hikari.HikariConfig - connectionInitSql...............none
2026-02-09 13:19:55 - DEBUG - com.zaxxer.hikari.HikariConfig - connectionTestQuery.............none
2026-02-09 13:19:55 - DEBUG - com.zaxxer.hikari.HikariConfig - connectionTimeout...............30000
2026-02-09 13:19:55 - DEBUG - com.zaxxer.hikari.HikariConfig - credentials.....................com.zaxxer.hikari.util.Credentials@4b1274f8
2026-02-09 13:19:55 - DEBUG - com.zaxxer.hikari.HikariConfig - dataSource......................none
2026-02-09 13:19:55 - DEBUG - com.zaxxer.hikari.HikariConfig - dataSourceClassName.............none
2026-02-09 13:19:55 - DEBUG - com.zaxxer.hikari.HikariConfig - dataSourceJNDI..................none
2026-02-09 13:19:55 - DEBUG - com.zaxxer.hikari.HikariConfig - dataSourceProperties............{password=<masked>}
2026-02-09 13:19:55 - DEBUG - com.zaxxer.hikari.HikariConfig - driverClassName................."com.mysql.cj.jdbc.Driver"
2026-02-09 13:19:55 - DEBUG - com.zaxxer.hikari.HikariConfig - exceptionOverride...............none
2026-02-09 13:19:55 - DEBUG - com.zaxxer.hikari.HikariConfig - exceptionOverrideClassName......none
2026-02-09 13:19:55 - DEBUG - com.zaxxer.hikari.HikariConfig - healthCheckProperties...........{}
2026-02-09 13:19:55 - DEBUG - com.zaxxer.hikari.HikariConfig - healthCheckRegistry.............none
2026-02-09 13:19:55 - DEBUG - com.zaxxer.hikari.HikariConfig - idleTimeout.....................600000
2026-02-09 13:19:55 - DEBUG - com.zaxxer.hikari.HikariConfig - initializationFailTimeout.......1
2026-02-09 13:19:55 - DEBUG - com.zaxxer.hikari.HikariConfig - isolateInternalQueries..........false
2026-02-09 13:19:55 - DEBUG - com.zaxxer.hikari.HikariConfig - jdbcUrl.........................jdbc:mysql://localhost:3306/enterpriseflow_dev
2026-02-09 13:19:55 - DEBUG - com.zaxxer.hikari.HikariConfig - keepaliveTime...................120000
2026-02-09 13:19:55 - DEBUG - com.zaxxer.hikari.HikariConfig - leakDetectionThreshold..........0
2026-02-09 13:19:55 - DEBUG - com.zaxxer.hikari.HikariConfig - maxLifetime.....................1800000
2026-02-09 13:19:55 - DEBUG - com.zaxxer.hikari.HikariConfig - maximumPoolSize.................10
2026-02-09 13:19:55 - DEBUG - com.zaxxer.hikari.HikariConfig - metricRegistry..................none
2026-02-09 13:19:55 - DEBUG - com.zaxxer.hikari.HikariConfig - metricsTrackerFactory...........none
2026-02-09 13:19:55 - DEBUG - com.zaxxer.hikari.HikariConfig - minimumIdle.....................10
2026-02-09 13:19:55 - DEBUG - com.zaxxer.hikari.HikariConfig - password........................<masked>
2026-02-09 13:19:55 - DEBUG - com.zaxxer.hikari.HikariConfig - poolName........................"HikariPool-1"
2026-02-09 13:19:55 - DEBUG - com.zaxxer.hikari.HikariConfig - readOnly........................false
2026-02-09 13:19:55 - DEBUG - com.zaxxer.hikari.HikariConfig - registerMbeans..................false
2026-02-09 13:19:55 - DEBUG - com.zaxxer.hikari.HikariConfig - scheduledExecutor...............none
2026-02-09 13:19:55 - DEBUG - com.zaxxer.hikari.HikariConfig - schema..........................none
2026-02-09 13:19:55 - DEBUG - com.zaxxer.hikari.HikariConfig - threadFactory...................internal
2026-02-09 13:19:55 - DEBUG - com.zaxxer.hikari.HikariConfig - transactionIsolation............default
2026-02-09 13:19:55 - DEBUG - com.zaxxer.hikari.HikariConfig - username........................"root"
2026-02-09 13:19:55 - DEBUG - com.zaxxer.hikari.HikariConfig - validationTimeout...............5000
2026-02-09 13:19:55 - INFO - com.zaxxer.hikari.HikariDataSource - HikariPool-1 - Starting...
2026-02-09 13:19:55 - DEBUG - com.zaxxer.hikari.pool.PoolBase - HikariPool-1 - Attempting to create/setup new connection (76fd1fb7-1985-4211-bb52-24e3a6638f03)
2026-02-09 13:19:56 - DEBUG - sun.rmi.transport.tcp - RMI TCP Connection(2)-127.0.0.1: (port 65417) op = 82
2026-02-09 13:19:56 - DEBUG - sun.rmi.transport.tcp - RMI TCP Connection(2)-127.0.0.1: (port 65417) op = 80
2026-02-09 13:19:56 - DEBUG - sun.rmi.loader - RMI TCP Connection(2)-127.0.0.1: name = "javax.management.ObjectName", codebase = ""
2026-02-09 13:19:56 - DEBUG - javax.management.remote.rmi - connectionId=rmi://127.0.0.1  1, name=org.springframework.boot:type=Admin,name=SpringApplication, attribute=Ready
2026-02-09 13:19:56 - DEBUG - sun.rmi.server.call - RMI TCP Connection(2)-127.0.0.1: [127.0.0.1] exception: 
javax.management.InstanceNotFoundException: org.springframework.boot:type=Admin,name=SpringApplication
	at java.management/com.sun.jmx.interceptor.DefaultMBeanServerInterceptor.getMBean(DefaultMBeanServerInterceptor.java:1088)
	at java.management/com.sun.jmx.interceptor.DefaultMBeanServerInterceptor.getAttribute(DefaultMBeanServerInterceptor.java:640)
	at java.management/com.sun.jmx.mbeanserver.JmxMBeanServer.getAttribute(JmxMBeanServer.java:679)
	at java.management.rmi/javax.management.remote.rmi.RMIConnectionImpl.doOperation(RMIConnectionImpl.java:1449)
	at java.management.rmi/javax.management.remote.rmi.RMIConnectionImpl$PrivilegedOperation.run(RMIConnectionImpl.java:1310)
	at java.management.rmi/javax.management.remote.rmi.RMIConnectionImpl.doPrivilegedOperation(RMIConnectionImpl.java:1405)
	at java.management.rmi/javax.management.remote.rmi.RMIConnectionImpl.getAttribute(RMIConnectionImpl.java:639)
	at java.base/jdk.internal.reflect.NativeMethodAccessorImpl.invoke0(Native Method)
	at java.base/jdk.internal.reflect.NativeMethodAccessorImpl.invoke(NativeMethodAccessorImpl.java:77)
	at java.base/jdk.internal.reflect.DelegatingMethodAccessorImpl.invoke(DelegatingMethodAccessorImpl.java:43)
	at java.base/java.lang.reflect.Method.invoke(Method.java:568)
	at java.rmi/sun.rmi.server.UnicastServerRef.dispatch(UnicastServerRef.java:360)
	at java.rmi/sun.rmi.transport.Transport$1.run(Transport.java:200)
	at java.rmi/sun.rmi.transport.Transport$1.run(Transport.java:197)
	at java.base/java.security.AccessController.doPrivileged(AccessController.java:712)
	at java.rmi/sun.rmi.transport.Transport.serviceCall(Transport.java:196)
	at java.rmi/sun.rmi.transport.tcp.TCPTransport.handleMessages(TCPTransport.java:587)
	at java.rmi/sun.rmi.transport.tcp.TCPTransport$ConnectionHandler.run0(TCPTransport.java:828)
	at java.rmi/sun.rmi.transport.tcp.TCPTransport$ConnectionHandler.lambda$run$0(TCPTransport.java:705)
	at java.base/java.security.AccessController.doPrivileged(AccessController.java:399)
	at java.rmi/sun.rmi.transport.tcp.TCPTransport$ConnectionHandler.run(TCPTransport.java:704)
	at java.base/java.util.concurrent.ThreadPoolExecutor.runWorker(ThreadPoolExecutor.java:1136)
	at java.base/java.util.concurrent.ThreadPoolExecutor$Worker.run(ThreadPoolExecutor.java:635)
	at java.base/java.lang.Thread.run(Thread.java:842)
2026-02-09 13:19:56 - DEBUG - jdk.event.security - X509Certificate: Alg:SHA256withRSA, Serial:2, Subject:CN=MySQL_Server_8.0.44_Auto_Generated_Server_Certificate, Issuer:CN=MySQL_Server_8.0.44_Auto_Generated_CA_Certificate, Key type:RSA, Length:2048, Cert Id:-2083527354, Valid from:18/11/25, 1:08 am, Valid until:16/11/35, 1:08 am
2026-02-09 13:19:56 - DEBUG - jdk.event.security - X509Certificate: Alg:SHA256withRSA, Serial:1, Subject:CN=MySQL_Server_8.0.44_Auto_Generated_CA_Certificate, Issuer:CN=MySQL_Server_8.0.44_Auto_Generated_CA_Certificate, Key type:RSA, Length:2048, Cert Id:2001388535, Valid from:18/11/25, 1:08 am, Valid until:16/11/35, 1:08 am
2026-02-09 13:19:56 - DEBUG - jdk.event.security -  TLSHandshake: localhost:3306, TLSv1.3, TLS_AES_256_GCM_SHA384, -2083527354
2026-02-09 13:19:56 - DEBUG - com.zaxxer.hikari.pool.PoolBase - HikariPool-1 - Established new connection (76fd1fb7-1985-4211-bb52-24e3a6638f03)
2026-02-09 13:19:56 - INFO - com.zaxxer.hikari.pool.HikariPool - HikariPool-1 - Added connection com.mysql.cj.jdbc.ConnectionImpl@414a13c2
2026-02-09 13:19:56 - INFO - com.zaxxer.hikari.HikariDataSource - HikariPool-1 - Start completed.
2026-02-09 13:19:56 - DEBUG - o.h.e.j.e.i.JdbcEnvironmentInitiator - Database ->
	   name : MySQL
	version : 8.0.44
	  major : 8
	  minor : 0
2026-02-09 13:19:56 - DEBUG - o.h.e.j.e.i.JdbcEnvironmentInitiator - Driver ->
	   name : MySQL Connector/J
	version : mysql-connector-j-9.5.0 (Revision: a7b3c94f50efbddb9f0dd69b3e0d1aaa25305cd6)
	  major : 9
	  minor : 5
2026-02-09 13:19:56 - DEBUG - o.h.e.j.e.i.JdbcEnvironmentInitiator - JDBC version : 4.2
2026-02-09 13:19:56 - DEBUG - com.zaxxer.hikari.pool.HikariPool - HikariPool-1 - Pool stats (total=1/10, idle=0/10, active=1, waiting=0)
2026-02-09 13:19:56 - DEBUG - com.zaxxer.hikari.pool.PoolBase - HikariPool-1 - Attempting to create/setup new connection (5249d0a8-e90c-42c0-87a2-77948a73e331)
2026-02-09 13:19:56 - DEBUG - jdk.event.security - X509Certificate: Alg:SHA256withRSA, Serial:2, Subject:CN=MySQL_Server_8.0.44_Auto_Generated_Server_Certificate, Issuer:CN=MySQL_Server_8.0.44_Auto_Generated_CA_Certificate, Key type:RSA, Length:2048, Cert Id:-2083527354, Valid from:18/11/25, 1:08 am, Valid until:16/11/35, 1:08 am
2026-02-09 13:19:56 - DEBUG - jdk.event.security - X509Certificate: Alg:SHA256withRSA, Serial:1, Subject:CN=MySQL_Server_8.0.44_Auto_Generated_CA_Certificate, Issuer:CN=MySQL_Server_8.0.44_Auto_Generated_CA_Certificate, Key type:RSA, Length:2048, Cert Id:2001388535, Valid from:18/11/25, 1:08 am, Valid until:16/11/35, 1:08 am
2026-02-09 13:19:56 - DEBUG - jdk.event.security -  TLSHandshake: localhost:3306, TLSv1.3, TLS_AES_256_GCM_SHA384, -2083527354
2026-02-09 13:19:56 - DEBUG - com.zaxxer.hikari.pool.PoolBase - HikariPool-1 - Established new connection (5249d0a8-e90c-42c0-87a2-77948a73e331)
2026-02-09 13:19:56 - DEBUG - com.zaxxer.hikari.pool.HikariPool - HikariPool-1 - Added connection com.mysql.cj.jdbc.ConnectionImpl@14fac9d7
2026-02-09 13:19:56 - DEBUG - org.hibernate.orm.dialect - HHH035001: Using dialect: org.hibernate.dialect.MySQLDialect, version: 8.0.44
2026-02-09 13:19:56 - DEBUG - o.h.e.j.e.s.IdentifierHelperBuilder - IdentifierCaseStrategy for both quoted and unquoted identifiers was set to the same strategy [LOWER]; that will likely lead to problems in schema update and validation if using quoted identifiers
2026-02-09 13:19:56 - DEBUG - com.zaxxer.hikari.pool.HikariPool - HikariPool-1 - After adding stats (total=2/10, idle=1/10, active=1, waiting=0)
2026-02-09 13:19:56 - DEBUG - com.zaxxer.hikari.pool.PoolBase - HikariPool-1 - Attempting to create/setup new connection (c6289766-da7a-45c8-8648-f00b61dd30df)
2026-02-09 13:19:56 - DEBUG - jdk.event.security - X509Certificate: Alg:SHA256withRSA, Serial:2, Subject:CN=MySQL_Server_8.0.44_Auto_Generated_Server_Certificate, Issuer:CN=MySQL_Server_8.0.44_Auto_Generated_CA_Certificate, Key type:RSA, Length:2048, Cert Id:-2083527354, Valid from:18/11/25, 1:08 am, Valid until:16/11/35, 1:08 am
2026-02-09 13:19:56 - DEBUG - jdk.event.security - X509Certificate: Alg:SHA256withRSA, Serial:1, Subject:CN=MySQL_Server_8.0.44_Auto_Generated_CA_Certificate, Issuer:CN=MySQL_Server_8.0.44_Auto_Generated_CA_Certificate, Key type:RSA, Length:2048, Cert Id:2001388535, Valid from:18/11/25, 1:08 am, Valid until:16/11/35, 1:08 am
2026-02-09 13:19:56 - DEBUG - jdk.event.security -  TLSHandshake: localhost:3306, TLSv1.3, TLS_AES_256_GCM_SHA384, -2083527354
2026-02-09 13:19:56 - INFO - o.hibernate.orm.connections.pooling - HHH10001005: Database info:
	Database JDBC URL [Connecting through datasource 'HikariDataSource (HikariPool-1)']
	Database driver: undefined/unknown
	Database version: 8.0.44
	Autocommit mode: undefined/unknown
	Isolation level: undefined/unknown
	Minimum pool size: undefined/unknown
	Maximum pool size: undefined/unknown
2026-02-09 13:19:56 - DEBUG - com.zaxxer.hikari.pool.PoolBase - HikariPool-1 - Established new connection (c6289766-da7a-45c8-8648-f00b61dd30df)
2026-02-09 13:19:56 - DEBUG - com.zaxxer.hikari.pool.HikariPool - HikariPool-1 - Added connection com.mysql.cj.jdbc.ConnectionImpl@453af186
2026-02-09 13:19:56 - DEBUG - o.h.t.d.sql.spi.DdlTypeRegistry - addDescriptor(12, org.hibernate.type.descriptor.sql.internal.CapacityDependentDdlType@60ca1ec4) replaced previous registration(org.hibernate.type.descriptor.sql.internal.CapacityDependentDdlType@2ed3b7c1)
2026-02-09 13:19:56 - DEBUG - o.h.t.d.sql.spi.DdlTypeRegistry - addDescriptor(-9, org.hibernate.type.descriptor.sql.internal.CapacityDependentDdlType@f40d03f) replaced previous registration(org.hibernate.type.descriptor.sql.internal.CapacityDependentDdlType@489e7b52)
2026-02-09 13:19:56 - DEBUG - o.h.t.d.sql.spi.DdlTypeRegistry - addDescriptor(-3, org.hibernate.type.descriptor.sql.internal.CapacityDependentDdlType@789270bb) replaced previous registration(org.hibernate.type.descriptor.sql.internal.CapacityDependentDdlType@4b4cadd7)
2026-02-09 13:19:56 - DEBUG - o.h.t.d.sql.spi.DdlTypeRegistry - addDescriptor(4003, org.hibernate.type.descriptor.sql.internal.DdlTypeImpl@42045da9) replaced previous registration(org.hibernate.type.descriptor.sql.internal.DdlTypeImpl@79fbfa50)
2026-02-09 13:19:56 - DEBUG - o.h.t.d.sql.spi.DdlTypeRegistry - addDescriptor(4001, org.hibernate.type.descriptor.sql.internal.DdlTypeImpl@12075a7c) replaced previous registration(org.hibernate.type.descriptor.sql.internal.DdlTypeImpl@3c8b6ffe)
2026-02-09 13:19:56 - DEBUG - o.h.t.d.sql.spi.DdlTypeRegistry - addDescriptor(4002, org.hibernate.type.descriptor.sql.internal.DdlTypeImpl@5c0284d3) replaced previous registration(org.hibernate.type.descriptor.sql.internal.DdlTypeImpl@7a0dcc79)
2026-02-09 13:19:56 - DEBUG - o.h.t.d.sql.spi.DdlTypeRegistry - addDescriptor(2004, org.hibernate.type.descriptor.sql.internal.CapacityDependentDdlType@52f1bdfe) replaced previous registration(org.hibernate.type.descriptor.sql.internal.DdlTypeImpl@35e2ccc1)
2026-02-09 13:19:56 - DEBUG - o.h.t.d.sql.spi.DdlTypeRegistry - addDescriptor(2005, org.hibernate.type.descriptor.sql.internal.CapacityDependentDdlType@7d0ef2b2) replaced previous registration(org.hibernate.type.descriptor.sql.internal.DdlTypeImpl@69f4876e)
2026-02-09 13:19:56 - DEBUG - o.h.t.d.sql.spi.DdlTypeRegistry - addDescriptor(2011, org.hibernate.type.descriptor.sql.internal.CapacityDependentDdlType@36b5d9e3) replaced previous registration(org.hibernate.type.descriptor.sql.internal.DdlTypeImpl@15129f30)
2026-02-09 13:19:56 - DEBUG - o.h.t.d.jdbc.spi.JdbcTypeRegistry - addDescriptor(NCharTypeDescriptor) replaced previous registration(CharTypeDescriptor)
2026-02-09 13:19:56 - DEBUG - o.h.t.d.jdbc.spi.JdbcTypeRegistry - addDescriptor(NVarcharTypeDescriptor) replaced previous registration(VarcharTypeDescriptor)
2026-02-09 13:19:56 - DEBUG - o.h.t.d.jdbc.spi.JdbcTypeRegistry - addDescriptor(LongNVarcharTypeDescriptor) replaced previous registration(LongVarcharTypeDescriptor)
2026-02-09 13:19:56 - DEBUG - o.h.t.d.jdbc.spi.JdbcTypeRegistry - addDescriptor(NClobTypeDescriptor(DEFAULT)) replaced previous registration(ClobTypeDescriptor(DEFAULT))
2026-02-09 13:19:56 - DEBUG - com.zaxxer.hikari.pool.HikariPool - HikariPool-1 - After adding stats (total=3/10, idle=3/10, active=0, waiting=0)
2026-02-09 13:19:56 - DEBUG - com.zaxxer.hikari.pool.PoolBase - HikariPool-1 - Attempting to create/setup new connection (fc69e236-7dea-4efe-87d8-5a2ed4d2229f)
2026-02-09 13:19:56 - DEBUG - o.hibernate.type.BasicTypeRegistry - Adding type registration null -> org.hibernate.type.NullType@3cdc2e7f
2026-02-09 13:19:56 - DEBUG - o.hibernate.type.BasicTypeRegistry - Type registration key [null] overrode previous entry : `org.hibernate.type.NullType@4b2e8453`
2026-02-09 13:19:56 - DEBUG - o.hibernate.type.BasicTypeRegistry - Adding type registration org.hibernate.type.DurationType -> basicType@1(java.time.Duration,3015)
2026-02-09 13:19:56 - DEBUG - o.hibernate.type.BasicTypeRegistry - Adding type registration Duration -> basicType@1(java.time.Duration,3015)
2026-02-09 13:19:56 - DEBUG - o.hibernate.type.BasicTypeRegistry - Adding type registration java.time.Duration -> basicType@1(java.time.Duration,3015)
2026-02-09 13:19:56 - DEBUG - jdk.event.security - X509Certificate: Alg:SHA256withRSA, Serial:2, Subject:CN=MySQL_Server_8.0.44_Auto_Generated_Server_Certificate, Issuer:CN=MySQL_Server_8.0.44_Auto_Generated_CA_Certificate, Key type:RSA, Length:2048, Cert Id:-2083527354, Valid from:18/11/25, 1:08 am, Valid until:16/11/35, 1:08 am
2026-02-09 13:19:56 - DEBUG - jdk.event.security - X509Certificate: Alg:SHA256withRSA, Serial:1, Subject:CN=MySQL_Server_8.0.44_Auto_Generated_CA_Certificate, Issuer:CN=MySQL_Server_8.0.44_Auto_Generated_CA_Certificate, Key type:RSA, Length:2048, Cert Id:2001388535, Valid from:18/11/25, 1:08 am, Valid until:16/11/35, 1:08 am
2026-02-09 13:19:56 - DEBUG - o.hibernate.type.BasicTypeRegistry - Adding type registration org.hibernate.type.OffsetDateTimeType -> basicType@2(java.time.OffsetDateTime,3003)
2026-02-09 13:19:56 - DEBUG - jdk.event.security -  TLSHandshake: localhost:3306, TLSv1.3, TLS_AES_256_GCM_SHA384, -2083527354
2026-02-09 13:19:56 - DEBUG - o.hibernate.type.BasicTypeRegistry - Adding type registration OffsetDateTime -> basicType@2(java.time.OffsetDateTime,3003)
2026-02-09 13:19:56 - DEBUG - o.hibernate.type.BasicTypeRegistry - Adding type registration java.time.OffsetDateTime -> basicType@2(java.time.OffsetDateTime,3003)
2026-02-09 13:19:56 - DEBUG - o.hibernate.type.BasicTypeRegistry - Adding type registration org.hibernate.type.ZonedDateTimeType -> basicType@3(java.time.ZonedDateTime,3003)
2026-02-09 13:19:56 - DEBUG - o.hibernate.type.BasicTypeRegistry - Adding type registration ZonedDateTime -> basicType@3(java.time.ZonedDateTime,3003)
2026-02-09 13:19:56 - DEBUG - o.hibernate.type.BasicTypeRegistry - Adding type registration java.time.ZonedDateTime -> basicType@3(java.time.ZonedDateTime,3003)
2026-02-09 13:19:56 - DEBUG - o.hibernate.type.BasicTypeRegistry - Adding type registration org.hibernate.type.OffsetTimeType -> basicType@4(java.time.OffsetTime,3007)
2026-02-09 13:19:56 - DEBUG - o.hibernate.type.BasicTypeRegistry - Adding type registration OffsetTime -> basicType@4(java.time.OffsetTime,3007)
2026-02-09 13:19:56 - DEBUG - o.hibernate.type.BasicTypeRegistry - Adding type registration java.time.OffsetTime -> basicType@4(java.time.OffsetTime,3007)
2026-02-09 13:19:56 - DEBUG - com.zaxxer.hikari.pool.PoolBase - HikariPool-1 - Established new connection (fc69e236-7dea-4efe-87d8-5a2ed4d2229f)
2026-02-09 13:19:56 - DEBUG - com.zaxxer.hikari.pool.HikariPool - HikariPool-1 - Added connection com.mysql.cj.jdbc.ConnectionImpl@3d02db4e
2026-02-09 13:19:56 - DEBUG - o.h.type.spi.TypeConfiguration$Scope - Scoping TypeConfiguration [org.hibernate.type.spi.TypeConfiguration@17fb6ef4] to MetadataBuildingContext [org.hibernate.boot.internal.MetadataBuildingContextRootImpl@2574d1b4]
2026-02-09 13:19:56 - DEBUG - com.zaxxer.hikari.pool.HikariPool - HikariPool-1 - After adding stats (total=4/10, idle=4/10, active=0, waiting=0)
2026-02-09 13:19:56 - DEBUG - com.zaxxer.hikari.pool.PoolBase - HikariPool-1 - Attempting to create/setup new connection (634a171c-2bd3-4d43-8221-6c2eba1018fb)
2026-02-09 13:19:56 - DEBUG - sun.rmi.transport.tcp - RMI TCP Connection(2)-127.0.0.1: (port 65417) op = 82
2026-02-09 13:19:56 - DEBUG - sun.rmi.transport.tcp - RMI TCP Connection(2)-127.0.0.1: (port 65417) op = 80
2026-02-09 13:19:56 - DEBUG - sun.rmi.loader - RMI TCP Connection(2)-127.0.0.1: name = "javax.management.ObjectName", codebase = ""
2026-02-09 13:19:56 - DEBUG - javax.management.remote.rmi - connectionId=rmi://127.0.0.1  1, name=org.springframework.boot:type=Admin,name=SpringApplication, attribute=Ready
2026-02-09 13:19:56 - DEBUG - sun.rmi.server.call - RMI TCP Connection(2)-127.0.0.1: [127.0.0.1] exception: 
javax.management.InstanceNotFoundException: org.springframework.boot:type=Admin,name=SpringApplication
	at java.management/com.sun.jmx.interceptor.DefaultMBeanServerInterceptor.getMBean(DefaultMBeanServerInterceptor.java:1088)
	at java.management/com.sun.jmx.interceptor.DefaultMBeanServerInterceptor.getAttribute(DefaultMBeanServerInterceptor.java:640)
	at java.management/com.sun.jmx.mbeanserver.JmxMBeanServer.getAttribute(JmxMBeanServer.java:679)
	at java.management.rmi/javax.management.remote.rmi.RMIConnectionImpl.doOperation(RMIConnectionImpl.java:1449)
	at java.management.rmi/javax.management.remote.rmi.RMIConnectionImpl$PrivilegedOperation.run(RMIConnectionImpl.java:1310)
	at java.management.rmi/javax.management.remote.rmi.RMIConnectionImpl.doPrivilegedOperation(RMIConnectionImpl.java:1405)
	at java.management.rmi/javax.management.remote.rmi.RMIConnectionImpl.getAttribute(RMIConnectionImpl.java:639)
	at java.base/jdk.internal.reflect.NativeMethodAccessorImpl.invoke0(Native Method)
	at java.base/jdk.internal.reflect.NativeMethodAccessorImpl.invoke(NativeMethodAccessorImpl.java:77)
	at java.base/jdk.internal.reflect.DelegatingMethodAccessorImpl.invoke(DelegatingMethodAccessorImpl.java:43)
	at java.base/java.lang.reflect.Method.invoke(Method.java:568)
	at java.rmi/sun.rmi.server.UnicastServerRef.dispatch(UnicastServerRef.java:360)
	at java.rmi/sun.rmi.transport.Transport$1.run(Transport.java:200)
	at java.rmi/sun.rmi.transport.Transport$1.run(Transport.java:197)
	at java.base/java.security.AccessController.doPrivileged(AccessController.java:712)
	at java.rmi/sun.rmi.transport.Transport.serviceCall(Transport.java:196)
	at java.rmi/sun.rmi.transport.tcp.TCPTransport.handleMessages(TCPTransport.java:587)
	at java.rmi/sun.rmi.transport.tcp.TCPTransport$ConnectionHandler.run0(TCPTransport.java:828)
	at java.rmi/sun.rmi.transport.tcp.TCPTransport$ConnectionHandler.lambda$run$0(TCPTransport.java:705)
	at java.base/java.security.AccessController.doPrivileged(AccessController.java:399)
	at java.rmi/sun.rmi.transport.tcp.TCPTransport$ConnectionHandler.run(TCPTransport.java:704)
	at java.base/java.util.concurrent.ThreadPoolExecutor.runWorker(ThreadPoolExecutor.java:1136)
	at java.base/java.util.concurrent.ThreadPoolExecutor$Worker.run(ThreadPoolExecutor.java:635)
	at java.base/java.lang.Thread.run(Thread.java:842)
2026-02-09 13:19:56 - DEBUG - jdk.event.security - X509Certificate: Alg:SHA256withRSA, Serial:2, Subject:CN=MySQL_Server_8.0.44_Auto_Generated_Server_Certificate, Issuer:CN=MySQL_Server_8.0.44_Auto_Generated_CA_Certificate, Key type:RSA, Length:2048, Cert Id:-2083527354, Valid from:18/11/25, 1:08 am, Valid until:16/11/35, 1:08 am
2026-02-09 13:19:56 - DEBUG - jdk.event.security - X509Certificate: Alg:SHA256withRSA, Serial:1, Subject:CN=MySQL_Server_8.0.44_Auto_Generated_CA_Certificate, Issuer:CN=MySQL_Server_8.0.44_Auto_Generated_CA_Certificate, Key type:RSA, Length:2048, Cert Id:2001388535, Valid from:18/11/25, 1:08 am, Valid until:16/11/35, 1:08 am
2026-02-09 13:19:56 - DEBUG - jdk.event.security -  TLSHandshake: localhost:3306, TLSv1.3, TLS_AES_256_GCM_SHA384, -2083527354
2026-02-09 13:19:56 - DEBUG - com.zaxxer.hikari.pool.PoolBase - HikariPool-1 - Established new connection (634a171c-2bd3-4d43-8221-6c2eba1018fb)
2026-02-09 13:19:56 - DEBUG - com.zaxxer.hikari.pool.HikariPool - HikariPool-1 - Added connection com.mysql.cj.jdbc.ConnectionImpl@4174c805
2026-02-09 13:19:56 - DEBUG - o.h.boot.model.relational.Namespace - Created database namespace [logicalName=Name{catalog=null, schema=null}, physicalName=Name{catalog=null, schema=null}]
2026-02-09 13:19:56 - DEBUG - o.h.b.m.s.i.a.AnnotationMetadataSourceProcessorImpl - Skipping explicit MappedSuperclass com.enterpriseflow.entity.BaseEntity, the class will be discovered analyzing the implementing class
2026-02-09 13:19:56 - DEBUG - com.zaxxer.hikari.pool.HikariPool - HikariPool-1 - After adding stats (total=5/10, idle=5/10, active=0, waiting=0)
2026-02-09 13:19:56 - DEBUG - com.zaxxer.hikari.pool.PoolBase - HikariPool-1 - Attempting to create/setup new connection (d20e8250-db06-4ee0-b354-e8325c5a3be1)
2026-02-09 13:19:56 - DEBUG - jdk.event.security - X509Certificate: Alg:SHA256withRSA, Serial:2, Subject:CN=MySQL_Server_8.0.44_Auto_Generated_Server_Certificate, Issuer:CN=MySQL_Server_8.0.44_Auto_Generated_CA_Certificate, Key type:RSA, Length:2048, Cert Id:-2083527354, Valid from:18/11/25, 1:08 am, Valid until:16/11/35, 1:08 am
2026-02-09 13:19:56 - DEBUG - jdk.event.security - X509Certificate: Alg:SHA256withRSA, Serial:1, Subject:CN=MySQL_Server_8.0.44_Auto_Generated_CA_Certificate, Issuer:CN=MySQL_Server_8.0.44_Auto_Generated_CA_Certificate, Key type:RSA, Length:2048, Cert Id:2001388535, Valid from:18/11/25, 1:08 am, Valid until:16/11/35, 1:08 am
2026-02-09 13:19:56 - DEBUG - jdk.event.security -  TLSHandshake: localhost:3306, TLSv1.3, TLS_AES_256_GCM_SHA384, -2083527354
2026-02-09 13:19:56 - DEBUG - com.zaxxer.hikari.pool.PoolBase - HikariPool-1 - Established new connection (d20e8250-db06-4ee0-b354-e8325c5a3be1)
2026-02-09 13:19:56 - DEBUG - com.zaxxer.hikari.pool.HikariPool - HikariPool-1 - Added connection com.mysql.cj.jdbc.ConnectionImpl@35247d23
2026-02-09 13:19:56 - DEBUG - o.h.boot.model.internal.EntityBinder - Binding entity from annotated class: com.enterpriseflow.entity.auth.Role
2026-02-09 13:19:56 - DEBUG - o.h.boot.model.internal.EntityBinder - Import with entity name Role
2026-02-09 13:19:56 - DEBUG - com.zaxxer.hikari.pool.HikariPool - HikariPool-1 - After adding stats (total=6/10, idle=6/10, active=0, waiting=0)
2026-02-09 13:19:56 - DEBUG - com.zaxxer.hikari.pool.PoolBase - HikariPool-1 - Attempting to create/setup new connection (99dbb993-97bf-421f-9105-3205c4c40ab3)
2026-02-09 13:19:56 - DEBUG - o.h.boot.model.internal.EntityBinder - Bind entity com.enterpriseflow.entity.auth.Role on table roles
2026-02-09 13:19:56 - DEBUG - jdk.event.security - X509Certificate: Alg:SHA256withRSA, Serial:2, Subject:CN=MySQL_Server_8.0.44_Auto_Generated_Server_Certificate, Issuer:CN=MySQL_Server_8.0.44_Auto_Generated_CA_Certificate, Key type:RSA, Length:2048, Cert Id:-2083527354, Valid from:18/11/25, 1:08 am, Valid until:16/11/35, 1:08 am
2026-02-09 13:19:56 - DEBUG - jdk.event.security - X509Certificate: Alg:SHA256withRSA, Serial:1, Subject:CN=MySQL_Server_8.0.44_Auto_Generated_CA_Certificate, Issuer:CN=MySQL_Server_8.0.44_Auto_Generated_CA_Certificate, Key type:RSA, Length:2048, Cert Id:2001388535, Valid from:18/11/25, 1:08 am, Valid until:16/11/35, 1:08 am
2026-02-09 13:19:56 - DEBUG - jdk.event.security -  TLSHandshake: localhost:3306, TLSv1.3, TLS_AES_256_GCM_SHA384, -2083527354
2026-02-09 13:19:56 - DEBUG - com.zaxxer.hikari.pool.PoolBase - HikariPool-1 - Established new connection (99dbb993-97bf-421f-9105-3205c4c40ab3)
2026-02-09 13:19:56 - DEBUG - com.zaxxer.hikari.pool.HikariPool - HikariPool-1 - Added connection com.mysql.cj.jdbc.ConnectionImpl@458bfde
2026-02-09 13:19:56 - DEBUG - o.h.b.model.internal.AnnotatedColumn - Binding column: AnnotatedDiscriminatorColumn(column='DTYPE')
2026-02-09 13:19:57 - DEBUG - com.zaxxer.hikari.pool.HikariPool - HikariPool-1 - After adding stats (total=7/10, idle=7/10, active=0, waiting=0)
2026-02-09 13:19:57 - DEBUG - com.zaxxer.hikari.pool.PoolBase - HikariPool-1 - Attempting to create/setup new connection (ca7bc453-f1c2-44a2-ada6-f73c0bacad61)
2026-02-09 13:19:57 - DEBUG - o.h.b.model.internal.AnnotatedColumn - Binding column: AnnotatedColumn()
2026-02-09 13:19:57 - DEBUG - o.h.b.internal.ClassLoaderAccessImpl - Not known whether passed class name [com.enterpriseflow.entity.auth.Role] is safe
2026-02-09 13:19:57 - DEBUG - o.h.b.internal.ClassLoaderAccessImpl - No temp ClassLoader provided; using live ClassLoader for loading potentially unsafe class : com.enterpriseflow.entity.auth.Role
2026-02-09 13:19:57 - DEBUG - o.h.b.model.internal.PropertyBinder - MetadataSourceProcessor property id with lazy=false
2026-02-09 13:19:57 - DEBUG - jdk.event.security - X509Certificate: Alg:SHA256withRSA, Serial:2, Subject:CN=MySQL_Server_8.0.44_Auto_Generated_Server_Certificate, Issuer:CN=MySQL_Server_8.0.44_Auto_Generated_CA_Certificate, Key type:RSA, Length:2048, Cert Id:-2083527354, Valid from:18/11/25, 1:08 am, Valid until:16/11/35, 1:08 am
2026-02-09 13:19:57 - DEBUG - jdk.event.security - X509Certificate: Alg:SHA256withRSA, Serial:1, Subject:CN=MySQL_Server_8.0.44_Auto_Generated_CA_Certificate, Issuer:CN=MySQL_Server_8.0.44_Auto_Generated_CA_Certificate, Key type:RSA, Length:2048, Cert Id:2001388535, Valid from:18/11/25, 1:08 am, Valid until:16/11/35, 1:08 am
2026-02-09 13:19:57 - DEBUG - jdk.event.security -  TLSHandshake: localhost:3306, TLSv1.3, TLS_AES_256_GCM_SHA384, -2083527354
2026-02-09 13:19:57 - DEBUG - o.h.b.m.i.AbstractPropertyHolder - Attempting to locate auto-apply AttributeConverter for property [com.enterpriseflow.entity.auth.Role:id]
2026-02-09 13:19:57 - DEBUG - com.zaxxer.hikari.pool.PoolBase - HikariPool-1 - Established new connection (ca7bc453-f1c2-44a2-ada6-f73c0bacad61)
2026-02-09 13:19:57 - DEBUG - com.zaxxer.hikari.pool.HikariPool - HikariPool-1 - Added connection com.mysql.cj.jdbc.ConnectionImpl@4df43957
2026-02-09 13:19:57 - DEBUG - o.h.b.m.internal.BasicValueBinder - building BasicValue for id
2026-02-09 13:19:57 - DEBUG - org.hibernate.mapping.BasicValue - Skipping column re-registration: roles.id
2026-02-09 13:19:57 - DEBUG - o.h.b.model.internal.PropertyBinder - Building property id
2026-02-09 13:19:57 - DEBUG - o.h.boot.model.internal.BinderHelper - #makeIdGenerator(BasicValue([Column(id)]), id, identity, , ...)
2026-02-09 13:19:57 - DEBUG - o.h.b.model.internal.AnnotatedColumn - Binding column: AnnotatedColumn(column='created_by')
2026-02-09 13:19:57 - DEBUG - o.h.b.model.internal.PropertyBinder - MetadataSourceProcessor property createBy with lazy=false
2026-02-09 13:19:57 - DEBUG - o.h.b.m.i.AbstractPropertyHolder - Attempting to locate auto-apply AttributeConverter for property [com.enterpriseflow.entity.auth.Role:createBy]
2026-02-09 13:19:57 - DEBUG - o.h.b.m.internal.BasicValueBinder - building BasicValue for createBy
2026-02-09 13:19:57 - DEBUG - org.hibernate.mapping.BasicValue - Skipping column re-registration: roles.created_by
2026-02-09 13:19:57 - DEBUG - o.h.b.model.internal.PropertyBinder - Building property createBy
2026-02-09 13:19:57 - DEBUG - o.h.b.model.internal.AnnotatedColumn - Binding column: AnnotatedColumn(column='created_at')
2026-02-09 13:19:57 - DEBUG - o.h.b.model.internal.PropertyBinder - MetadataSourceProcessor property createdAt with lazy=false
2026-02-09 13:19:57 - DEBUG - o.h.b.m.i.AbstractPropertyHolder - Attempting to locate auto-apply AttributeConverter for property [com.enterpriseflow.entity.auth.Role:createdAt]
2026-02-09 13:19:57 - DEBUG - o.h.b.m.internal.BasicValueBinder - building BasicValue for createdAt
2026-02-09 13:19:57 - DEBUG - org.hibernate.mapping.BasicValue - Skipping column re-registration: roles.created_at
2026-02-09 13:19:57 - DEBUG - o.h.b.model.internal.PropertyBinder - Building property createdAt
2026-02-09 13:19:57 - DEBUG - o.h.b.model.internal.AnnotatedColumn - Binding column: AnnotatedColumn(column='is_deleted')
2026-02-09 13:19:57 - DEBUG - o.h.b.model.internal.PropertyBinder - MetadataSourceProcessor property isDeleted with lazy=false
2026-02-09 13:19:57 - DEBUG - o.h.b.m.i.AbstractPropertyHolder - Attempting to locate auto-apply AttributeConverter for property [com.enterpriseflow.entity.auth.Role:isDeleted]
2026-02-09 13:19:57 - DEBUG - o.h.b.m.internal.BasicValueBinder - building BasicValue for isDeleted
2026-02-09 13:19:57 - DEBUG - com.zaxxer.hikari.pool.HikariPool - HikariPool-1 - After adding stats (total=8/10, idle=8/10, active=0, waiting=0)
2026-02-09 13:19:57 - DEBUG - org.hibernate.mapping.BasicValue - Skipping column re-registration: roles.is_deleted
2026-02-09 13:19:57 - DEBUG - com.zaxxer.hikari.pool.PoolBase - HikariPool-1 - Attempting to create/setup new connection (94528ccd-95e5-4513-8a7c-7cc395d1cd3b)
2026-02-09 13:19:57 - DEBUG - o.h.b.model.internal.PropertyBinder - Building property isDeleted
2026-02-09 13:19:57 - DEBUG - o.h.b.model.internal.AnnotatedColumn - Binding column: AnnotatedColumn(column='updated_at')
2026-02-09 13:19:57 - DEBUG - o.h.b.model.internal.PropertyBinder - MetadataSourceProcessor property updatedAt with lazy=false
2026-02-09 13:19:57 - DEBUG - o.h.b.m.i.AbstractPropertyHolder - Attempting to locate auto-apply AttributeConverter for property [com.enterpriseflow.entity.auth.Role:updatedAt]
2026-02-09 13:19:57 - DEBUG - o.h.b.m.internal.BasicValueBinder - building BasicValue for updatedAt
2026-02-09 13:19:57 - DEBUG - org.hibernate.mapping.BasicValue - Skipping column re-registration: roles.updated_at
2026-02-09 13:19:57 - DEBUG - o.h.b.model.internal.PropertyBinder - Building property updatedAt
2026-02-09 13:19:57 - DEBUG - o.h.b.model.internal.AnnotatedColumn - Binding column: AnnotatedColumn(column='updated_by')
2026-02-09 13:19:57 - DEBUG - o.h.b.model.internal.PropertyBinder - MetadataSourceProcessor property updatedBy with lazy=false
2026-02-09 13:19:57 - DEBUG - o.h.b.m.i.AbstractPropertyHolder - Attempting to locate auto-apply AttributeConverter for property [com.enterpriseflow.entity.auth.Role:updatedBy]
2026-02-09 13:19:57 - DEBUG - o.h.b.m.internal.BasicValueBinder - building BasicValue for updatedBy
2026-02-09 13:19:57 - DEBUG - org.hibernate.mapping.BasicValue - Skipping column re-registration: roles.updated_by
2026-02-09 13:19:57 - DEBUG - o.h.b.model.internal.PropertyBinder - Building property updatedBy
2026-02-09 13:19:57 - DEBUG - o.h.b.model.internal.AnnotatedColumn - Binding column: AnnotatedColumn()
2026-02-09 13:19:57 - DEBUG - o.h.b.model.internal.PropertyBinder - MetadataSourceProcessor property description with lazy=false
2026-02-09 13:19:57 - DEBUG - o.h.b.m.i.AbstractPropertyHolder - Attempting to locate auto-apply AttributeConverter for property [com.enterpriseflow.entity.auth.Role:description]
2026-02-09 13:19:57 - DEBUG - o.h.b.m.internal.BasicValueBinder - building BasicValue for description
2026-02-09 13:19:57 - DEBUG - org.hibernate.mapping.BasicValue - Skipping column re-registration: roles.description
2026-02-09 13:19:57 - DEBUG - o.h.b.model.internal.PropertyBinder - Building property description
2026-02-09 13:19:57 - DEBUG - o.h.b.model.internal.AnnotatedColumn - Binding column: AnnotatedColumn()
2026-02-09 13:19:57 - DEBUG - o.h.b.model.internal.PropertyBinder - MetadataSourceProcessor property name with lazy=false
2026-02-09 13:19:57 - DEBUG - o.h.b.m.i.AbstractPropertyHolder - Attempting to locate auto-apply AttributeConverter for property [com.enterpriseflow.entity.auth.Role:name]
2026-02-09 13:19:57 - DEBUG - o.h.b.m.internal.BasicValueBinder - building BasicValue for name
2026-02-09 13:19:57 - DEBUG - org.hibernate.mapping.BasicValue - Skipping column re-registration: roles.name
2026-02-09 13:19:57 - DEBUG - o.h.b.model.internal.PropertyBinder - Building property name
2026-02-09 13:19:57 - DEBUG - o.h.b.r.c.i.ClassLoaderServiceImpl - HHH000194: Package not found or no package-info.java: com.enterpriseflow.entity.auth
2026-02-09 13:19:57 - DEBUG - jdk.event.security - X509Certificate: Alg:SHA256withRSA, Serial:2, Subject:CN=MySQL_Server_8.0.44_Auto_Generated_Server_Certificate, Issuer:CN=MySQL_Server_8.0.44_Auto_Generated_CA_Certificate, Key type:RSA, Length:2048, Cert Id:-2083527354, Valid from:18/11/25, 1:08 am, Valid until:16/11/35, 1:08 am
2026-02-09 13:19:57 - DEBUG - jdk.event.security - X509Certificate: Alg:SHA256withRSA, Serial:1, Subject:CN=MySQL_Server_8.0.44_Auto_Generated_CA_Certificate, Issuer:CN=MySQL_Server_8.0.44_Auto_Generated_CA_Certificate, Key type:RSA, Length:2048, Cert Id:2001388535, Valid from:18/11/25, 1:08 am, Valid until:16/11/35, 1:08 am
2026-02-09 13:19:57 - DEBUG - jdk.event.security -  TLSHandshake: localhost:3306, TLSv1.3, TLS_AES_256_GCM_SHA384, -2083527354
2026-02-09 13:19:57 - DEBUG - o.h.j.e.i.CallbackDefinitionResolverLegacyImpl - Adding touchForUpdate as PreUpdate callback for entity com.enterpriseflow.entity.auth.Role
2026-02-09 13:19:57 - DEBUG - o.h.j.e.i.CallbackDefinitionResolverLegacyImpl - Adding touchForCreate as PrePersist callback for entity com.enterpriseflow.entity.auth.Role
2026-02-09 13:19:57 - DEBUG - com.zaxxer.hikari.pool.PoolBase - HikariPool-1 - Established new connection (94528ccd-95e5-4513-8a7c-7cc395d1cd3b)
2026-02-09 13:19:57 - DEBUG - com.zaxxer.hikari.pool.HikariPool - HikariPool-1 - Added connection com.mysql.cj.jdbc.ConnectionImpl@604dba5
2026-02-09 13:19:57 - DEBUG - o.h.boot.model.internal.EntityBinder - Binding entity from annotated class: com.enterpriseflow.entity.auth.User
2026-02-09 13:19:57 - DEBUG - o.h.boot.model.internal.EntityBinder - Import with entity name User
2026-02-09 13:19:57 - DEBUG - o.h.boot.model.internal.EntityBinder - Bind entity com.enterpriseflow.entity.auth.User on table users
2026-02-09 13:19:57 - DEBUG - o.h.b.model.internal.AnnotatedColumn - Binding column: AnnotatedDiscriminatorColumn(column='DTYPE')
2026-02-09 13:19:57 - DEBUG - o.h.b.model.internal.AnnotatedColumn - Binding column: AnnotatedColumn()
2026-02-09 13:19:57 - DEBUG - o.h.b.internal.ClassLoaderAccessImpl - Not known whether passed class name [com.enterpriseflow.entity.auth.User] is safe
2026-02-09 13:19:57 - DEBUG - o.h.b.internal.ClassLoaderAccessImpl - No temp ClassLoader provided; using live ClassLoader for loading potentially unsafe class : com.enterpriseflow.entity.auth.User
2026-02-09 13:19:57 - DEBUG - o.h.b.model.internal.PropertyBinder - MetadataSourceProcessor property id with lazy=false
2026-02-09 13:19:57 - DEBUG - o.h.b.m.i.AbstractPropertyHolder - Attempting to locate auto-apply AttributeConverter for property [com.enterpriseflow.entity.auth.User:id]
2026-02-09 13:19:57 - DEBUG - o.h.b.m.internal.BasicValueBinder - building BasicValue for id
2026-02-09 13:19:57 - DEBUG - org.hibernate.mapping.BasicValue - Skipping column re-registration: users.id
2026-02-09 13:19:57 - DEBUG - o.h.b.model.internal.PropertyBinder - Building property id
2026-02-09 13:19:57 - DEBUG - o.h.boot.model.internal.BinderHelper - #makeIdGenerator(BasicValue([Column(id)]), id, identity, , ...)
2026-02-09 13:19:57 - DEBUG - o.h.b.model.internal.AnnotatedColumn - Binding column: AnnotatedColumn(column='created_by')
2026-02-09 13:19:57 - DEBUG - o.h.b.model.internal.PropertyBinder - MetadataSourceProcessor property createBy with lazy=false
2026-02-09 13:19:57 - DEBUG - o.h.b.m.i.AbstractPropertyHolder - Attempting to locate auto-apply AttributeConverter for property [com.enterpriseflow.entity.auth.User:createBy]
2026-02-09 13:19:57 - DEBUG - o.h.b.m.internal.BasicValueBinder - building BasicValue for createBy
2026-02-09 13:19:57 - DEBUG - org.hibernate.mapping.BasicValue - Skipping column re-registration: users.created_by
2026-02-09 13:19:57 - DEBUG - o.h.b.model.internal.PropertyBinder - Building property createBy
2026-02-09 13:19:57 - DEBUG - o.h.b.model.internal.AnnotatedColumn - Binding column: AnnotatedColumn(column='created_at')
2026-02-09 13:19:57 - DEBUG - o.h.b.model.internal.PropertyBinder - MetadataSourceProcessor property createdAt with lazy=false
2026-02-09 13:19:57 - DEBUG - o.h.b.m.i.AbstractPropertyHolder - Attempting to locate auto-apply AttributeConverter for property [com.enterpriseflow.entity.auth.User:createdAt]
2026-02-09 13:19:57 - DEBUG - o.h.b.m.internal.BasicValueBinder - building BasicValue for createdAt
2026-02-09 13:19:57 - DEBUG - org.hibernate.mapping.BasicValue - Skipping column re-registration: users.created_at
2026-02-09 13:19:57 - DEBUG - o.h.b.model.internal.PropertyBinder - Building property createdAt
2026-02-09 13:19:57 - DEBUG - o.h.b.model.internal.AnnotatedColumn - Binding column: AnnotatedColumn(column='is_deleted')
2026-02-09 13:19:57 - DEBUG - o.h.b.model.internal.PropertyBinder - MetadataSourceProcessor property isDeleted with lazy=false
2026-02-09 13:19:57 - DEBUG - o.h.b.m.i.AbstractPropertyHolder - Attempting to locate auto-apply AttributeConverter for property [com.enterpriseflow.entity.auth.User:isDeleted]
2026-02-09 13:19:57 - DEBUG - o.h.b.m.internal.BasicValueBinder - building BasicValue for isDeleted
2026-02-09 13:19:57 - DEBUG - org.hibernate.mapping.BasicValue - Skipping column re-registration: users.is_deleted
2026-02-09 13:19:57 - DEBUG - o.h.b.model.internal.PropertyBinder - Building property isDeleted
2026-02-09 13:19:57 - DEBUG - o.h.b.model.internal.AnnotatedColumn - Binding column: AnnotatedColumn(column='updated_at')
2026-02-09 13:19:57 - DEBUG - o.h.b.model.internal.PropertyBinder - MetadataSourceProcessor property updatedAt with lazy=false
2026-02-09 13:19:57 - DEBUG - o.h.b.m.i.AbstractPropertyHolder - Attempting to locate auto-apply AttributeConverter for property [com.enterpriseflow.entity.auth.User:updatedAt]
2026-02-09 13:19:57 - DEBUG - o.h.b.m.internal.BasicValueBinder - building BasicValue for updatedAt
2026-02-09 13:19:57 - DEBUG - org.hibernate.mapping.BasicValue - Skipping column re-registration: users.updated_at
2026-02-09 13:19:57 - DEBUG - o.h.b.model.internal.PropertyBinder - Building property updatedAt
2026-02-09 13:19:57 - DEBUG - o.h.b.model.internal.AnnotatedColumn - Binding column: AnnotatedColumn(column='updated_by')
2026-02-09 13:19:57 - DEBUG - o.h.b.model.internal.PropertyBinder - MetadataSourceProcessor property updatedBy with lazy=false
2026-02-09 13:19:57 - DEBUG - o.h.b.m.i.AbstractPropertyHolder - Attempting to locate auto-apply AttributeConverter for property [com.enterpriseflow.entity.auth.User:updatedBy]
2026-02-09 13:19:57 - DEBUG - o.h.b.m.internal.BasicValueBinder - building BasicValue for updatedBy
2026-02-09 13:19:57 - DEBUG - org.hibernate.mapping.BasicValue - Skipping column re-registration: users.updated_by
2026-02-09 13:19:57 - DEBUG - o.h.b.model.internal.PropertyBinder - Building property updatedBy
2026-02-09 13:19:57 - DEBUG - o.h.b.model.internal.AnnotatedColumn - Binding column: AnnotatedColumn()
2026-02-09 13:19:57 - DEBUG - o.h.b.model.internal.PropertyBinder - MetadataSourceProcessor property email with lazy=false
2026-02-09 13:19:57 - DEBUG - o.h.b.m.i.AbstractPropertyHolder - Attempting to locate auto-apply AttributeConverter for property [com.enterpriseflow.entity.auth.User:email]
2026-02-09 13:19:57 - DEBUG - o.h.b.m.internal.BasicValueBinder - building BasicValue for email
2026-02-09 13:19:57 - DEBUG - org.hibernate.mapping.BasicValue - Skipping column re-registration: users.email
2026-02-09 13:19:57 - DEBUG - o.h.b.model.internal.PropertyBinder - Building property email
2026-02-09 13:19:57 - DEBUG - o.h.b.model.internal.AnnotatedColumn - Binding column: AnnotatedColumn()
2026-02-09 13:19:57 - DEBUG - o.h.b.model.internal.PropertyBinder - MetadataSourceProcessor property fullName with lazy=false
2026-02-09 13:19:57 - DEBUG - o.h.b.m.i.AbstractPropertyHolder - Attempting to locate auto-apply AttributeConverter for property [com.enterpriseflow.entity.auth.User:fullName]
2026-02-09 13:19:57 - DEBUG - o.h.b.m.internal.BasicValueBinder - building BasicValue for fullName
2026-02-09 13:19:57 - DEBUG - org.hibernate.mapping.BasicValue - Skipping column re-registration: users.full_name
2026-02-09 13:19:57 - DEBUG - o.h.b.model.internal.PropertyBinder - Building property fullName
2026-02-09 13:19:57 - DEBUG - o.h.b.model.internal.AnnotatedColumn - Binding column: AnnotatedColumn()
2026-02-09 13:19:57 - DEBUG - o.h.b.model.internal.PropertyBinder - MetadataSourceProcessor property isAccountNonLocked with lazy=false
2026-02-09 13:19:57 - DEBUG - o.h.b.m.i.AbstractPropertyHolder - Attempting to locate auto-apply AttributeConverter for property [com.enterpriseflow.entity.auth.User:isAccountNonLocked]
2026-02-09 13:19:57 - DEBUG - o.h.b.m.internal.BasicValueBinder - building BasicValue for isAccountNonLocked
2026-02-09 13:19:57 - DEBUG - org.hibernate.mapping.BasicValue - Skipping column re-registration: users.is_account_non_locked
2026-02-09 13:19:57 - DEBUG - o.h.b.model.internal.PropertyBinder - Building property isAccountNonLocked
2026-02-09 13:19:57 - DEBUG - o.h.b.model.internal.AnnotatedColumn - Binding column: AnnotatedColumn()
2026-02-09 13:19:57 - DEBUG - o.h.b.model.internal.PropertyBinder - MetadataSourceProcessor property isActive with lazy=false
2026-02-09 13:19:57 - DEBUG - o.h.b.m.i.AbstractPropertyHolder - Attempting to locate auto-apply AttributeConverter for property [com.enterpriseflow.entity.auth.User:isActive]
2026-02-09 13:19:57 - DEBUG - o.h.b.m.internal.BasicValueBinder - building BasicValue for isActive
2026-02-09 13:19:57 - DEBUG - org.hibernate.mapping.BasicValue - Skipping column re-registration: users.is_active
2026-02-09 13:19:57 - DEBUG - o.h.b.model.internal.PropertyBinder - Building property isActive
2026-02-09 13:19:57 - DEBUG - o.h.b.model.internal.AnnotatedColumn - Binding column: AnnotatedColumn()
2026-02-09 13:19:57 - DEBUG - o.h.b.model.internal.PropertyBinder - MetadataSourceProcessor property password with lazy=false
2026-02-09 13:19:57 - DEBUG - o.h.b.m.i.AbstractPropertyHolder - Attempting to locate auto-apply AttributeConverter for property [com.enterpriseflow.entity.auth.User:password]
2026-02-09 13:19:57 - DEBUG - o.h.b.m.internal.BasicValueBinder - building BasicValue for password
2026-02-09 13:19:57 - DEBUG - org.hibernate.mapping.BasicValue - Skipping column re-registration: users.password
2026-02-09 13:19:57 - DEBUG - o.h.b.model.internal.PropertyBinder - Building property password
2026-02-09 13:19:57 - DEBUG - com.zaxxer.hikari.pool.HikariPool - HikariPool-1 - After adding stats (total=9/10, idle=9/10, active=0, waiting=0)
2026-02-09 13:19:57 - DEBUG - com.zaxxer.hikari.pool.PoolBase - HikariPool-1 - Attempting to create/setup new connection (8f8620cc-0ebf-4444-a8bb-52acea368eff)
2026-02-09 13:19:57 - DEBUG - o.h.b.model.internal.AnnotatedColumn - Binding column: IndexColumn(column='roles_ORDER')
2026-02-09 13:19:57 - DEBUG - jdk.event.security - X509Certificate: Alg:SHA256withRSA, Serial:2, Subject:CN=MySQL_Server_8.0.44_Auto_Generated_Server_Certificate, Issuer:CN=MySQL_Server_8.0.44_Auto_Generated_CA_Certificate, Key type:RSA, Length:2048, Cert Id:-2083527354, Valid from:18/11/25, 1:08 am, Valid until:16/11/35, 1:08 am
2026-02-09 13:19:57 - DEBUG - jdk.event.security - X509Certificate: Alg:SHA256withRSA, Serial:1, Subject:CN=MySQL_Server_8.0.44_Auto_Generated_CA_Certificate, Issuer:CN=MySQL_Server_8.0.44_Auto_Generated_CA_Certificate, Key type:RSA, Length:2048, Cert Id:2001388535, Valid from:18/11/25, 1:08 am, Valid until:16/11/35, 1:08 am
2026-02-09 13:19:57 - DEBUG - o.h.b.model.internal.AnnotatedColumn - Binding column: AnnotatedColumn()
2026-02-09 13:19:57 - DEBUG - o.h.b.model.internal.AnnotatedColumn - Binding column: AnnotatedColumn(column='roles_KEY')
2026-02-09 13:19:57 - DEBUG - jdk.event.security -  TLSHandshake: localhost:3306, TLSv1.3, TLS_AES_256_GCM_SHA384, -2083527354
2026-02-09 13:19:57 - DEBUG - com.zaxxer.hikari.pool.PoolBase - HikariPool-1 - Established new connection (8f8620cc-0ebf-4444-a8bb-52acea368eff)
2026-02-09 13:19:57 - DEBUG - com.zaxxer.hikari.pool.HikariPool - HikariPool-1 - Added connection com.mysql.cj.jdbc.ConnectionImpl@78dd1e07
2026-02-09 13:19:57 - DEBUG - o.h.b.model.internal.AnnotatedColumn - Binding column: AnnotatedJoinColumn(column='roles_KEY')
2026-02-09 13:19:57 - DEBUG - o.h.b.model.internal.AnnotatedColumn - Binding column: AnnotatedJoinColumn(column='user_id')
2026-02-09 13:19:57 - DEBUG - o.h.b.model.internal.AnnotatedColumn - Binding column: AnnotatedJoinColumn(column='role_id')
2026-02-09 13:19:57 - DEBUG - o.h.b.m.internal.CollectionBinder - Collection role: com.enterpriseflow.entity.auth.User.roles
2026-02-09 13:19:57 - DEBUG - o.h.b.model.internal.PropertyBinder - Building property roles
2026-02-09 13:19:57 - DEBUG - o.h.b.r.c.i.ClassLoaderServiceImpl - HHH000194: Package not found or no package-info.java: com.enterpriseflow.entity.auth
2026-02-09 13:19:57 - DEBUG - o.h.j.e.i.CallbackDefinitionResolverLegacyImpl - Adding touchForUpdate as PreUpdate callback for entity com.enterpriseflow.entity.auth.User
2026-02-09 13:19:57 - DEBUG - o.h.j.e.i.CallbackDefinitionResolverLegacyImpl - Adding touchForCreate as PrePersist callback for entity com.enterpriseflow.entity.auth.User
2026-02-09 13:19:57 - DEBUG - o.h.b.m.internal.BasicValueBinder - Starting `BasicValueBinder#fillSimpleValue` for id
2026-02-09 13:19:57 - DEBUG - o.h.b.m.internal.BasicValueBinder - Starting `BasicValueBinder#fillSimpleValue` for createBy
2026-02-09 13:19:57 - DEBUG - o.h.b.m.internal.BasicValueBinder - Starting `BasicValueBinder#fillSimpleValue` for createdAt
2026-02-09 13:19:57 - DEBUG - o.h.b.m.internal.BasicValueBinder - Starting `BasicValueBinder#fillSimpleValue` for isDeleted
2026-02-09 13:19:57 - DEBUG - o.h.b.m.internal.BasicValueBinder - Starting `BasicValueBinder#fillSimpleValue` for updatedAt
2026-02-09 13:19:57 - DEBUG - o.h.b.m.internal.BasicValueBinder - Starting `BasicValueBinder#fillSimpleValue` for updatedBy
2026-02-09 13:19:57 - DEBUG - o.h.b.m.internal.BasicValueBinder - Starting `BasicValueBinder#fillSimpleValue` for description
2026-02-09 13:19:57 - DEBUG - o.h.b.m.internal.BasicValueBinder - Starting `BasicValueBinder#fillSimpleValue` for name
2026-02-09 13:19:57 - DEBUG - o.h.b.m.internal.BasicValueBinder - Starting `BasicValueBinder#fillSimpleValue` for id
2026-02-09 13:19:57 - DEBUG - o.h.b.m.internal.BasicValueBinder - Starting `BasicValueBinder#fillSimpleValue` for createBy
2026-02-09 13:19:57 - DEBUG - o.h.b.m.internal.BasicValueBinder - Starting `BasicValueBinder#fillSimpleValue` for createdAt
2026-02-09 13:19:57 - DEBUG - o.h.b.m.internal.BasicValueBinder - Starting `BasicValueBinder#fillSimpleValue` for isDeleted
2026-02-09 13:19:57 - DEBUG - o.h.b.m.internal.BasicValueBinder - Starting `BasicValueBinder#fillSimpleValue` for updatedAt
2026-02-09 13:19:57 - DEBUG - o.h.b.m.internal.BasicValueBinder - Starting `BasicValueBinder#fillSimpleValue` for updatedBy
2026-02-09 13:19:57 - DEBUG - o.h.b.m.internal.BasicValueBinder - Starting `BasicValueBinder#fillSimpleValue` for email
2026-02-09 13:19:57 - DEBUG - o.h.b.m.internal.BasicValueBinder - Starting `BasicValueBinder#fillSimpleValue` for fullName
2026-02-09 13:19:57 - DEBUG - o.h.b.m.internal.BasicValueBinder - Starting `BasicValueBinder#fillSimpleValue` for isAccountNonLocked
2026-02-09 13:19:57 - DEBUG - o.h.b.m.internal.BasicValueBinder - Starting `BasicValueBinder#fillSimpleValue` for isActive
2026-02-09 13:19:57 - DEBUG - o.h.b.m.internal.BasicValueBinder - Starting `BasicValueBinder#fillSimpleValue` for password
2026-02-09 13:19:57 - DEBUG - com.zaxxer.hikari.pool.HikariPool - HikariPool-1 - After adding stats (total=10/10, idle=10/10, active=0, waiting=0)
2026-02-09 13:19:57 - DEBUG - com.zaxxer.hikari.pool.HikariPool - HikariPool-1 - Connection not added, stats (total=10/10, idle=10/10, active=0, waiting=0)
2026-02-09 13:19:57 - DEBUG - org.hibernate.mapping.PrimaryKey - Forcing column [id] to be non-null as it is part of the primary key for table [roles]
2026-02-09 13:19:57 - DEBUG - org.hibernate.mapping.PrimaryKey - Forcing column [id] to be non-null as it is part of the primary key for table [users]
2026-02-09 13:19:57 - DEBUG - o.h.b.m.i.CollectionSecondPass - Second pass for collection: com.enterpriseflow.entity.auth.User.roles
2026-02-09 13:19:57 - DEBUG - o.h.b.m.internal.CollectionBinder - Binding a ManyToMany: com.enterpriseflow.entity.auth.User.roles
2026-02-09 13:19:57 - DEBUG - o.h.b.r.c.i.ClassLoaderServiceImpl - HHH000194: Package not found or no package-info.java: com.enterpriseflow.entity.auth
2026-02-09 13:19:57 - DEBUG - org.hibernate.mapping.PrimaryKey - Forcing column [user_id] to be non-null as it is part of the primary key for table [user_roles]
2026-02-09 13:19:57 - DEBUG - org.hibernate.mapping.PrimaryKey - Forcing column [role_id] to be non-null as it is part of the primary key for table [user_roles]
2026-02-09 13:19:57 - DEBUG - o.h.b.m.i.CollectionSecondPass - Mapped collection key: user_id, element: role_id
2026-02-09 13:19:57 - DEBUG - sun.rmi.transport.tcp - RMI TCP Connection(2)-127.0.0.1: (port 65417) op = 82
2026-02-09 13:19:57 - DEBUG - sun.rmi.transport.tcp - RMI TCP Connection(2)-127.0.0.1: (port 65417) op = 80
2026-02-09 13:19:57 - DEBUG - sun.rmi.loader - RMI TCP Connection(2)-127.0.0.1: name = "javax.management.ObjectName", codebase = ""
2026-02-09 13:19:57 - DEBUG - javax.management.remote.rmi - connectionId=rmi://127.0.0.1  1, name=org.springframework.boot:type=Admin,name=SpringApplication, attribute=Ready
2026-02-09 13:19:57 - DEBUG - sun.rmi.server.call - RMI TCP Connection(2)-127.0.0.1: [127.0.0.1] exception: 
javax.management.InstanceNotFoundException: org.springframework.boot:type=Admin,name=SpringApplication
	at java.management/com.sun.jmx.interceptor.DefaultMBeanServerInterceptor.getMBean(DefaultMBeanServerInterceptor.java:1088)
	at java.management/com.sun.jmx.interceptor.DefaultMBeanServerInterceptor.getAttribute(DefaultMBeanServerInterceptor.java:640)
	at java.management/com.sun.jmx.mbeanserver.JmxMBeanServer.getAttribute(JmxMBeanServer.java:679)
	at java.management.rmi/javax.management.remote.rmi.RMIConnectionImpl.doOperation(RMIConnectionImpl.java:1449)
	at java.management.rmi/javax.management.remote.rmi.RMIConnectionImpl$PrivilegedOperation.run(RMIConnectionImpl.java:1310)
	at java.management.rmi/javax.management.remote.rmi.RMIConnectionImpl.doPrivilegedOperation(RMIConnectionImpl.java:1405)
	at java.management.rmi/javax.management.remote.rmi.RMIConnectionImpl.getAttribute(RMIConnectionImpl.java:639)
	at java.base/jdk.internal.reflect.NativeMethodAccessorImpl.invoke0(Native Method)
	at java.base/jdk.internal.reflect.NativeMethodAccessorImpl.invoke(NativeMethodAccessorImpl.java:77)
	at java.base/jdk.internal.reflect.DelegatingMethodAccessorImpl.invoke(DelegatingMethodAccessorImpl.java:43)
	at java.base/java.lang.reflect.Method.invoke(Method.java:568)
	at java.rmi/sun.rmi.server.UnicastServerRef.dispatch(UnicastServerRef.java:360)
	at java.rmi/sun.rmi.transport.Transport$1.run(Transport.java:200)
	at java.rmi/sun.rmi.transport.Transport$1.run(Transport.java:197)
	at java.base/java.security.AccessController.doPrivileged(AccessController.java:712)
	at java.rmi/sun.rmi.transport.Transport.serviceCall(Transport.java:196)
	at java.rmi/sun.rmi.transport.tcp.TCPTransport.handleMessages(TCPTransport.java:587)
	at java.rmi/sun.rmi.transport.tcp.TCPTransport$ConnectionHandler.run0(TCPTransport.java:828)
	at java.rmi/sun.rmi.transport.tcp.TCPTransport$ConnectionHandler.lambda$run$0(TCPTransport.java:705)
	at java.base/java.security.AccessController.doPrivileged(AccessController.java:399)
	at java.rmi/sun.rmi.transport.tcp.TCPTransport$ConnectionHandler.run(TCPTransport.java:704)
	at java.base/java.util.concurrent.ThreadPoolExecutor.runWorker(ThreadPoolExecutor.java:1136)
	at java.base/java.util.concurrent.ThreadPoolExecutor$Worker.run(ThreadPoolExecutor.java:635)
	at java.base/java.lang.Thread.run(Thread.java:842)
2026-02-09 13:19:57 - DEBUG - o.h.internal.SessionFactoryImpl - Building session factory
2026-02-09 13:19:57 - DEBUG - o.h.s.i.SessionFactoryServiceRegistryImpl - EventListenerRegistry access via ServiceRegistry is deprecated.  Use `sessionFactory.getEventEngine().getListenerRegistry()` instead
2026-02-09 13:19:57 - DEBUG - o.h.internal.SessionFactoryImpl - Instantiating SessionFactory with settings: {hibernate.format_sql=true, java.specification.version=17, sun.cpu.isalist=amd64, hibernate.resource.beans.container=org.springframework.orm.hibernate5.SpringBeanContainer@19b94a1e, hibernate.connection.handling_mode=DELAYED_ACQUISITION_AND_HOLD, sun.jnu.encoding=Cp1252, hibernate.implicit_naming_strategy=org.springframework.boot.orm.jpa.hibernate.SpringImplicitNamingStrategy, java.class.path=F:\projects2025\EnterpriseFlow\enterpriseflow\target\classes;C:\Users\kalim\.m2\repository\org\springframework\boot\spring-boot-starter-data-jpa\3.5.10\spring-boot-starter-data-jpa-3.5.10.jar;C:\Users\kalim\.m2\repository\org\springframework\boot\spring-boot-starter\3.5.10\spring-boot-starter-3.5.10.jar;C:\Users\kalim\.m2\repository\org\springframework\boot\spring-boot-starter-logging\3.5.10\spring-boot-starter-logging-3.5.10.jar;C:\Users\kalim\.m2\repository\ch\qos\logback\logback-classic\1.5.25\logback-classic-1.5.25.jar;C:\Users\kalim\.m2\repository\ch\qos\logback\logback-core\1.5.25\logback-core-1.5.25.jar;C:\Users\kalim\.m2\repository\org\apache\logging\log4j\log4j-to-slf4j\2.24.3\log4j-to-slf4j-2.24.3.jar;C:\Users\kalim\.m2\repository\org\apache\logging\log4j\log4j-api\2.24.3\log4j-api-2.24.3.jar;C:\Users\kalim\.m2\repository\org\slf4j\jul-to-slf4j\2.0.17\jul-to-slf4j-2.0.17.jar;C:\Users\kalim\.m2\repository\jakarta\annotation\jakarta.annotation-api\2.1.1\jakarta.annotation-api-2.1.1.jar;C:\Users\kalim\.m2\repository\org\yaml\snakeyaml\2.4\snakeyaml-2.4.jar;C:\Users\kalim\.m2\repository\org\springframework\boot\spring-boot-starter-jdbc\3.5.10\spring-boot-starter-jdbc-3.5.10.jar;C:\Users\kalim\.m2\repository\com\zaxxer\HikariCP\6.3.3\HikariCP-6.3.3.jar;C:\Users\kalim\.m2\repository\org\springframework\spring-jdbc\6.2.15\spring-jdbc-6.2.15.jar;C:\Users\kalim\.m2\repository\org\hibernate\orm\hibernate-core\6.6.41.Final\hibernate-core-6.6.41.Final.jar;C:\Users\kalim\.m2\repository\jakarta\persistence\jakarta.persistence-api\3.1.0\jakarta.persistence-api-3.1.0.jar;C:\Users\kalim\.m2\repository\jakarta\transaction\jakarta.transaction-api\2.0.1\jakarta.transaction-api-2.0.1.jar;C:\Users\kalim\.m2\repository\org\jboss\logging\jboss-logging\3.6.1.Final\jboss-logging-3.6.1.Final.jar;C:\Users\kalim\.m2\repository\org\hibernate\common\hibernate-commons-annotations\7.0.3.Final\hibernate-commons-annotations-7.0.3.Final.jar;C:\Users\kalim\.m2\repository\io\smallrye\jandex\3.2.0\jandex-3.2.0.jar;C:\Users\kalim\.m2\repository\com\fasterxml\classmate\1.7.3\classmate-1.7.3.jar;C:\Users\kalim\.m2\repository\net\bytebuddy\byte-buddy\1.17.8\byte-buddy-1.17.8.jar;C:\Users\kalim\.m2\repository\org\glassfish\jaxb\jaxb-runtime\4.0.6\jaxb-runtime-4.0.6.jar;C:\Users\kalim\.m2\repository\org\glassfish\jaxb\jaxb-core\4.0.6\jaxb-core-4.0.6.jar;C:\Users\kalim\.m2\repository\org\eclipse\angus\angus-activation\2.0.3\angus-activation-2.0.3.jar;C:\Users\kalim\.m2\repository\org\glassfish\jaxb\txw2\4.0.6\txw2-4.0.6.jar;C:\Users\kalim\.m2\repository\com\sun\istack\istack-commons-runtime\4.1.2\istack-commons-runtime-4.1.2.jar;C:\Users\kalim\.m2\repository\jakarta\inject\jakarta.inject-api\2.0.1\jakarta.inject-api-2.0.1.jar;C:\Users\kalim\.m2\repository\org\antlr\antlr4-runtime\4.13.0\antlr4-runtime-4.13.0.jar;C:\Users\kalim\.m2\repository\org\springframework\data\spring-data-jpa\3.5.8\spring-data-jpa-3.5.8.jar;C:\Users\kalim\.m2\repository\org\springframework\data\spring-data-commons\3.5.8\spring-data-commons-3.5.8.jar;C:\Users\kalim\.m2\repository\org\springframework\spring-orm\6.2.15\spring-orm-6.2.15.jar;C:\Users\kalim\.m2\repository\org\springframework\spring-context\6.2.15\spring-context-6.2.15.jar;C:\Users\kalim\.m2\repository\org\springframework\spring-tx\6.2.15\spring-tx-6.2.15.jar;C:\Users\kalim\.m2\repository\org\springframework\spring-beans\6.2.15\spring-beans-6.2.15.jar;C:\Users\kalim\.m2\repository\org\slf4j\slf4j-api\2.0.17\slf4j-api-2.0.17.jar;C:\Users\kalim\.m2\repository\org\springframework\spring-aspects\6.2.15\spring-aspects-6.2.15.jar;C:\Users\kalim\.m2\repository\org\aspectj\aspectjweaver\1.9.25.1\aspectjweaver-1.9.25.1.jar;C:\Users\kalim\.m2\repository\org\springframework\boot\spring-boot-starter-security\3.5.10\spring-boot-starter-security-3.5.10.jar;C:\Users\kalim\.m2\repository\org\springframework\spring-aop\6.2.15\spring-aop-6.2.15.jar;C:\Users\kalim\.m2\repository\org\springframework\security\spring-security-config\6.5.7\spring-security-config-6.5.7.jar;C:\Users\kalim\.m2\repository\org\springframework\security\spring-security-web\6.5.7\spring-security-web-6.5.7.jar;C:\Users\kalim\.m2\repository\org\springframework\spring-expression\6.2.15\spring-expression-6.2.15.jar;C:\Users\kalim\.m2\repository\org\springframework\boot\spring-boot-starter-validation\3.5.10\spring-boot-starter-validation-3.5.10.jar;C:\Users\kalim\.m2\repository\org\apache\tomcat\embed\tomcat-embed-el\10.1.50\tomcat-embed-el-10.1.50.jar;C:\Users\kalim\.m2\repository\org\hibernate\validator\hibernate-validator\8.0.3.Final\hibernate-validator-8.0.3.Final.jar;C:\Users\kalim\.m2\repository\jakarta\validation\jakarta.validation-api\3.0.2\jakarta.validation-api-3.0.2.jar;C:\Users\kalim\.m2\repository\org\springframework\boot\spring-boot-starter-web\3.5.10\spring-boot-starter-web-3.5.10.jar;C:\Users\kalim\.m2\repository\org\springframework\boot\spring-boot-starter-json\3.5.10\spring-boot-starter-json-3.5.10.jar;C:\Users\kalim\.m2\repository\com\fasterxml\jackson\core\jackson-databind\2.19.4\jackson-databind-2.19.4.jar;C:\Users\kalim\.m2\repository\com\fasterxml\jackson\core\jackson-annotations\2.19.4\jackson-annotations-2.19.4.jar;C:\Users\kalim\.m2\repository\com\fasterxml\jackson\core\jackson-core\2.19.4\jackson-core-2.19.4.jar;C:\Users\kalim\.m2\repository\com\fasterxml\jackson\datatype\jackson-datatype-jdk8\2.19.4\jackson-datatype-jdk8-2.19.4.jar;C:\Users\kalim\.m2\repository\com\fasterxml\jackson\datatype\jackson-datatype-jsr310\2.19.4\jackson-datatype-jsr310-2.19.4.jar;C:\Users\kalim\.m2\repository\com\fasterxml\jackson\module\jackson-module-parameter-names\2.19.4\jackson-module-parameter-names-2.19.4.jar;C:\Users\kalim\.m2\repository\org\springframework\boot\spring-boot-starter-tomcat\3.5.10\spring-boot-starter-tomcat-3.5.10.jar;C:\Users\kalim\.m2\repository\org\apache\tomcat\embed\tomcat-embed-core\10.1.50\tomcat-embed-core-10.1.50.jar;C:\Users\kalim\.m2\repository\org\apache\tomcat\embed\tomcat-embed-websocket\10.1.50\tomcat-embed-websocket-10.1.50.jar;C:\Users\kalim\.m2\repository\org\springframework\spring-web\6.2.15\spring-web-6.2.15.jar;C:\Users\kalim\.m2\repository\io\micrometer\micrometer-observation\1.15.8\micrometer-observation-1.15.8.jar;C:\Users\kalim\.m2\repository\io\micrometer\micrometer-commons\1.15.8\micrometer-commons-1.15.8.jar;C:\Users\kalim\.m2\repository\org\springframework\spring-webmvc\6.2.15\spring-webmvc-6.2.15.jar;C:\Users\kalim\.m2\repository\org\springframework\boot\spring-boot-devtools\3.5.10\spring-boot-devtools-3.5.10.jar;C:\Users\kalim\.m2\repository\org\springframework\boot\spring-boot\3.5.10\spring-boot-3.5.10.jar;C:\Users\kalim\.m2\repository\org\springframework\boot\spring-boot-autoconfigure\3.5.10\spring-boot-autoconfigure-3.5.10.jar;C:\Users\kalim\.m2\repository\com\mysql\mysql-connector-j\9.5.0\mysql-connector-j-9.5.0.jar;C:\Users\kalim\.m2\repository\org\projectlombok\lombok\1.18.42\lombok-1.18.42.jar;C:\Users\kalim\.m2\repository\jakarta\xml\bind\jakarta.xml.bind-api\4.0.4\jakarta.xml.bind-api-4.0.4.jar;C:\Users\kalim\.m2\repository\jakarta\activation\jakarta.activation-api\2.1.4\jakarta.activation-api-2.1.4.jar;C:\Users\kalim\.m2\repository\org\springframework\spring-core\6.2.15\spring-core-6.2.15.jar;C:\Users\kalim\.m2\repository\org\springframework\spring-jcl\6.2.15\spring-jcl-6.2.15.jar;C:\Users\kalim\.m2\repository\org\springframework\security\spring-security-core\6.5.7\spring-security-core-6.5.7.jar;C:\Users\kalim\.m2\repository\org\springframework\security\spring-security-crypto\6.5.7\spring-security-crypto-6.5.7.jar, com.sun.management.jmxremote.authenticate=false, java.vm.vendor=Oracle Corporation, sun.arch.data.model=64, user.variant=, java.vendor.url=https://java.oracle.com/, catalina.useNaming=false, user.timezone=Asia/Calcutta, jakarta.persistence.sharedCache.mode=UNSPECIFIED, org.jboss.logging.provider=slf4j, java.vm.specification.version=17, os.name=Windows 11, APPLICATION_NAME=enterpriseflow, jakarta.persistence.nonJtaDataSource=HikariDataSource (HikariPool-1), sun.java.launcher=SUN_STANDARD, user.country=IN, sun.boot.library.path=C:\Program Files\Java\jdk-17\bin, com.sun.management.jmxremote.ssl=false, sun.java.command=com.enterpriseflow.EnterpriseflowApplication, spring.application.admin.enabled=true, javax.persistence.nonJtaDataSource=HikariDataSource (HikariPool-1), hibernate.transaction.jta.platform=org.hibernate.engine.transaction.jta.platform.internal.NoJtaPlatform@6407586, com.sun.management.jmxremote=, jdk.debug=release, sun.cpu.endian=little, hibernate.cdi.extensions=true, spring.boot.project.name=enterpriseflow, user.home=C:\Users\kalim, user.language=en, java.specification.vendor=Oracle Corporation, java.version.date=2024-07-16, java.home=C:\Program Files\Java\jdk-17, file.separator=\, spring.output.ansi.enabled=always, java.vm.compressedOopsMode=Zero based, line.separator=
, hibernate.persistenceUnitName=default, java.vm.specification.vendor=Oracle Corporation, java.specification.name=Java Platform API Specification, FILE_LOG_CHARSET=UTF-8, hibernate.transaction.coordinator_class=class org.hibernate.resource.transaction.backend.jdbc.internal.JdbcResourceLocalTransactionCoordinatorBuilderImpl, java.awt.headless=true, jakarta.persistence.validation.mode=AUTO, hibernate.hbm2ddl.auto=update, user.script=, sun.management.compiler=HotSpot 64-Bit Tiered Compilers, java.runtime.version=17.0.12+8-LTS-286, user.name=kalim, spring.jmx.enabled=true, stdout.encoding=UTF-8, path.separator=;, management.endpoints.jmx.exposure.include=*, os.version=10.0, java.runtime.name=Java(TM) SE Runtime Environment, file.encoding=UTF-8, java.vm.name=Java HotSpot(TM) 64-Bit Server VM, hibernate.show_sql=true, java.vendor.url.bug=https://bugreport.java.com/bugreport/, java.io.tmpdir=C:\Users\kalim\AppData\Local\Temp\, catalina.home=C:\Users\kalim\AppData\Local\Temp\tomcat.8080.5447033326422546530, com.sun.management.jmxremote.port=65414, java.version=17.0.12, hibernate.physical_naming_strategy=org.hibernate.boot.model.naming.CamelCaseToUnderscoresNamingStrategy, user.dir=F:\projects2025\EnterpriseFlow\enterpriseflow, os.arch=amd64, java.vm.specification.name=Java Virtual Machine Specification, PID=15752, sun.os.patch.level=, CONSOLE_LOG_CHARSET=UTF-8, catalina.base=C:\Users\kalim\AppData\Local\Temp\tomcat.8080.5447033326422546530, hibernate.boot.CfgXmlAccessService.key=org.hibernate.boot.registry.StandardServiceRegistryBuilder$1@4303715b, native.encoding=Cp1252, java.library.path=C:\Program Files\Java\jdk-17\bin;C:\WINDOWS\Sun\Java\bin;C:\WINDOWS\system32;C:\WINDOWS;F:/STS/sts//plugins/org.eclipse.justj.openjdk.hotspot.jre.full.win32.x86_64_21.0.9.v20251105-0741/jre/bin/server;F:/STS/sts//plugins/org.eclipse.justj.openjdk.hotspot.jre.full.win32.x86_64_21.0.9.v20251105-0741/jre/bin;C:\Program Files\Common Files\Oracle\Java\javapath;C:\WINDOWS\system32;C:\WINDOWS;C:\WINDOWS\System32\Wbem;C:\WINDOWS\System32\WindowsPowerShell\v1.0\;C:\WINDOWS\System32\OpenSSH\;C:\Program Files\Git\cmd;C:\Program Files\Java\jdk-25\bin;C:\Program Files\MySQL\MySQL Server 8.0\bin;C:\Program Files\MySQL\MySQL Shell 8.0\bin\;C:\Users\kalim\AppData\Local\Microsoft\WindowsApps;C:\Users\kalim\AppData\Local\Programs\Microsoft VS Code\bin;C:\Program Files\Java\jdk-25\bin;;F:\STS\sts;;., stderr.encoding=UTF-8, java.vendor=Oracle Corporation, java.vm.info=mixed mode, emulated-client, sharing, java.vm.version=17.0.12+8-LTS-286, java.rmi.server.randomIDs=true, java.rmi.server.hostname=localhost, sun.io.unicode.encoding=UnicodeLittle, hibernate.archive.scanner=org.hibernate.boot.archive.scan.internal.DisabledScanner, hibernate.connection.datasource=HikariDataSource (HikariPool-1), java.class.version=61.0, LOGGED_APPLICATION_NAME=[enterpriseflow] }
2026-02-09 13:19:57 - DEBUG - o.h.internal.SessionFactoryImpl - Session factory constructed with filter configurations : {}
2026-02-09 13:19:57 - DEBUG - o.h.v.i.x.config.ValidationXmlParser - Trying to load META-INF/validation.xml for XML based Validator configuration.
2026-02-09 13:19:57 - DEBUG - o.h.v.i.x.c.ResourceLoaderHelper - Trying to load META-INF/validation.xml via TCCL
2026-02-09 13:19:57 - DEBUG - o.h.v.i.x.c.ResourceLoaderHelper - Trying to load META-INF/validation.xml via Hibernate Validator's class loader
2026-02-09 13:19:57 - DEBUG - o.h.v.i.x.config.ValidationXmlParser - No META-INF/validation.xml found. Using annotation based configuration only.
2026-02-09 13:19:57 - DEBUG - o.h.v.i.e.r.TraversableResolvers - Found jakarta.persistence.Persistence on classpath containing 'getPersistenceUtil'. Assuming JPA 2 environment. Trying to instantiate JPA aware TraversableResolver
2026-02-09 13:19:57 - DEBUG - o.h.v.i.e.r.TraversableResolvers - Instantiated JPA aware TraversableResolver of type org.hibernate.validator.internal.engine.resolver.JPATraversableResolver.
2026-02-09 13:19:57 - DEBUG - o.h.v.m.ResourceBundleMessageInterpolator - Loaded expression factory via original TCCL
2026-02-09 13:19:57 - DEBUG - o.h.v.i.e.ValidatorFactoryConfigurationHelper - HV000252: Using org.hibernate.validator.internal.engine.DefaultPropertyNodeNameProvider as property node name provider.
2026-02-09 13:19:57 - DEBUG - o.h.v.i.e.ValidatorFactoryConfigurationHelper - HV000234: Using org.hibernate.validator.messageinterpolation.ResourceBundleMessageInterpolator as ValidatorFactory-scoped message interpolator.
2026-02-09 13:19:57 - DEBUG - o.h.v.i.e.ValidatorFactoryConfigurationHelper - HV000234: Using org.hibernate.validator.internal.engine.resolver.JPATraversableResolver as ValidatorFactory-scoped traversable resolver.
2026-02-09 13:19:57 - DEBUG - o.h.v.i.e.ValidatorFactoryConfigurationHelper - HV000234: Using org.hibernate.validator.internal.util.ExecutableParameterNameProvider as ValidatorFactory-scoped parameter name provider.
2026-02-09 13:19:57 - DEBUG - o.h.v.i.e.ValidatorFactoryConfigurationHelper - HV000234: Using org.hibernate.validator.internal.engine.DefaultClockProvider as ValidatorFactory-scoped clock provider.
2026-02-09 13:19:57 - DEBUG - o.h.v.i.e.ValidatorFactoryConfigurationHelper - HV000234: Using org.hibernate.validator.internal.engine.scripting.DefaultScriptEvaluatorFactory as ValidatorFactory-scoped script evaluator factory.
2026-02-09 13:19:57 - DEBUG - o.h.b.internal.ClassLoaderAccessImpl - Not known whether passed class name [com.enterpriseflow.entity.auth.User] is safe
2026-02-09 13:19:57 - DEBUG - o.h.b.internal.ClassLoaderAccessImpl - No temp ClassLoader provided; using live ClassLoader for loading potentially unsafe class : com.enterpriseflow.entity.auth.User
2026-02-09 13:19:57 - DEBUG - o.h.b.internal.ClassLoaderAccessImpl - Not known whether passed class name [com.enterpriseflow.entity.auth.Role] is safe
2026-02-09 13:19:57 - DEBUG - o.h.b.internal.ClassLoaderAccessImpl - No temp ClassLoader provided; using live ClassLoader for loading potentially unsafe class : com.enterpriseflow.entity.auth.Role
2026-02-09 13:19:57 - DEBUG - o.h.s.i.SessionFactoryServiceRegistryImpl - EventListenerRegistry access via ServiceRegistry is deprecated.  Use `sessionFactory.getEventEngine().getListenerRegistry()` instead
2026-02-09 13:19:57 - DEBUG - o.h.q.s.function.SqmFunctionRegistry - Registered SqmFunctionTemplate [NamedSqmFunctionTemplate(max)] under max; prior registration was null
2026-02-09 13:19:57 - DEBUG - o.h.q.s.function.SqmFunctionRegistry - Registered SqmFunctionTemplate [NamedSqmFunctionTemplate(min)] under min; prior registration was null
2026-02-09 13:19:57 - DEBUG - o.h.q.s.function.SqmFunctionRegistry - Registered SqmFunctionTemplate [NamedSqmFunctionTemplate(sum)] under sum; prior registration was null
2026-02-09 13:19:57 - DEBUG - o.h.q.s.function.SqmFunctionRegistry - Registered SqmFunctionTemplate [NamedSqmFunctionTemplate(avg)] under avg; prior registration was null
2026-02-09 13:19:57 - DEBUG - o.h.q.s.function.SqmFunctionRegistry - Registered SqmFunctionTemplate [org.hibernate.dialect.function.CountFunction@70983cba] under count; prior registration was null
2026-02-09 13:19:57 - DEBUG - o.h.q.s.function.SqmFunctionRegistry - Registered SqmFunctionTemplate [org.hibernate.dialect.function.EveryAnyEmulation@2c2c934] under every; prior registration was null
2026-02-09 13:19:57 - DEBUG - o.h.q.s.function.SqmFunctionRegistry - Registered SqmFunctionTemplate [org.hibernate.dialect.function.EveryAnyEmulation@5101bf5b] under any; prior registration was null
2026-02-09 13:19:57 - DEBUG - o.h.q.s.function.SqmFunctionRegistry - Registered SqmFunctionTemplate [NamedSqmFunctionTemplate(floor)] under floor; prior registration was null
2026-02-09 13:19:57 - DEBUG - o.h.q.s.function.SqmFunctionRegistry - Registered SqmFunctionTemplate [NamedSqmFunctionTemplate(ceiling)] under ceiling; prior registration was null
2026-02-09 13:19:57 - DEBUG - o.h.q.s.function.SqmFunctionRegistry - Registered SqmFunctionTemplate [NamedSqmFunctionTemplate(mod)] under mod; prior registration was null
2026-02-09 13:19:57 - DEBUG - o.h.q.s.function.SqmFunctionRegistry - Registered SqmFunctionTemplate [NamedSqmFunctionTemplate(abs)] under abs; prior registration was null
2026-02-09 13:19:57 - DEBUG - o.h.q.s.function.SqmFunctionRegistry - Registered SqmFunctionTemplate [NamedSqmFunctionTemplate(sign)] under sign; prior registration was null
2026-02-09 13:19:57 - DEBUG - o.h.q.s.function.SqmFunctionRegistry - Registered SqmFunctionTemplate [NamedSqmFunctionTemplate(sqrt)] under sqrt; prior registration was null
2026-02-09 13:19:57 - DEBUG - o.h.q.s.function.SqmFunctionRegistry - Registered SqmFunctionTemplate [NamedSqmFunctionTemplate(ln)] under ln; prior registration was null
2026-02-09 13:19:57 - DEBUG - o.h.q.s.function.SqmFunctionRegistry - Registered SqmFunctionTemplate [NamedSqmFunctionTemplate(exp)] under exp; prior registration was null
2026-02-09 13:19:57 - DEBUG - o.h.q.s.function.SqmFunctionRegistry - Registered SqmFunctionTemplate [NamedSqmFunctionTemplate(power)] under power; prior registration was null
2026-02-09 13:19:57 - DEBUG - o.h.q.s.function.SqmFunctionRegistry - Registered SqmFunctionTemplate [NamedSqmFunctionTemplate(round)] under round; prior registration was null
2026-02-09 13:19:57 - DEBUG - o.h.q.s.function.SqmFunctionRegistry - Registered SqmFunctionTemplate [NamedSqmFunctionTemplate(sin)] under sin; prior registration was null
2026-02-09 13:19:57 - DEBUG - o.h.q.s.function.SqmFunctionRegistry - Registered SqmFunctionTemplate [NamedSqmFunctionTemplate(cos)] under cos; prior registration was null
2026-02-09 13:19:57 - DEBUG - o.h.q.s.function.SqmFunctionRegistry - Registered SqmFunctionTemplate [NamedSqmFunctionTemplate(tan)] under tan; prior registration was null
2026-02-09 13:19:57 - DEBUG - o.h.q.s.function.SqmFunctionRegistry - Registered SqmFunctionTemplate [NamedSqmFunctionTemplate(asin)] under asin; prior registration was null
2026-02-09 13:19:57 - DEBUG - o.h.q.s.function.SqmFunctionRegistry - Registered SqmFunctionTemplate [NamedSqmFunctionTemplate(acos)] under acos; prior registration was null
2026-02-09 13:19:57 - DEBUG - o.h.q.s.function.SqmFunctionRegistry - Registered SqmFunctionTemplate [NamedSqmFunctionTemplate(atan)] under atan; prior registration was null
2026-02-09 13:19:57 - DEBUG - o.h.q.s.function.SqmFunctionRegistry - Registered SqmFunctionTemplate [NamedSqmFunctionTemplate(atan2)] under atan2; prior registration was null
2026-02-09 13:19:57 - DEBUG - o.h.q.s.function.SqmFunctionRegistry - Registered SqmFunctionTemplate [org.hibernate.query.sqm.function.PatternBasedSqmFunctionDescriptor@27a1f3f7] under sinh; prior registration was null
2026-02-09 13:19:57 - DEBUG - o.h.q.s.function.SqmFunctionRegistry - Registered SqmFunctionTemplate [org.hibernate.query.sqm.function.PatternBasedSqmFunctionDescriptor@2f6336d0] under cosh; prior registration was null
2026-02-09 13:19:57 - DEBUG - o.h.q.s.function.SqmFunctionRegistry - Registered SqmFunctionTemplate [org.hibernate.query.sqm.function.PatternBasedSqmFunctionDescriptor@2d19cbf2] under tanh; prior registration was null
2026-02-09 13:19:57 - DEBUG - o.h.q.s.function.SqmFunctionRegistry - Registered SqmFunctionTemplate [org.hibernate.query.sqm.function.PatternBasedSqmFunctionDescriptor@781542e] under pi; prior registration was null
2026-02-09 13:19:57 - DEBUG - o.h.q.s.function.SqmFunctionRegistry - Registered SqmFunctionTemplate [org.hibernate.query.sqm.function.PatternBasedSqmFunctionDescriptor@2f172162] under log; prior registration was null
2026-02-09 13:19:57 - DEBUG - o.h.q.s.function.SqmFunctionRegistry - Registered SqmFunctionTemplate [NamedSqmFunctionTemplate(coalesce)] under coalesce; prior registration was null
2026-02-09 13:19:57 - DEBUG - o.h.q.s.function.SqmFunctionRegistry - Registered SqmFunctionTemplate [NamedSqmFunctionTemplate(nullif)] under nullif; prior registration was null
2026-02-09 13:19:57 - DEBUG - o.h.q.s.function.SqmFunctionRegistry - Registered SqmFunctionTemplate [NamedSqmFunctionTemplate(left)] under left; prior registration was null
2026-02-09 13:19:57 - DEBUG - o.h.q.s.function.SqmFunctionRegistry - Registered SqmFunctionTemplate [NamedSqmFunctionTemplate(right)] under right; prior registration was null
2026-02-09 13:19:57 - DEBUG - o.h.q.s.function.SqmFunctionRegistry - Registered SqmFunctionTemplate [NamedSqmFunctionTemplate(replace)] under replace; prior registration was null
2026-02-09 13:19:57 - DEBUG - o.h.q.s.function.SqmFunctionRegistry - Registered SqmFunctionTemplate [NamedSqmFunctionTemplate(concat)] under concat; prior registration was null
2026-02-09 13:19:57 - DEBUG - o.h.q.s.function.SqmFunctionRegistry - Registered SqmFunctionTemplate [NamedSqmFunctionTemplate(lower)] under lower; prior registration was null
2026-02-09 13:19:57 - DEBUG - o.h.q.s.function.SqmFunctionRegistry - Registered SqmFunctionTemplate [NamedSqmFunctionTemplate(upper)] under upper; prior registration was null
2026-02-09 13:19:57 - DEBUG - o.h.q.s.function.SqmFunctionRegistry - Registered SqmFunctionTemplate [NamedSqmFunctionTemplate(substring)] under substring; prior registration was null
2026-02-09 13:19:57 - DEBUG - o.h.q.s.function.SqmFunctionRegistry - Registered SqmFunctionTemplate [NamedSqmFunctionTemplate(locate)] under locate; prior registration was null
2026-02-09 13:19:57 - DEBUG - o.h.q.s.function.SqmFunctionRegistry - Registered SqmFunctionTemplate [NamedSqmFunctionTemplate(character_length)] under character_length; prior registration was null
2026-02-09 13:19:57 - DEBUG - o.h.q.s.function.SqmFunctionRegistry - Registering alternate key : length -> character_length
2026-02-09 13:19:57 - DEBUG - o.h.q.s.function.SqmFunctionRegistry - Registered SqmFunctionTemplate [org.hibernate.dialect.function.LocatePositionEmulation@4bf3f3ae] under position; prior registration was null
2026-02-09 13:19:57 - DEBUG - o.h.q.s.function.SqmFunctionRegistry - Registered SqmFunctionTemplate [org.hibernate.dialect.function.InsertSubstringOverlayEmulation@35d48a2f] under overlay; prior registration was null
2026-02-09 13:19:57 - DEBUG - o.h.q.s.function.SqmFunctionRegistry - Registered SqmFunctionTemplate [org.hibernate.dialect.function.TrimFunction@7475458c] under trim; prior registration was null
2026-02-09 13:19:57 - DEBUG - o.h.q.s.function.SqmFunctionRegistry - Registered SqmFunctionTemplate [org.hibernate.dialect.function.CastFunction@588fbf95] under cast; prior registration was null
2026-02-09 13:19:57 - DEBUG - o.h.q.s.function.SqmFunctionRegistry - Registered SqmFunctionTemplate [org.hibernate.query.sqm.function.PatternBasedSqmFunctionDescriptor@61c4bb9f] under collate; prior registration was null
2026-02-09 13:19:57 - DEBUG - o.h.q.s.function.SqmFunctionRegistry - Registered SqmFunctionTemplate [org.hibernate.dialect.function.ExtractFunction@4f3c6515] under extract; prior registration was null
2026-02-09 13:19:57 - DEBUG - o.h.q.s.function.SqmFunctionRegistry - Registered SqmFunctionTemplate [NamedSqmFunctionTemplate(least)] under least; prior registration was null
2026-02-09 13:19:57 - DEBUG - o.h.q.s.function.SqmFunctionRegistry - Registered SqmFunctionTemplate [NamedSqmFunctionTemplate(greatest)] under greatest; prior registration was null
2026-02-09 13:19:57 - DEBUG - o.h.q.s.function.SqmFunctionRegistry - Registered SqmFunctionTemplate [org.hibernate.dialect.function.CoalesceIfnullEmulation@5636078d] under ifnull; prior registration was null
2026-02-09 13:19:57 - DEBUG - o.h.q.s.function.SqmFunctionRegistry - Registered SqmFunctionTemplate [NamedSqmFunctionTemplate(lpad)] under lpad; prior registration was null
2026-02-09 13:19:57 - DEBUG - o.h.q.s.function.SqmFunctionRegistry - Registered SqmFunctionTemplate [NamedSqmFunctionTemplate(rpad)] under rpad; prior registration was null
2026-02-09 13:19:57 - DEBUG - o.h.q.s.function.SqmFunctionRegistry - Registered SqmFunctionTemplate [org.hibernate.dialect.function.LpadRpadPadEmulation@4ca8e708] under pad; prior registration was null
2026-02-09 13:19:57 - DEBUG - o.h.q.s.function.SqmFunctionRegistry - Registered SqmFunctionTemplate [org.hibernate.dialect.function.CastStrEmulation@21d40e77] under str; prior registration was null
2026-02-09 13:19:57 - DEBUG - o.h.q.s.function.SqmFunctionRegistry - Registered SqmFunctionTemplate [org.hibernate.dialect.function.FormatFunction@2fb3d9fe] under format; prior registration was null
2026-02-09 13:19:57 - DEBUG - o.h.q.s.function.SqmFunctionRegistry - Registered SqmFunctionTemplate [org.hibernate.dialect.function.TimestampaddFunction@3afcabd3] under timestampadd; prior registration was null
2026-02-09 13:19:57 - DEBUG - o.h.q.s.function.SqmFunctionRegistry - Registered SqmFunctionTemplate [org.hibernate.dialect.function.TimestampdiffFunction@4f04ab3c] under timestampdiff; prior registration was null
2026-02-09 13:19:57 - DEBUG - o.h.q.s.function.SqmFunctionRegistry - Registering alternate key : dateadd -> timestampadd
2026-02-09 13:19:57 - DEBUG - o.h.q.s.function.SqmFunctionRegistry - Registering alternate key : datediff -> timestampdiff
2026-02-09 13:19:57 - DEBUG - o.h.q.s.function.SqmFunctionRegistry - Registered SqmFunctionTemplate [org.hibernate.dialect.function.CurrentFunction@30bbef3] under current_date; prior registration was null
2026-02-09 13:19:57 - DEBUG - o.h.q.s.function.SqmFunctionRegistry - Registered SqmFunctionTemplate [org.hibernate.dialect.function.CurrentFunction@e4c5aae] under current_time; prior registration was null
2026-02-09 13:19:57 - DEBUG - o.h.q.s.function.SqmFunctionRegistry - Registered SqmFunctionTemplate [org.hibernate.dialect.function.CurrentFunction@3fa1bf84] under current_timestamp; prior registration was null
2026-02-09 13:19:57 - DEBUG - o.h.q.s.function.SqmFunctionRegistry - Registering alternate key : current date -> current_date
2026-02-09 13:19:57 - DEBUG - o.h.q.s.function.SqmFunctionRegistry - Registering alternate key : current time -> current_time
2026-02-09 13:19:57 - DEBUG - o.h.q.s.function.SqmFunctionRegistry - Registering alternate key : current timestamp -> current_timestamp
2026-02-09 13:19:57 - DEBUG - o.h.q.s.function.SqmFunctionRegistry - Registered SqmFunctionTemplate [org.hibernate.dialect.function.CurrentFunction@333c847e] under local_date; prior registration was null
2026-02-09 13:19:57 - DEBUG - o.h.q.s.function.SqmFunctionRegistry - Registered SqmFunctionTemplate [org.hibernate.dialect.function.CurrentFunction@6d1e58cc] under local_time; prior registration was null
2026-02-09 13:19:57 - DEBUG - o.h.q.s.function.SqmFunctionRegistry - Registered SqmFunctionTemplate [org.hibernate.dialect.function.CurrentFunction@16bf6eb] under local_datetime; prior registration was null
2026-02-09 13:19:57 - DEBUG - o.h.q.s.function.SqmFunctionRegistry - Registered SqmFunctionTemplate [org.hibernate.dialect.function.CurrentFunction@330434dd] under offset_datetime; prior registration was null
2026-02-09 13:19:57 - DEBUG - o.h.q.s.function.SqmFunctionRegistry - Registering alternate key : local date -> local_date
2026-02-09 13:19:57 - DEBUG - o.h.q.s.function.SqmFunctionRegistry - Registering alternate key : local time -> local_time
2026-02-09 13:19:57 - DEBUG - o.h.q.s.function.SqmFunctionRegistry - Registering alternate key : local datetime -> local_datetime
2026-02-09 13:19:57 - DEBUG - o.h.q.s.function.SqmFunctionRegistry - Registering alternate key : offset datetime -> offset_datetime
2026-02-09 13:19:57 - DEBUG - o.h.q.s.function.SqmFunctionRegistry - Registered SqmFunctionTemplate [org.hibernate.dialect.function.CurrentFunction@64cc59b7] under instant; prior registration was null
2026-02-09 13:19:57 - DEBUG - o.h.q.s.function.SqmFunctionRegistry - Registering alternate key : current_instant -> instant
2026-02-09 13:19:57 - DEBUG - o.h.q.s.function.SqmFunctionRegistry - Registered SqmFunctionTemplate [org.hibernate.dialect.function.SqlFunction@6491059] under sql; prior registration was null
2026-02-09 13:19:57 - DEBUG - o.h.q.s.function.SqmFunctionRegistry - Registered SqmFunctionTemplate [NamedSqmFunctionTemplate(soundex)] under soundex; prior registration was null
2026-02-09 13:19:57 - DEBUG - o.h.q.s.function.SqmFunctionRegistry - Registered SqmFunctionTemplate [NamedSqmFunctionTemplate(radians)] under radians; prior registration was null
2026-02-09 13:19:57 - DEBUG - o.h.q.s.function.SqmFunctionRegistry - Registered SqmFunctionTemplate [NamedSqmFunctionTemplate(degrees)] under degrees; prior registration was null
2026-02-09 13:19:57 - DEBUG - o.h.q.s.function.SqmFunctionRegistry - Registered SqmFunctionTemplate [NamedSqmFunctionTemplate(cot)] under cot; prior registration was null
2026-02-09 13:19:57 - DEBUG - o.h.q.s.function.SqmFunctionRegistry - Registered SqmFunctionTemplate [NamedSqmFunctionTemplate(log)] under log; prior registration was org.hibernate.query.sqm.function.PatternBasedSqmFunctionDescriptor@2f172162
2026-02-09 13:19:57 - DEBUG - o.h.q.s.function.SqmFunctionRegistry - Registered SqmFunctionTemplate [NamedSqmFunctionTemplate(log2)] under log2; prior registration was null
2026-02-09 13:19:57 - DEBUG - o.h.q.s.function.SqmFunctionRegistry - Registered SqmFunctionTemplate [NamedSqmFunctionTemplate(log10)] under log10; prior registration was null
2026-02-09 13:19:57 - DEBUG - o.h.q.s.function.SqmFunctionRegistry - Registered SqmFunctionTemplate [NamedSqmFunctionTemplate(ltrim)] under ltrim; prior registration was null
2026-02-09 13:19:57 - DEBUG - o.h.q.s.function.SqmFunctionRegistry - Registered SqmFunctionTemplate [NamedSqmFunctionTemplate(rtrim)] under rtrim; prior registration was null
2026-02-09 13:19:57 - DEBUG - o.h.q.s.function.SqmFunctionRegistry - Registered SqmFunctionTemplate [NamedSqmFunctionTemplate(octet_length)] under octet_length; prior registration was null
2026-02-09 13:19:57 - DEBUG - o.h.q.s.function.SqmFunctionRegistry - Registered SqmFunctionTemplate [NamedSqmFunctionTemplate(reverse)] under reverse; prior registration was null
2026-02-09 13:19:57 - DEBUG - o.h.q.s.function.SqmFunctionRegistry - Registered SqmFunctionTemplate [NamedSqmFunctionTemplate(space)] under space; prior registration was null
2026-02-09 13:19:57 - DEBUG - o.h.q.s.function.SqmFunctionRegistry - Registered SqmFunctionTemplate [NamedSqmFunctionTemplate(repeat)] under repeat; prior registration was null
2026-02-09 13:19:57 - DEBUG - o.h.q.s.function.SqmFunctionRegistry - Registered SqmFunctionTemplate [org.hibernate.query.sqm.function.MultipatternSqmFunctionDescriptor@4fd6514f] under lpad; prior registration was NamedSqmFunctionTemplate(lpad)
2026-02-09 13:19:57 - DEBUG - o.h.q.s.function.SqmFunctionRegistry - Registered SqmFunctionTemplate [org.hibernate.query.sqm.function.MultipatternSqmFunctionDescriptor@173358cb] under rpad; prior registration was NamedSqmFunctionTemplate(rpad)
2026-02-09 13:19:57 - DEBUG - o.h.q.s.function.SqmFunctionRegistry - Registered SqmFunctionTemplate [NamedSqmFunctionTemplate(md5)] under md5; prior registration was null
2026-02-09 13:19:57 - DEBUG - o.h.q.s.function.SqmFunctionRegistry - Registered SqmFunctionTemplate [NamedSqmFunctionTemplate(day)] under day; prior registration was null
2026-02-09 13:19:57 - DEBUG - o.h.q.s.function.SqmFunctionRegistry - Registered SqmFunctionTemplate [NamedSqmFunctionTemplate(month)] under month; prior registration was null
2026-02-09 13:19:57 - DEBUG - o.h.q.s.function.SqmFunctionRegistry - Registered SqmFunctionTemplate [NamedSqmFunctionTemplate(year)] under year; prior registration was null
2026-02-09 13:19:57 - DEBUG - o.h.q.s.function.SqmFunctionRegistry - Registered SqmFunctionTemplate [NamedSqmFunctionTemplate(hour)] under hour; prior registration was null
2026-02-09 13:19:57 - DEBUG - o.h.q.s.function.SqmFunctionRegistry - Registered SqmFunctionTemplate [NamedSqmFunctionTemplate(minute)] under minute; prior registration was null
2026-02-09 13:19:57 - DEBUG - o.h.q.s.function.SqmFunctionRegistry - Registered SqmFunctionTemplate [NamedSqmFunctionTemplate(second)] under second; prior registration was null
2026-02-09 13:19:57 - DEBUG - o.h.q.s.function.SqmFunctionRegistry - Registered SqmFunctionTemplate [NamedSqmFunctionTemplate(microsecond)] under microsecond; prior registration was null
2026-02-09 13:19:57 - DEBUG - o.h.q.s.function.SqmFunctionRegistry - Registered SqmFunctionTemplate [NamedSqmFunctionTemplate(dayofweek)] under dayofweek; prior registration was null
2026-02-09 13:19:57 - DEBUG - o.h.q.s.function.SqmFunctionRegistry - Registered SqmFunctionTemplate [NamedSqmFunctionTemplate(dayofmonth)] under dayofmonth; prior registration was null
2026-02-09 13:19:57 - DEBUG - o.h.q.s.function.SqmFunctionRegistry - Registering alternate key : day -> dayofmonth
2026-02-09 13:19:57 - DEBUG - o.h.q.s.function.SqmFunctionRegistry - Registered SqmFunctionTemplate [NamedSqmFunctionTemplate(dayofyear)] under dayofyear; prior registration was null
2026-02-09 13:19:57 - DEBUG - o.h.q.s.function.SqmFunctionRegistry - Registered SqmFunctionTemplate [NamedSqmFunctionTemplate(week)] under week; prior registration was null
2026-02-09 13:19:57 - DEBUG - o.h.q.s.function.SqmFunctionRegistry - Registered SqmFunctionTemplate [NamedSqmFunctionTemplate(quarter)] under quarter; prior registration was null
2026-02-09 13:19:57 - DEBUG - o.h.q.s.function.SqmFunctionRegistry - Registered SqmFunctionTemplate [NamedSqmFunctionTemplate(monthname)] under monthname; prior registration was null
2026-02-09 13:19:57 - DEBUG - o.h.q.s.function.SqmFunctionRegistry - Registered SqmFunctionTemplate [NamedSqmFunctionTemplate(dayname)] under dayname; prior registration was null
2026-02-09 13:19:57 - DEBUG - o.h.q.s.function.SqmFunctionRegistry - Registered SqmFunctionTemplate [NamedSqmFunctionTemplate(last_day)] under last_day; prior registration was null
2026-02-09 13:19:57 - DEBUG - o.h.q.s.function.SqmFunctionRegistry - Registered SqmFunctionTemplate [NamedSqmFunctionTemplate(date)] under date; prior registration was null
2026-02-09 13:19:57 - DEBUG - o.h.q.s.function.SqmFunctionRegistry - Registered SqmFunctionTemplate [NamedSqmFunctionTemplate(timestamp)] under timestamp; prior registration was null
2026-02-09 13:19:57 - DEBUG - o.h.q.s.function.SqmFunctionRegistry - Registered SqmFunctionTemplate [NamedSqmFunctionTemplate(time)] under time; prior registration was null
2026-02-09 13:19:57 - DEBUG - o.h.q.s.function.SqmFunctionRegistry - Registered SqmFunctionTemplate [NamedSqmFunctionTemplate(utc_date)] under utc_date; prior registration was null
2026-02-09 13:19:57 - DEBUG - o.h.q.s.function.SqmFunctionRegistry - Registered SqmFunctionTemplate [NamedSqmFunctionTemplate(utc_time)] under utc_time; prior registration was null
2026-02-09 13:19:57 - DEBUG - o.h.q.s.function.SqmFunctionRegistry - Registered SqmFunctionTemplate [NamedSqmFunctionTemplate(utc_timestamp)] under utc_timestamp; prior registration was null
2026-02-09 13:19:57 - DEBUG - o.h.q.s.function.SqmFunctionRegistry - Registered SqmFunctionTemplate [NamedSqmFunctionTemplate(rand)] under rand; prior registration was null
2026-02-09 13:19:57 - DEBUG - o.h.q.s.function.SqmFunctionRegistry - Registered SqmFunctionTemplate [NamedSqmFunctionTemplate(crc32)] under crc32; prior registration was null
2026-02-09 13:19:57 - DEBUG - o.h.q.s.function.SqmFunctionRegistry - Registered SqmFunctionTemplate [NamedSqmFunctionTemplate(sha1)] under sha1; prior registration was null
2026-02-09 13:19:57 - DEBUG - o.h.q.s.function.SqmFunctionRegistry - Registered SqmFunctionTemplate [NamedSqmFunctionTemplate(sha2)] under sha2; prior registration was null
2026-02-09 13:19:57 - DEBUG - o.h.q.s.function.SqmFunctionRegistry - Registered SqmFunctionTemplate [NamedSqmFunctionTemplate(sha)] under sha; prior registration was null
2026-02-09 13:19:57 - DEBUG - o.h.q.s.function.SqmFunctionRegistry - Registered SqmFunctionTemplate [NamedSqmFunctionTemplate(bit_length)] under bit_length; prior registration was null
2026-02-09 13:19:57 - DEBUG - o.h.q.s.function.SqmFunctionRegistry - Registered SqmFunctionTemplate [NamedSqmFunctionTemplate(octet_length)] under octet_length; prior registration was NamedSqmFunctionTemplate(octet_length)
2026-02-09 13:19:57 - DEBUG - o.h.q.s.function.SqmFunctionRegistry - Registered SqmFunctionTemplate [NamedSqmFunctionTemplate(ascii)] under ascii; prior registration was null
2026-02-09 13:19:57 - DEBUG - o.h.q.s.function.SqmFunctionRegistry - Registered SqmFunctionTemplate [NamedSqmFunctionTemplate(instr)] under instr; prior registration was null
2026-02-09 13:19:57 - DEBUG - o.h.q.s.function.SqmFunctionRegistry - Registered SqmFunctionTemplate [NamedSqmFunctionTemplate(substr)] under substr; prior registration was null
2026-02-09 13:19:57 - DEBUG - o.h.q.s.function.SqmFunctionRegistry - Registered SqmFunctionTemplate [org.hibernate.query.sqm.function.PatternBasedSqmFunctionDescriptor@381718c8] under position; prior registration was org.hibernate.dialect.function.LocatePositionEmulation@4bf3f3ae
2026-02-09 13:19:57 - DEBUG - o.h.q.s.function.SqmFunctionRegistry - Registered SqmFunctionTemplate [NamedSqmFunctionTemplate(curtime)] under curtime; prior registration was null
2026-02-09 13:19:57 - DEBUG - o.h.q.s.function.SqmFunctionRegistry - Registered SqmFunctionTemplate [NamedSqmFunctionTemplate(curdate)] under curdate; prior registration was null
2026-02-09 13:19:57 - DEBUG - o.h.q.s.function.SqmFunctionRegistry - Registered SqmFunctionTemplate [NamedSqmFunctionTemplate(now)] under now; prior registration was null
2026-02-09 13:19:57 - DEBUG - o.h.q.s.function.SqmFunctionRegistry - Registered SqmFunctionTemplate [org.hibernate.dialect.function.TruncFunction@d8473f7] under trunc; prior registration was null
2026-02-09 13:19:57 - DEBUG - o.h.q.s.function.SqmFunctionRegistry - Registering alternate key : truncate -> trunc
2026-02-09 13:19:57 - DEBUG - o.h.q.s.function.SqmFunctionRegistry - Registered SqmFunctionTemplate [NamedSqmFunctionTemplate(insert)] under insert; prior registration was null
2026-02-09 13:19:57 - DEBUG - o.h.q.s.function.SqmFunctionRegistry - Registered SqmFunctionTemplate [org.hibernate.query.sqm.function.PatternBasedSqmFunctionDescriptor@e8008e4] under bitand; prior registration was null
2026-02-09 13:19:57 - DEBUG - o.h.q.s.function.SqmFunctionRegistry - Registered SqmFunctionTemplate [org.hibernate.query.sqm.function.PatternBasedSqmFunctionDescriptor@1f03e1b7] under bitor; prior registration was null
2026-02-09 13:19:57 - DEBUG - o.h.q.s.function.SqmFunctionRegistry - Registered SqmFunctionTemplate [org.hibernate.query.sqm.function.PatternBasedSqmFunctionDescriptor@3005c39b] under bitxor; prior registration was null
2026-02-09 13:19:57 - DEBUG - o.h.q.s.function.SqmFunctionRegistry - Registered SqmFunctionTemplate [org.hibernate.query.sqm.function.PatternBasedSqmFunctionDescriptor@1e3005a7] under bitnot; prior registration was null
2026-02-09 13:19:57 - DEBUG - o.h.q.s.function.SqmFunctionRegistry - Registered SqmFunctionTemplate [NamedSqmFunctionTemplate(bit_and)] under bit_and; prior registration was null
2026-02-09 13:19:57 - DEBUG - o.h.q.s.function.SqmFunctionRegistry - Registered SqmFunctionTemplate [NamedSqmFunctionTemplate(bit_or)] under bit_or; prior registration was null
2026-02-09 13:19:57 - DEBUG - o.h.q.s.function.SqmFunctionRegistry - Registered SqmFunctionTemplate [NamedSqmFunctionTemplate(stddev)] under stddev; prior registration was null
2026-02-09 13:19:57 - DEBUG - o.h.q.s.function.SqmFunctionRegistry - Registered SqmFunctionTemplate [NamedSqmFunctionTemplate(stddev_pop)] under stddev_pop; prior registration was null
2026-02-09 13:19:57 - DEBUG - o.h.q.s.function.SqmFunctionRegistry - Registered SqmFunctionTemplate [NamedSqmFunctionTemplate(stddev_samp)] under stddev_samp; prior registration was null
2026-02-09 13:19:57 - DEBUG - o.h.q.s.function.SqmFunctionRegistry - Registered SqmFunctionTemplate [NamedSqmFunctionTemplate(variance)] under variance; prior registration was null
2026-02-09 13:19:57 - DEBUG - o.h.q.s.function.SqmFunctionRegistry - Registered SqmFunctionTemplate [NamedSqmFunctionTemplate(var_pop)] under var_pop; prior registration was null
2026-02-09 13:19:57 - DEBUG - o.h.q.s.function.SqmFunctionRegistry - Registered SqmFunctionTemplate [NamedSqmFunctionTemplate(var_samp)] under var_samp; prior registration was null
2026-02-09 13:19:57 - DEBUG - o.h.q.s.function.SqmFunctionRegistry - Registered SqmFunctionTemplate [NamedSqmFunctionTemplate(datediff)] under datediff; prior registration was null
2026-02-09 13:19:57 - DEBUG - o.h.q.s.function.SqmFunctionRegistry - Registered SqmFunctionTemplate [NamedSqmFunctionTemplate(adddate)] under adddate; prior registration was null
2026-02-09 13:19:57 - DEBUG - o.h.q.s.function.SqmFunctionRegistry - Registered SqmFunctionTemplate [NamedSqmFunctionTemplate(subdate)] under subdate; prior registration was null
2026-02-09 13:19:57 - DEBUG - o.h.q.s.function.SqmFunctionRegistry - Registered SqmFunctionTemplate [NamedSqmFunctionTemplate(addtime)] under addtime; prior registration was null
2026-02-09 13:19:57 - DEBUG - o.h.q.s.function.SqmFunctionRegistry - Registered SqmFunctionTemplate [NamedSqmFunctionTemplate(subtime)] under subtime; prior registration was null
2026-02-09 13:19:57 - DEBUG - o.h.q.s.function.SqmFunctionRegistry - Registered SqmFunctionTemplate [org.hibernate.dialect.function.FormatFunction@10f9f9ad] under format; prior registration was org.hibernate.dialect.function.FormatFunction@2fb3d9fe
2026-02-09 13:19:57 - DEBUG - o.h.q.s.function.SqmFunctionRegistry - Registered SqmFunctionTemplate [NamedSqmFunctionTemplate(makedate)] under makedate; prior registration was null
2026-02-09 13:19:57 - DEBUG - o.h.q.s.function.SqmFunctionRegistry - Registered SqmFunctionTemplate [NamedSqmFunctionTemplate(maketime)] under maketime; prior registration was null
2026-02-09 13:19:57 - DEBUG - o.h.q.s.function.SqmFunctionRegistry - Registered SqmFunctionTemplate [NamedSqmFunctionTemplate(localtime)] under localtime; prior registration was null
2026-02-09 13:19:57 - DEBUG - o.h.q.s.function.SqmFunctionRegistry - Registered SqmFunctionTemplate [NamedSqmFunctionTemplate(localtimestamp)] under localtimestamp; prior registration was null
2026-02-09 13:19:57 - DEBUG - o.h.q.s.function.SqmFunctionRegistry - Registered SqmFunctionTemplate [NamedSqmFunctionTemplate(localtime)] under local_time; prior registration was org.hibernate.dialect.function.CurrentFunction@6d1e58cc
2026-02-09 13:19:57 - DEBUG - o.h.q.s.function.SqmFunctionRegistry - Registered SqmFunctionTemplate [NamedSqmFunctionTemplate(localtimestamp)] under local_datetime; prior registration was org.hibernate.dialect.function.CurrentFunction@16bf6eb
2026-02-09 13:19:57 - DEBUG - o.h.q.s.function.SqmFunctionRegistry - Registered SqmFunctionTemplate [org.hibernate.query.sqm.function.PatternBasedSqmFunctionDescriptor@1077bc5c] under pi; prior registration was org.hibernate.query.sqm.function.PatternBasedSqmFunctionDescriptor@781542e
2026-02-09 13:19:57 - DEBUG - o.h.q.s.function.SqmFunctionRegistry - Registered SqmFunctionTemplate [org.hibernate.query.sqm.function.PatternBasedSqmFunctionDescriptor@ef0bcd2] under chr; prior registration was null
2026-02-09 13:19:57 - DEBUG - o.h.q.s.function.SqmFunctionRegistry - Registering alternate key : char -> chr
2026-02-09 13:19:57 - DEBUG - o.h.q.s.function.SqmFunctionRegistry - Registered SqmFunctionTemplate [org.hibernate.query.sqm.function.PatternBasedSqmFunctionDescriptor@10f38d96] under sysdate; prior registration was null
2026-02-09 13:19:57 - DEBUG - o.h.q.s.function.SqmFunctionRegistry - Registered SqmFunctionTemplate [NamedSqmFunctionTemplate(row_number)] under row_number; prior registration was null
2026-02-09 13:19:57 - DEBUG - o.h.q.s.function.SqmFunctionRegistry - Registered SqmFunctionTemplate [NamedSqmFunctionTemplate(lag)] under lag; prior registration was null
2026-02-09 13:19:57 - DEBUG - o.h.q.s.function.SqmFunctionRegistry - Registered SqmFunctionTemplate [NamedSqmFunctionTemplate(lead)] under lead; prior registration was null
2026-02-09 13:19:57 - DEBUG - o.h.q.s.function.SqmFunctionRegistry - Registered SqmFunctionTemplate [NamedSqmFunctionTemplate(first_value)] under first_value; prior registration was null
2026-02-09 13:19:57 - DEBUG - o.h.q.s.function.SqmFunctionRegistry - Registered SqmFunctionTemplate [NamedSqmFunctionTemplate(last_value)] under last_value; prior registration was null
2026-02-09 13:19:57 - DEBUG - o.h.q.s.function.SqmFunctionRegistry - Registered SqmFunctionTemplate [NamedSqmFunctionTemplate(nth_value)] under nth_value; prior registration was null
2026-02-09 13:19:57 - DEBUG - o.h.q.s.function.SqmFunctionRegistry - Registered SqmFunctionTemplate [org.hibernate.dialect.function.HypotheticalSetWindowEmulation@43a020fa] under rank; prior registration was null
2026-02-09 13:19:57 - DEBUG - o.h.q.s.function.SqmFunctionRegistry - Registered SqmFunctionTemplate [org.hibernate.dialect.function.HypotheticalSetWindowEmulation@71611140] under dense_rank; prior registration was null
2026-02-09 13:19:57 - DEBUG - o.h.q.s.function.SqmFunctionRegistry - Registered SqmFunctionTemplate [org.hibernate.dialect.function.HypotheticalSetWindowEmulation@4ff24723] under percent_rank; prior registration was null
2026-02-09 13:19:57 - DEBUG - o.h.q.s.function.SqmFunctionRegistry - Registered SqmFunctionTemplate [org.hibernate.dialect.function.HypotheticalSetWindowEmulation@1522f031] under cume_dist; prior registration was null
2026-02-09 13:19:57 - DEBUG - o.h.q.s.function.SqmFunctionRegistry - Registered SqmFunctionTemplate [org.hibernate.dialect.function.ListaggGroupConcatEmulation@71e201a1] under listagg; prior registration was null
2026-02-09 13:19:57 - DEBUG - org.hibernate.HQL_FUNCTIONS - abs(NUMERIC arg)
2026-02-09 13:19:57 - DEBUG - org.hibernate.HQL_FUNCTIONS - Double acos(NUMERIC arg)
2026-02-09 13:19:57 - DEBUG - org.hibernate.HQL_FUNCTIONS - adddate(DATE datetime, INTEGER days)
2026-02-09 13:19:57 - DEBUG - org.hibernate.HQL_FUNCTIONS - addtime(TIME datetime, TIME time)
2026-02-09 13:19:57 - DEBUG - org.hibernate.HQL_FUNCTIONS - Boolean any(BOOLEAN arg)
2026-02-09 13:19:57 - DEBUG - org.hibernate.HQL_FUNCTIONS - Integer ascii(STRING arg)
2026-02-09 13:19:57 - DEBUG - org.hibernate.HQL_FUNCTIONS - Double asin(NUMERIC arg)
2026-02-09 13:19:57 - DEBUG - org.hibernate.HQL_FUNCTIONS - Double atan(NUMERIC arg)
2026-02-09 13:19:57 - DEBUG - org.hibernate.HQL_FUNCTIONS - Double atan2(NUMERIC arg0, NUMERIC arg1)
2026-02-09 13:19:57 - DEBUG - org.hibernate.HQL_FUNCTIONS - avg(arg)
2026-02-09 13:19:57 - DEBUG - org.hibernate.HQL_FUNCTIONS - bit_and(arg)
2026-02-09 13:19:57 - DEBUG - org.hibernate.HQL_FUNCTIONS - Integer bit_length(STRING_OR_CLOB arg)
2026-02-09 13:19:57 - DEBUG - org.hibernate.HQL_FUNCTIONS - bit_or(arg)
2026-02-09 13:19:57 - DEBUG - org.hibernate.HQL_FUNCTIONS - bitand(arg0, arg1)
2026-02-09 13:19:57 - DEBUG - org.hibernate.HQL_FUNCTIONS - bitnot(arg)
2026-02-09 13:19:57 - DEBUG - org.hibernate.HQL_FUNCTIONS - bitor(arg0, arg1)
2026-02-09 13:19:57 - DEBUG - org.hibernate.HQL_FUNCTIONS - bitxor(arg0, arg1)
2026-02-09 13:19:57 - DEBUG - org.hibernate.HQL_FUNCTIONS - cast(arg as Type)
2026-02-09 13:19:57 - DEBUG - org.hibernate.HQL_FUNCTIONS - ceiling(NUMERIC arg)
2026-02-09 13:19:57 - DEBUG - org.hibernate.HQL_FUNCTIONS - Character char(INTEGER arg)
2026-02-09 13:19:57 - DEBUG - org.hibernate.HQL_FUNCTIONS - Integer character_length(STRING_OR_CLOB arg)
2026-02-09 13:19:57 - DEBUG - org.hibernate.HQL_FUNCTIONS - Character chr(INTEGER arg)
2026-02-09 13:19:57 - DEBUG - org.hibernate.HQL_FUNCTIONS - coalesce(arg0[, arg1[, ...]])
2026-02-09 13:19:57 - DEBUG - org.hibernate.HQL_FUNCTIONS - String collate(STRING string as COLLATION collation)
2026-02-09 13:19:57 - DEBUG - org.hibernate.HQL_FUNCTIONS - String concat(STRING string0[, STRING string1[, ...]])
2026-02-09 13:19:57 - DEBUG - org.hibernate.HQL_FUNCTIONS - Double cos(NUMERIC arg)
2026-02-09 13:19:57 - DEBUG - org.hibernate.HQL_FUNCTIONS - Double cosh(NUMERIC arg)
2026-02-09 13:19:57 - DEBUG - org.hibernate.HQL_FUNCTIONS - Double cot(NUMERIC arg)
2026-02-09 13:19:57 - DEBUG - org.hibernate.HQL_FUNCTIONS - Long count([distinct ]{arg|*})
2026-02-09 13:19:57 - DEBUG - org.hibernate.HQL_FUNCTIONS - Integer crc32(arg)
2026-02-09 13:19:57 - DEBUG - org.hibernate.HQL_FUNCTIONS - Double cume_dist([arg0[, ...]])
2026-02-09 13:19:57 - DEBUG - org.hibernate.HQL_FUNCTIONS - Date curdate()
2026-02-09 13:19:57 - DEBUG - org.hibernate.HQL_FUNCTIONS - Date current date
2026-02-09 13:19:57 - DEBUG - org.hibernate.HQL_FUNCTIONS - Time current time
2026-02-09 13:19:57 - DEBUG - org.hibernate.HQL_FUNCTIONS - Timestamp current timestamp
2026-02-09 13:19:57 - DEBUG - org.hibernate.HQL_FUNCTIONS - Date current_date
2026-02-09 13:19:57 - DEBUG - org.hibernate.HQL_FUNCTIONS - Instant current_instant
2026-02-09 13:19:57 - DEBUG - org.hibernate.HQL_FUNCTIONS - Time current_time
2026-02-09 13:19:57 - DEBUG - org.hibernate.HQL_FUNCTIONS - Timestamp current_timestamp
2026-02-09 13:19:57 - DEBUG - org.hibernate.HQL_FUNCTIONS - Time curtime()
2026-02-09 13:19:57 - DEBUG - org.hibernate.HQL_FUNCTIONS - Date date(arg)
2026-02-09 13:19:57 - DEBUG - org.hibernate.HQL_FUNCTIONS - dateadd(TEMPORAL_UNIT field, INTEGER magnitude, TEMPORAL datetime)
2026-02-09 13:19:57 - DEBUG - org.hibernate.HQL_FUNCTIONS - Integer datediff(DATE end, DATE start)
2026-02-09 13:19:57 - DEBUG - org.hibernate.HQL_FUNCTIONS - Integer day(DATE arg)
2026-02-09 13:19:57 - DEBUG - org.hibernate.HQL_FUNCTIONS - String dayname(DATE arg)
2026-02-09 13:19:57 - DEBUG - org.hibernate.HQL_FUNCTIONS - Integer dayofmonth(DATE arg)
2026-02-09 13:19:57 - DEBUG - org.hibernate.HQL_FUNCTIONS - Integer dayofweek(DATE arg)
2026-02-09 13:19:57 - DEBUG - org.hibernate.HQL_FUNCTIONS - Integer dayofyear(DATE arg)
2026-02-09 13:19:57 - DEBUG - org.hibernate.HQL_FUNCTIONS - Double degrees(NUMERIC arg)
2026-02-09 13:19:57 - DEBUG - org.hibernate.HQL_FUNCTIONS - Long dense_rank([arg0[, ...]])
2026-02-09 13:19:57 - DEBUG - org.hibernate.HQL_FUNCTIONS - Boolean every(BOOLEAN arg)
2026-02-09 13:19:57 - DEBUG - org.hibernate.HQL_FUNCTIONS - Double exp(NUMERIC arg)
2026-02-09 13:19:57 - DEBUG - org.hibernate.HQL_FUNCTIONS - extract(TEMPORAL_UNIT field from TEMPORAL arg)
2026-02-09 13:19:57 - DEBUG - org.hibernate.HQL_FUNCTIONS - first_valueANY value
2026-02-09 13:19:57 - DEBUG - org.hibernate.HQL_FUNCTIONS - floor(NUMERIC arg)
2026-02-09 13:19:57 - DEBUG - org.hibernate.HQL_FUNCTIONS - String format(TEMPORAL datetime as STRING pattern)
2026-02-09 13:19:57 - DEBUG - org.hibernate.HQL_FUNCTIONS - greatest(COMPARABLE arg0, COMPARABLE arg1[, arg2[, ...]])
2026-02-09 13:19:57 - DEBUG - org.hibernate.HQL_FUNCTIONS - Integer hour(TIME arg)
2026-02-09 13:19:57 - DEBUG - org.hibernate.HQL_FUNCTIONS - ifnull(arg0, arg1)
2026-02-09 13:19:57 - DEBUG - org.hibernate.HQL_FUNCTIONS - String insert(STRING string, INTEGER start, INTEGER length, STRING replacement)
2026-02-09 13:19:57 - DEBUG - org.hibernate.HQL_FUNCTIONS - Instant instant
2026-02-09 13:19:57 - DEBUG - org.hibernate.HQL_FUNCTIONS - Integer instr(STRING string, STRING pattern[, INTEGER start[, INTEGER occurrence]])
2026-02-09 13:19:57 - DEBUG - org.hibernate.HQL_FUNCTIONS - lagANY value[, INTEGER offset[, ANY default]]
2026-02-09 13:19:57 - DEBUG - org.hibernate.HQL_FUNCTIONS - Date last_day(DATE arg)
2026-02-09 13:19:57 - DEBUG - org.hibernate.HQL_FUNCTIONS - last_valueANY value
2026-02-09 13:19:57 - DEBUG - org.hibernate.HQL_FUNCTIONS - leadANY value[, INTEGER offset[, ANY default]]
2026-02-09 13:19:57 - DEBUG - org.hibernate.HQL_FUNCTIONS - least(COMPARABLE arg0, COMPARABLE arg1[, arg2[, ...]])
2026-02-09 13:19:57 - DEBUG - org.hibernate.HQL_FUNCTIONS - String left(STRING string, INTEGER length)
2026-02-09 13:19:57 - DEBUG - org.hibernate.HQL_FUNCTIONS - Integer length(STRING_OR_CLOB arg)
2026-02-09 13:19:57 - DEBUG - org.hibernate.HQL_FUNCTIONS - String listagg(STRING arg0, STRING arg1)
2026-02-09 13:19:57 - DEBUG - org.hibernate.HQL_FUNCTIONS - Double ln(NUMERIC arg)
2026-02-09 13:19:57 - DEBUG - org.hibernate.HQL_FUNCTIONS - LocalDate local date
2026-02-09 13:19:57 - DEBUG - org.hibernate.HQL_FUNCTIONS - LocalDateTime local datetime
2026-02-09 13:19:57 - DEBUG - org.hibernate.HQL_FUNCTIONS - LocalTime local time
2026-02-09 13:19:57 - DEBUG - org.hibernate.HQL_FUNCTIONS - LocalDate local_date
2026-02-09 13:19:57 - DEBUG - org.hibernate.HQL_FUNCTIONS - LocalDateTime local_datetime
2026-02-09 13:19:57 - DEBUG - org.hibernate.HQL_FUNCTIONS - LocalTime local_time
2026-02-09 13:19:57 - DEBUG - org.hibernate.HQL_FUNCTIONS - Time localtime
2026-02-09 13:19:57 - DEBUG - org.hibernate.HQL_FUNCTIONS - Timestamp localtimestamp
2026-02-09 13:19:57 - DEBUG - org.hibernate.HQL_FUNCTIONS - Integer locate(STRING pattern, STRING string[, INTEGER start])
2026-02-09 13:19:57 - DEBUG - org.hibernate.HQL_FUNCTIONS - Double log(NUMERIC arg0[, NUMERIC arg1])
2026-02-09 13:19:57 - DEBUG - org.hibernate.HQL_FUNCTIONS - Double log10(NUMERIC arg)
2026-02-09 13:19:57 - DEBUG - org.hibernate.HQL_FUNCTIONS - Double log2(NUMERIC arg)
2026-02-09 13:19:57 - DEBUG - org.hibernate.HQL_FUNCTIONS - String lower(STRING string)
2026-02-09 13:19:57 - DEBUG - org.hibernate.HQL_FUNCTIONS - String lpad(string, length[, padding])
2026-02-09 13:19:57 - DEBUG - org.hibernate.HQL_FUNCTIONS - String ltrim(STRING string[, STRING characters])
2026-02-09 13:19:57 - DEBUG - org.hibernate.HQL_FUNCTIONS - Date makedate(INTEGER year, INTEGER dayofyear)
2026-02-09 13:19:57 - DEBUG - org.hibernate.HQL_FUNCTIONS - Time maketime(INTEGER hour, INTEGER min, INTEGER sec)
2026-02-09 13:19:57 - DEBUG - org.hibernate.HQL_FUNCTIONS - max(COMPARABLE arg)
2026-02-09 13:19:57 - DEBUG - org.hibernate.HQL_FUNCTIONS - String md5(arg)
2026-02-09 13:19:57 - DEBUG - org.hibernate.HQL_FUNCTIONS - Integer microsecond(TIME arg)
2026-02-09 13:19:57 - DEBUG - org.hibernate.HQL_FUNCTIONS - min(COMPARABLE arg)
2026-02-09 13:19:57 - DEBUG - org.hibernate.HQL_FUNCTIONS - Integer minute(TIME arg)
2026-02-09 13:19:57 - DEBUG - org.hibernate.HQL_FUNCTIONS - Integer mod(INTEGER arg0, INTEGER arg1)
2026-02-09 13:19:57 - DEBUG - org.hibernate.HQL_FUNCTIONS - Integer month(DATE arg)
2026-02-09 13:19:57 - DEBUG - org.hibernate.HQL_FUNCTIONS - String monthname(DATE arg)
2026-02-09 13:19:57 - DEBUG - org.hibernate.HQL_FUNCTIONS - Timestamp now()
2026-02-09 13:19:57 - DEBUG - org.hibernate.HQL_FUNCTIONS - nth_valueANY value, INTEGER nth
2026-02-09 13:19:57 - DEBUG - org.hibernate.HQL_FUNCTIONS - nullif(arg0, arg1)
2026-02-09 13:19:57 - DEBUG - org.hibernate.HQL_FUNCTIONS - Integer octet_length(STRING_OR_CLOB arg)
2026-02-09 13:19:57 - DEBUG - org.hibernate.HQL_FUNCTIONS - OffsetDateTime offset datetime
2026-02-09 13:19:57 - DEBUG - org.hibernate.HQL_FUNCTIONS - OffsetDateTime offset_datetime
2026-02-09 13:19:57 - DEBUG - org.hibernate.HQL_FUNCTIONS - String overlay(STRING string placing STRING replacement from INTEGER start[ for INTEGER length])
2026-02-09 13:19:57 - DEBUG - org.hibernate.HQL_FUNCTIONS - String pad(STRING string with INTEGER length {leading|trailing}[ STRING character])
2026-02-09 13:19:57 - DEBUG - org.hibernate.HQL_FUNCTIONS - Double percent_rank([arg0[, ...]])
2026-02-09 13:19:57 - DEBUG - org.hibernate.HQL_FUNCTIONS - Double pi
2026-02-09 13:19:57 - DEBUG - org.hibernate.HQL_FUNCTIONS - Integer position(STRING pattern in STRING string)
2026-02-09 13:19:57 - DEBUG - org.hibernate.HQL_FUNCTIONS - Double power(NUMERIC arg0, NUMERIC arg1)
2026-02-09 13:19:57 - DEBUG - org.hibernate.HQL_FUNCTIONS - Integer quarter(DATE arg)
2026-02-09 13:19:57 - DEBUG - org.hibernate.HQL_FUNCTIONS - Double radians(NUMERIC arg)
2026-02-09 13:19:57 - DEBUG - org.hibernate.HQL_FUNCTIONS - Double rand([INTEGER seed])
2026-02-09 13:19:57 - DEBUG - org.hibernate.HQL_FUNCTIONS - Long rank([arg0[, ...]])
2026-02-09 13:19:57 - DEBUG - org.hibernate.HQL_FUNCTIONS - String repeat(STRING string, INTEGER times)
2026-02-09 13:19:57 - DEBUG - org.hibernate.HQL_FUNCTIONS - String replace(STRING string, STRING pattern, STRING replacement)
2026-02-09 13:19:57 - DEBUG - org.hibernate.HQL_FUNCTIONS - String reverse(STRING arg)
2026-02-09 13:19:57 - DEBUG - org.hibernate.HQL_FUNCTIONS - String right(STRING string, INTEGER length)
2026-02-09 13:19:57 - DEBUG - org.hibernate.HQL_FUNCTIONS - round(NUMERIC number[, INTEGER places])
2026-02-09 13:19:57 - DEBUG - org.hibernate.HQL_FUNCTIONS - Long row_number()
2026-02-09 13:19:57 - DEBUG - org.hibernate.HQL_FUNCTIONS - String rpad(string, length[, padding])
2026-02-09 13:19:57 - DEBUG - org.hibernate.HQL_FUNCTIONS - String rtrim(STRING string[, STRING characters])
2026-02-09 13:19:57 - DEBUG - org.hibernate.HQL_FUNCTIONS - Integer second(TIME arg)
2026-02-09 13:19:57 - DEBUG - org.hibernate.HQL_FUNCTIONS - String sha(arg)
2026-02-09 13:19:57 - DEBUG - org.hibernate.HQL_FUNCTIONS - String sha1(arg)
2026-02-09 13:19:57 - DEBUG - org.hibernate.HQL_FUNCTIONS - String sha2(arg0, arg1)
2026-02-09 13:19:57 - DEBUG - org.hibernate.HQL_FUNCTIONS - Integer sign(NUMERIC arg)
2026-02-09 13:19:57 - DEBUG - org.hibernate.HQL_FUNCTIONS - Double sin(NUMERIC arg)
2026-02-09 13:19:57 - DEBUG - org.hibernate.HQL_FUNCTIONS - Double sinh(NUMERIC arg)
2026-02-09 13:19:57 - DEBUG - org.hibernate.HQL_FUNCTIONS - String soundex(arg)
2026-02-09 13:19:57 - DEBUG - org.hibernate.HQL_FUNCTIONS - String space(INTEGER arg)
2026-02-09 13:19:57 - DEBUG - org.hibernate.HQL_FUNCTIONS - sql
2026-02-09 13:19:57 - DEBUG - org.hibernate.HQL_FUNCTIONS - Double sqrt(NUMERIC arg)
2026-02-09 13:19:57 - DEBUG - org.hibernate.HQL_FUNCTIONS - Double stddev(NUMERIC arg)
2026-02-09 13:19:57 - DEBUG - org.hibernate.HQL_FUNCTIONS - Double stddev_pop(NUMERIC arg)
2026-02-09 13:19:57 - DEBUG - org.hibernate.HQL_FUNCTIONS - Double stddev_samp(NUMERIC arg)
2026-02-09 13:19:57 - DEBUG - org.hibernate.HQL_FUNCTIONS - String str(arg)
2026-02-09 13:19:57 - DEBUG - org.hibernate.HQL_FUNCTIONS - subdate(DATE datetime, INTEGER days)
2026-02-09 13:19:57 - DEBUG - org.hibernate.HQL_FUNCTIONS - String substr(STRING string, INTEGER start[, INTEGER length])
2026-02-09 13:19:57 - DEBUG - org.hibernate.HQL_FUNCTIONS - String substring(STRING string{ from|,} INTEGER start[{ for|,} INTEGER length])
2026-02-09 13:19:57 - DEBUG - org.hibernate.HQL_FUNCTIONS - subtime(TIME datetime, TIME time)
2026-02-09 13:19:57 - DEBUG - org.hibernate.HQL_FUNCTIONS - sum(arg)
2026-02-09 13:19:57 - DEBUG - org.hibernate.HQL_FUNCTIONS - Timestamp sysdate()
2026-02-09 13:19:57 - DEBUG - org.hibernate.HQL_FUNCTIONS - Double tan(NUMERIC arg)
2026-02-09 13:19:57 - DEBUG - org.hibernate.HQL_FUNCTIONS - Double tanh(NUMERIC arg)
2026-02-09 13:19:57 - DEBUG - org.hibernate.HQL_FUNCTIONS - String time(arg)
2026-02-09 13:19:57 - DEBUG - org.hibernate.HQL_FUNCTIONS - Timestamp timestamp(arg0[, arg1])
2026-02-09 13:19:57 - DEBUG - org.hibernate.HQL_FUNCTIONS - timestampadd(TEMPORAL_UNIT field, INTEGER magnitude, TEMPORAL datetime)
2026-02-09 13:19:57 - DEBUG - org.hibernate.HQL_FUNCTIONS - Long|Double timestampdiff(TEMPORAL_UNIT field, TEMPORAL start, TEMPORAL end)
2026-02-09 13:19:57 - DEBUG - org.hibernate.HQL_FUNCTIONS - String trim([[{leading|trailing|both} ][STRING arg0 ]from] STRING arg1)
2026-02-09 13:19:57 - DEBUG - org.hibernate.HQL_FUNCTIONS - trunc( ... )
2026-02-09 13:19:57 - DEBUG - org.hibernate.HQL_FUNCTIONS - truncate( ... )
2026-02-09 13:19:57 - DEBUG - org.hibernate.HQL_FUNCTIONS - String upper(STRING string)
2026-02-09 13:19:57 - DEBUG - org.hibernate.HQL_FUNCTIONS - Date utc_date
2026-02-09 13:19:57 - DEBUG - org.hibernate.HQL_FUNCTIONS - Time utc_time
2026-02-09 13:19:57 - DEBUG - org.hibernate.HQL_FUNCTIONS - Timestamp utc_timestamp
2026-02-09 13:19:57 - DEBUG - org.hibernate.HQL_FUNCTIONS - Double var_pop(NUMERIC arg)
2026-02-09 13:19:57 - DEBUG - org.hibernate.HQL_FUNCTIONS - Double var_samp(NUMERIC arg)
2026-02-09 13:19:57 - DEBUG - org.hibernate.HQL_FUNCTIONS - Double variance(NUMERIC arg)
2026-02-09 13:19:57 - DEBUG - org.hibernate.HQL_FUNCTIONS - Integer week(DATE arg)
2026-02-09 13:19:57 - DEBUG - org.hibernate.HQL_FUNCTIONS - Integer year(DATE arg)
2026-02-09 13:19:57 - DEBUG - org.hibernate.orm.query.plan.cache - Starting QueryInterpretationCache(2048)
2026-02-09 13:19:57 - DEBUG - o.h.s.i.SessionFactoryServiceRegistryImpl - EventListenerRegistry access via ServiceRegistry is deprecated.  Use `sessionFactory.getEventEngine().getListenerRegistry()` instead
2026-02-09 13:19:57 - DEBUG - o.h.e.i.EntityCopyObserverFactoryInitiator - Configured EntityCopyObserver strategy: disallow
2026-02-09 13:19:57 - DEBUG - sun.rmi.transport.tcp - RMI TCP Connection(2)-127.0.0.1: (port 65417) op = 82
2026-02-09 13:19:57 - DEBUG - sun.rmi.transport.tcp - RMI TCP Connection(2)-127.0.0.1: (port 65417) op = 80
2026-02-09 13:19:57 - DEBUG - sun.rmi.loader - RMI TCP Connection(2)-127.0.0.1: name = "javax.management.ObjectName", codebase = ""
2026-02-09 13:19:57 - DEBUG - javax.management.remote.rmi - connectionId=rmi://127.0.0.1  1, name=org.springframework.boot:type=Admin,name=SpringApplication, attribute=Ready
2026-02-09 13:19:57 - DEBUG - sun.rmi.server.call - RMI TCP Connection(2)-127.0.0.1: [127.0.0.1] exception: 
javax.management.InstanceNotFoundException: org.springframework.boot:type=Admin,name=SpringApplication
	at java.management/com.sun.jmx.interceptor.DefaultMBeanServerInterceptor.getMBean(DefaultMBeanServerInterceptor.java:1088)
	at java.management/com.sun.jmx.interceptor.DefaultMBeanServerInterceptor.getAttribute(DefaultMBeanServerInterceptor.java:640)
	at java.management/com.sun.jmx.mbeanserver.JmxMBeanServer.getAttribute(JmxMBeanServer.java:679)
	at java.management.rmi/javax.management.remote.rmi.RMIConnectionImpl.doOperation(RMIConnectionImpl.java:1449)
	at java.management.rmi/javax.management.remote.rmi.RMIConnectionImpl$PrivilegedOperation.run(RMIConnectionImpl.java:1310)
	at java.management.rmi/javax.management.remote.rmi.RMIConnectionImpl.doPrivilegedOperation(RMIConnectionImpl.java:1405)
	at java.management.rmi/javax.management.remote.rmi.RMIConnectionImpl.getAttribute(RMIConnectionImpl.java:639)
	at java.base/jdk.internal.reflect.GeneratedMethodAccessor11.invoke(Unknown Source)
	at java.base/jdk.internal.reflect.DelegatingMethodAccessorImpl.invoke(DelegatingMethodAccessorImpl.java:43)
	at java.base/java.lang.reflect.Method.invoke(Method.java:568)
	at java.rmi/sun.rmi.server.UnicastServerRef.dispatch(UnicastServerRef.java:360)
	at java.rmi/sun.rmi.transport.Transport$1.run(Transport.java:200)
	at java.rmi/sun.rmi.transport.Transport$1.run(Transport.java:197)
	at java.base/java.security.AccessController.doPrivileged(AccessController.java:712)
	at java.rmi/sun.rmi.transport.Transport.serviceCall(Transport.java:196)
	at java.rmi/sun.rmi.transport.tcp.TCPTransport.handleMessages(TCPTransport.java:587)
	at java.rmi/sun.rmi.transport.tcp.TCPTransport$ConnectionHandler.run0(TCPTransport.java:828)
	at java.rmi/sun.rmi.transport.tcp.TCPTransport$ConnectionHandler.lambda$run$0(TCPTransport.java:705)
	at java.base/java.security.AccessController.doPrivileged(AccessController.java:399)
	at java.rmi/sun.rmi.transport.tcp.TCPTransport$ConnectionHandler.run(TCPTransport.java:704)
	at java.base/java.util.concurrent.ThreadPoolExecutor.runWorker(ThreadPoolExecutor.java:1136)
	at java.base/java.util.concurrent.ThreadPoolExecutor$Worker.run(ThreadPoolExecutor.java:635)
	at java.base/java.lang.Thread.run(Thread.java:842)
2026-02-09 13:19:57 - DEBUG - o.h.b.internal.ClassLoaderAccessImpl - Not known whether passed class name [com.enterpriseflow.entity.auth.User] is safe
2026-02-09 13:19:57 - DEBUG - o.h.b.internal.ClassLoaderAccessImpl - No temp ClassLoader provided; using live ClassLoader for loading potentially unsafe class : com.enterpriseflow.entity.auth.User
2026-02-09 13:19:58 - DEBUG - o.h.b.i.b.BytecodeProviderImpl - HHH000513: Unable to create the ReflectionOptimizer for [com.enterpriseflow.entity.auth.User]: private accessor [createBy]
2026-02-09 13:19:58 - DEBUG - o.h.b.internal.ClassLoaderAccessImpl - Not known whether passed class name [com.enterpriseflow.entity.auth.Role] is safe
2026-02-09 13:19:58 - DEBUG - o.h.b.internal.ClassLoaderAccessImpl - No temp ClassLoader provided; using live ClassLoader for loading potentially unsafe class : com.enterpriseflow.entity.auth.Role
2026-02-09 13:19:58 - DEBUG - o.h.b.i.b.BytecodeProviderImpl - HHH000513: Unable to create the ReflectionOptimizer for [com.enterpriseflow.entity.auth.Role]: private accessor [createBy]
2026-02-09 13:19:58 - DEBUG - org.hibernate.orm.jdbc.mutation - Skipping collection row updates - com.enterpriseflow.entity.auth.User.roles
2026-02-09 13:19:58 - DEBUG - o.h.orm.model.mapping.creation - Starting post-init callbacks
2026-02-09 13:19:58 - DEBUG - o.h.orm.model.mapping.creation - Starting PostInitCallbackEntry : PluralAttributeMapping( NavigableRole[com.enterpriseflow.entity.auth.User.roles#{element}]) - element descriptor
2026-02-09 13:19:58 - DEBUG - o.h.orm.model.mapping.creation - Starting PostInitCallbackEntry : PluralAttributeMapping(com.enterpriseflow.entity.auth.User.roles)#finishInitialization
2026-02-09 13:19:58 - DEBUG - o.h.orm.model.mapping.creation - Starting PostInitCallbackEntry : PluralAttributeMapping(com.enterpriseflow.entity.auth.User.roles) - key descriptor
2026-02-09 13:19:58 - DEBUG - o.h.orm.model.mapping.creation - Starting PostInitCallbackEntry : Entity(com.enterpriseflow.entity.auth.User) `staticFetchableList` generator
2026-02-09 13:19:58 - DEBUG - o.h.orm.model.mapping.creation - Starting PostInitCallbackEntry : Entity(com.enterpriseflow.entity.auth.Role) `staticFetchableList` generator
2026-02-09 13:19:58 - DEBUG - sun.rmi.transport.tcp - RMI TCP Connection(2)-127.0.0.1: (port 65417) op = 82
2026-02-09 13:19:58 - DEBUG - sun.rmi.transport.tcp - RMI TCP Connection(2)-127.0.0.1: (port 65417) op = 80
2026-02-09 13:19:58 - DEBUG - sun.rmi.loader - RMI TCP Connection(2)-127.0.0.1: name = "javax.management.ObjectName", codebase = ""
2026-02-09 13:19:58 - DEBUG - javax.management.remote.rmi - connectionId=rmi://127.0.0.1  1, name=org.springframework.boot:type=Admin,name=SpringApplication, attribute=Ready
2026-02-09 13:19:58 - DEBUG - sun.rmi.server.call - RMI TCP Connection(2)-127.0.0.1: [127.0.0.1] exception: 
javax.management.InstanceNotFoundException: org.springframework.boot:type=Admin,name=SpringApplication
	at java.management/com.sun.jmx.interceptor.DefaultMBeanServerInterceptor.getMBean(DefaultMBeanServerInterceptor.java:1088)
	at java.management/com.sun.jmx.interceptor.DefaultMBeanServerInterceptor.getAttribute(DefaultMBeanServerInterceptor.java:640)
	at java.management/com.sun.jmx.mbeanserver.JmxMBeanServer.getAttribute(JmxMBeanServer.java:679)
	at java.management.rmi/javax.management.remote.rmi.RMIConnectionImpl.doOperation(RMIConnectionImpl.java:1449)
	at java.management.rmi/javax.management.remote.rmi.RMIConnectionImpl$PrivilegedOperation.run(RMIConnectionImpl.java:1310)
	at java.management.rmi/javax.management.remote.rmi.RMIConnectionImpl.doPrivilegedOperation(RMIConnectionImpl.java:1405)
	at java.management.rmi/javax.management.remote.rmi.RMIConnectionImpl.getAttribute(RMIConnectionImpl.java:639)
	at java.base/jdk.internal.reflect.GeneratedMethodAccessor11.invoke(Unknown Source)
	at java.base/jdk.internal.reflect.DelegatingMethodAccessorImpl.invoke(DelegatingMethodAccessorImpl.java:43)
	at java.base/java.lang.reflect.Method.invoke(Method.java:568)
	at java.rmi/sun.rmi.server.UnicastServerRef.dispatch(UnicastServerRef.java:360)
	at java.rmi/sun.rmi.transport.Transport$1.run(Transport.java:200)
	at java.rmi/sun.rmi.transport.Transport$1.run(Transport.java:197)
	at java.base/java.security.AccessController.doPrivileged(AccessController.java:712)
	at java.rmi/sun.rmi.transport.Transport.serviceCall(Transport.java:196)
	at java.rmi/sun.rmi.transport.tcp.TCPTransport.handleMessages(TCPTransport.java:587)
	at java.rmi/sun.rmi.transport.tcp.TCPTransport$ConnectionHandler.run0(TCPTransport.java:828)
	at java.rmi/sun.rmi.transport.tcp.TCPTransport$ConnectionHandler.lambda$run$0(TCPTransport.java:705)
	at java.base/java.security.AccessController.doPrivileged(AccessController.java:399)
	at java.rmi/sun.rmi.transport.tcp.TCPTransport$ConnectionHandler.run(TCPTransport.java:704)
	at java.base/java.util.concurrent.ThreadPoolExecutor.runWorker(ThreadPoolExecutor.java:1136)
	at java.base/java.util.concurrent.ThreadPoolExecutor$Worker.run(ThreadPoolExecutor.java:635)
	at java.base/java.lang.Thread.run(Thread.java:842)
2026-02-09 13:19:58 - DEBUG - org.hibernate.orm.sql.ast.create - Created new SQL alias : u1_0
2026-02-09 13:19:58 - DEBUG - org.hibernate.orm.sql.ast.create - Registration of TableGroup [StandardTableGroup(com.enterpriseflow.entity.auth.User)] with identifierForTableGroup [com.enterpriseflow.entity.auth.User] for NavigablePath [com.enterpriseflow.entity.auth.User] 
2026-02-09 13:19:58 - DEBUG - org.hibernate.orm.sql.ast.create - Created new SQL alias : r1_0
2026-02-09 13:19:58 - DEBUG - org.hibernate.orm.sql.ast.create - Registration of TableGroup [CollectionTableGroup(com.enterpriseflow.entity.auth.User.roles)] with identifierForTableGroup [com.enterpriseflow.entity.auth.User.roles] for NavigablePath [com.enterpriseflow.entity.auth.User.roles] 
2026-02-09 13:19:58 - DEBUG - org.hibernate.orm.sql.ast.create - Registration of TableGroup [org.hibernate.sql.ast.tree.from.LazyTableGroup@694a94e5] with identifierForTableGroup [com.enterpriseflow.entity.auth.User.roles.{element}] for NavigablePath [com.enterpriseflow.entity.auth.User.roles.{element}] 
2026-02-09 13:19:58 - DEBUG - org.hibernate.orm.sql.ast.create - Created new SQL alias : r1_1
2026-02-09 13:19:58 - DEBUG - org.hibernate.orm.results.graph.AST - DomainResult Graph:
 \-EntityResultImpl [com.enterpriseflow.entity.auth.User]
 |  +-BasicFetch [com.enterpriseflow.entity.auth.User.createBy]
 |  +-BasicFetch [com.enterpriseflow.entity.auth.User.createdAt]
 |  +-BasicFetch [com.enterpriseflow.entity.auth.User.email]
 |  +-BasicFetch [com.enterpriseflow.entity.auth.User.fullName]
 |  +-BasicFetch [com.enterpriseflow.entity.auth.User.isAccountNonLocked]
 |  +-BasicFetch [com.enterpriseflow.entity.auth.User.isActive]
 |  +-BasicFetch [com.enterpriseflow.entity.auth.User.isDeleted]
 |  +-BasicFetch [com.enterpriseflow.entity.auth.User.password]
 |  +-EagerCollectionFetch [com.enterpriseflow.entity.auth.User.roles]
 |  |  \-EntityFetchJoinedImpl [com.enterpriseflow.entity.auth.User.roles.{element}]
 |  |  |  +-BasicFetch [com.enterpriseflow.entity.auth.User.roles.{element}.createBy]
 |  |  |  +-BasicFetch [com.enterpriseflow.entity.auth.User.roles.{element}.createdAt]
 |  |  |  +-BasicFetch [com.enterpriseflow.entity.auth.User.roles.{element}.description]
 |  |  |  +-BasicFetch [com.enterpriseflow.entity.auth.User.roles.{element}.isDeleted]
 |  |  |  +-BasicFetch [com.enterpriseflow.entity.auth.User.roles.{element}.name]
 |  |  |  +-BasicFetch [com.enterpriseflow.entity.auth.User.roles.{element}.updatedAt]
 |  |  |  \-BasicFetch [com.enterpriseflow.entity.auth.User.roles.{element}.updatedBy]
 |  +-BasicFetch [com.enterpriseflow.entity.auth.User.updatedAt]
 |  \-BasicFetch [com.enterpriseflow.entity.auth.User.updatedBy]

2026-02-09 13:19:58 - DEBUG - org.hibernate.orm.sql.ast.tree - SQL AST Tree:
    SelectStatement {
      FromClause {
        StandardTableGroup (u1 : com.enterpriseflow.entity.auth.User) {
          primaryTableReference : users as u1_0
          TableGroupJoins {
            left  join CollectionTableGroup (r1 : com.enterpriseflow.entity.auth.User.roles) {
              primaryTableReference : user_roles as r1_0
              TableGroupJoins {
                left  join LazyTableGroup (r1 : com.enterpriseflow.entity.auth.User.roles.{element}) {
                  primaryTableReference : roles as r1_1
                }
              }
            }
          }
        }
      }
    }

2026-02-09 13:19:58 - DEBUG - o.h.p.entity.AbstractEntityPersister - Static SQL for entity: com.enterpriseflow.entity.auth.User
2026-02-09 13:19:58 - DEBUG - o.h.p.entity.AbstractEntityPersister -  Version select: select id from users where id=?
2026-02-09 13:19:58 - DEBUG - o.h.p.entity.AbstractEntityPersister -  Insert (0): insert into users (created_by,created_at,email,full_name,is_account_non_locked,is_active,is_deleted,password,updated_at,updated_by) values (?,?,?,?,?,?,?,?,?,?)
2026-02-09 13:19:58 - DEBUG - o.h.p.entity.AbstractEntityPersister -  Update (0): update users set created_by=?,email=?,full_name=?,is_account_non_locked=?,is_active=?,is_deleted=?,password=?,updated_at=?,updated_by=? where id=?
2026-02-09 13:19:58 - DEBUG - o.h.p.entity.AbstractEntityPersister -  Delete (0): delete from users where id=?
2026-02-09 13:19:58 - DEBUG - org.hibernate.orm.sql.ast.create - Created new SQL alias : r1_0
2026-02-09 13:19:58 - DEBUG - org.hibernate.orm.sql.ast.create - Registration of TableGroup [StandardTableGroup(com.enterpriseflow.entity.auth.Role)] with identifierForTableGroup [com.enterpriseflow.entity.auth.Role] for NavigablePath [com.enterpriseflow.entity.auth.Role] 
2026-02-09 13:19:58 - DEBUG - org.hibernate.orm.results.graph.AST - DomainResult Graph:
 \-EntityResultImpl [com.enterpriseflow.entity.auth.Role]
 |  +-BasicFetch [com.enterpriseflow.entity.auth.Role.createBy]
 |  +-BasicFetch [com.enterpriseflow.entity.auth.Role.createdAt]
 |  +-BasicFetch [com.enterpriseflow.entity.auth.Role.description]
 |  +-BasicFetch [com.enterpriseflow.entity.auth.Role.isDeleted]
 |  +-BasicFetch [com.enterpriseflow.entity.auth.Role.name]
 |  +-BasicFetch [com.enterpriseflow.entity.auth.Role.updatedAt]
 |  \-BasicFetch [com.enterpriseflow.entity.auth.Role.updatedBy]

2026-02-09 13:19:58 - DEBUG - org.hibernate.orm.sql.ast.tree - SQL AST Tree:
    SelectStatement {
      FromClause {
        StandardTableGroup (r1 : com.enterpriseflow.entity.auth.Role) {
          primaryTableReference : roles as r1_0
        }
      }
    }

2026-02-09 13:19:58 - DEBUG - o.h.p.entity.AbstractEntityPersister - Static SQL for entity: com.enterpriseflow.entity.auth.Role
2026-02-09 13:19:58 - DEBUG - o.h.p.entity.AbstractEntityPersister -  Version select: select id from roles where id=?
2026-02-09 13:19:58 - DEBUG - o.h.p.entity.AbstractEntityPersister -  Insert (0): insert into roles (created_by,created_at,description,is_deleted,name,updated_at,updated_by) values (?,?,?,?,?,?,?)
2026-02-09 13:19:58 - DEBUG - o.h.p.entity.AbstractEntityPersister -  Update (0): update roles set created_by=?,description=?,is_deleted=?,name=?,updated_at=?,updated_by=? where id=?
2026-02-09 13:19:58 - DEBUG - o.h.p.entity.AbstractEntityPersister -  Delete (0): delete from roles where id=?
2026-02-09 13:19:58 - DEBUG - org.hibernate.orm.sql.ast.create - Created new SQL alias : r1_0
2026-02-09 13:19:58 - DEBUG - org.hibernate.orm.sql.ast.create - Registration of TableGroup [CollectionTableGroup(com.enterpriseflow.entity.auth.User.roles)] with identifierForTableGroup [com.enterpriseflow.entity.auth.User.roles] for NavigablePath [com.enterpriseflow.entity.auth.User.roles] 
2026-02-09 13:19:58 - DEBUG - org.hibernate.orm.sql.ast.create - Registration of TableGroup [org.hibernate.sql.ast.tree.from.LazyTableGroup@3bbfe13c] with identifierForTableGroup [com.enterpriseflow.entity.auth.User.roles.{element}] for NavigablePath [com.enterpriseflow.entity.auth.User.roles.{element}] 
2026-02-09 13:19:58 - DEBUG - org.hibernate.orm.sql.ast.create - Created new SQL alias : r1_1
2026-02-09 13:19:58 - DEBUG - org.hibernate.orm.results.graph.AST - DomainResult Graph:
 \-CollectionDomainResult [com.enterpriseflow.entity.auth.User.roles]

2026-02-09 13:19:58 - DEBUG - org.hibernate.orm.sql.ast.tree - SQL AST Tree:
    SelectStatement {
      FromClause {
        CollectionTableGroup (r1 : com.enterpriseflow.entity.auth.User.roles) {
          primaryTableReference : user_roles as r1_0
          TableGroupJoins {
             join LazyTableGroup (r1 : com.enterpriseflow.entity.auth.User.roles.{element}) {
              primaryTableReference : roles as r1_1
            }
          }
        }
      }
    }

2026-02-09 13:19:58 - DEBUG - org.hibernate.orm.jdbc.mutation - Static SQL for collection: com.enterpriseflow.entity.auth.User.roles
2026-02-09 13:19:58 - DEBUG - org.hibernate.orm.jdbc.mutation -  Row insert: insert into user_roles (user_id,role_id) values (?,?)
2026-02-09 13:19:58 - DEBUG - org.hibernate.orm.jdbc.mutation -  Row delete: delete from user_roles where user_id=? and role_id=?
2026-02-09 13:19:58 - DEBUG - org.hibernate.orm.jdbc.mutation -  One-shot delete: delete from user_roles where user_id=?
2026-02-09 13:19:58 - INFO - o.h.e.t.j.p.i.JtaPlatformInitiator - HHH000489: No JTA platform available (set 'hibernate.transaction.jta.platform' to enable JTA platform integration)
2026-02-09 13:19:58 - DEBUG - o.h.type.spi.TypeConfiguration$Scope - Scoping TypeConfiguration [org.hibernate.type.spi.TypeConfiguration@17fb6ef4] to SessionFactoryImplementor [org.hibernate.internal.SessionFactoryImpl@1722a0b5]
2026-02-09 13:19:58 - DEBUG - o.h.q.named.NamedObjectRepository - Checking 0 named HQL queries
2026-02-09 13:19:58 - DEBUG - o.h.q.named.NamedObjectRepository - Checking 0 named SQL queries
2026-02-09 13:19:58 - DEBUG - org.hibernate.SQL - 
    create table roles (
        id bigint not null auto_increment,
        created_by varchar(255),
        created_at datetime(6),
        is_deleted bit,
        updated_at datetime(6),
        updated_by varchar(255),
        description varchar(255),
        name varchar(255) not null,
        primary key (id)
    ) engine=InnoDB
2026-02-09 13:19:58 - DEBUG - org.hibernate.SQL - 
    create table user_roles (
        user_id bigint not null,
        role_id bigint not null,
        primary key (user_id, role_id)
    ) engine=InnoDB
2026-02-09 13:19:58 - DEBUG - sun.rmi.transport.tcp - RMI TCP Connection(2)-127.0.0.1: (port 65417) op = 82
2026-02-09 13:19:58 - DEBUG - sun.rmi.transport.tcp - RMI TCP Connection(2)-127.0.0.1: (port 65417) op = 80
2026-02-09 13:19:58 - DEBUG - sun.rmi.loader - RMI TCP Connection(2)-127.0.0.1: name = "javax.management.ObjectName", codebase = ""
2026-02-09 13:19:58 - DEBUG - javax.management.remote.rmi - connectionId=rmi://127.0.0.1  1, name=org.springframework.boot:type=Admin,name=SpringApplication, attribute=Ready
2026-02-09 13:19:58 - DEBUG - sun.rmi.server.call - RMI TCP Connection(2)-127.0.0.1: [127.0.0.1] exception: 
javax.management.InstanceNotFoundException: org.springframework.boot:type=Admin,name=SpringApplication
	at java.management/com.sun.jmx.interceptor.DefaultMBeanServerInterceptor.getMBean(DefaultMBeanServerInterceptor.java:1088)
	at java.management/com.sun.jmx.interceptor.DefaultMBeanServerInterceptor.getAttribute(DefaultMBeanServerInterceptor.java:640)
	at java.management/com.sun.jmx.mbeanserver.JmxMBeanServer.getAttribute(JmxMBeanServer.java:679)
	at java.management.rmi/javax.management.remote.rmi.RMIConnectionImpl.doOperation(RMIConnectionImpl.java:1449)
	at java.management.rmi/javax.management.remote.rmi.RMIConnectionImpl$PrivilegedOperation.run(RMIConnectionImpl.java:1310)
	at java.management.rmi/javax.management.remote.rmi.RMIConnectionImpl.doPrivilegedOperation(RMIConnectionImpl.java:1405)
	at java.management.rmi/javax.management.remote.rmi.RMIConnectionImpl.getAttribute(RMIConnectionImpl.java:639)
	at java.base/jdk.internal.reflect.GeneratedMethodAccessor11.invoke(Unknown Source)
	at java.base/jdk.internal.reflect.DelegatingMethodAccessorImpl.invoke(DelegatingMethodAccessorImpl.java:43)
	at java.base/java.lang.reflect.Method.invoke(Method.java:568)
	at java.rmi/sun.rmi.server.UnicastServerRef.dispatch(UnicastServerRef.java:360)
	at java.rmi/sun.rmi.transport.Transport$1.run(Transport.java:200)
	at java.rmi/sun.rmi.transport.Transport$1.run(Transport.java:197)
	at java.base/java.security.AccessController.doPrivileged(AccessController.java:712)
	at java.rmi/sun.rmi.transport.Transport.serviceCall(Transport.java:196)
	at java.rmi/sun.rmi.transport.tcp.TCPTransport.handleMessages(TCPTransport.java:587)
	at java.rmi/sun.rmi.transport.tcp.TCPTransport$ConnectionHandler.run0(TCPTransport.java:828)
	at java.rmi/sun.rmi.transport.tcp.TCPTransport$ConnectionHandler.lambda$run$0(TCPTransport.java:705)
	at java.base/java.security.AccessController.doPrivileged(AccessController.java:399)
	at java.rmi/sun.rmi.transport.tcp.TCPTransport$ConnectionHandler.run(TCPTransport.java:704)
	at java.base/java.util.concurrent.ThreadPoolExecutor.runWorker(ThreadPoolExecutor.java:1136)
	at java.base/java.util.concurrent.ThreadPoolExecutor$Worker.run(ThreadPoolExecutor.java:635)
	at java.base/java.lang.Thread.run(Thread.java:842)
2026-02-09 13:19:58 - DEBUG - org.hibernate.SQL - 
    create table users (
        id bigint not null auto_increment,
        created_by varchar(255),
        created_at datetime(6),
        is_deleted bit,
        updated_at datetime(6),
        updated_by varchar(255),
        email varchar(255) not null,
        full_name varchar(255) not null,
        is_account_non_locked bit,
        is_active bit,
        password varchar(255) not null,
        primary key (id)
    ) engine=InnoDB
2026-02-09 13:19:59 - DEBUG - org.hibernate.SQL - 
    alter table roles 
       drop index UKofx66keruapi6vyqpv6f2or37
2026-02-09 13:19:59 - DEBUG - org.hibernate.SQL - 
    alter table roles 
       add constraint UKofx66keruapi6vyqpv6f2or37 unique (name)
2026-02-09 13:19:59 - DEBUG - org.hibernate.SQL - 
    alter table users 
       drop index UK6dotkott2kjsp8vw4d0m25fb7
2026-02-09 13:19:59 - DEBUG - org.hibernate.SQL - 
    alter table users 
       add constraint UK6dotkott2kjsp8vw4d0m25fb7 unique (email)
2026-02-09 13:19:59 - DEBUG - org.hibernate.SQL - 
    alter table user_roles 
       add constraint FKh8ciramu9cc9q3qcqiv4ue8a6 
       foreign key (role_id) 
       references roles (id)
2026-02-09 13:19:59 - DEBUG - org.hibernate.SQL - 
    alter table user_roles 
       add constraint FKhfh9dx7w3ubf1co1vdev94g3f 
       foreign key (user_id) 
       references users (id)
2026-02-09 13:19:59 - DEBUG - o.h.internal.SessionFactoryRegistry - Initializing SessionFactoryRegistry : org.hibernate.internal.SessionFactoryRegistry@6bcf1e4d
2026-02-09 13:19:59 - DEBUG - o.h.internal.SessionFactoryRegistry - Registering SessionFactory: 4eae0c69-232c-4e74-9497-a08566c241e9 (<unnamed>)
2026-02-09 13:19:59 - DEBUG - o.h.internal.SessionFactoryRegistry - Not binding SessionFactory to JNDI, no JNDI name configured
2026-02-09 13:19:59 - DEBUG - o.h.internal.SessionFactoryImpl - Instantiated SessionFactory
2026-02-09 13:19:59 - INFO - o.s.o.j.LocalContainerEntityManagerFactoryBean - Initialized JPA EntityManagerFactory for persistence unit 'default'
2026-02-09 13:19:59 - DEBUG - o.s.b.f.s.DefaultListableBeanFactory - Creating shared instance of singleton bean 'enterpriseflowApplication'
2026-02-09 13:19:59 - DEBUG - o.s.b.f.s.DefaultListableBeanFactory - Creating shared instance of singleton bean 'auditConfig'
2026-02-09 13:19:59 - DEBUG - o.s.b.f.s.DefaultListableBeanFactory - Creating shared instance of singleton bean 'globalExceptionHandler'
2026-02-09 13:19:59 - DEBUG - o.s.b.f.s.DefaultListableBeanFactory - Creating shared instance of singleton bean 'jpaAuditingHandler'
2026-02-09 13:19:59 - DEBUG - o.s.b.f.s.DefaultListableBeanFactory - Creating shared instance of singleton bean 'jpaMappingContext'
2026-02-09 13:19:59 - DEBUG - o.s.d.j.r.c.JpaMetamodelMappingContextFactoryBean - Initializing JpaMetamodelMappingContext…
2026-02-09 13:19:59 - DEBUG - o.s.d.j.r.c.JpaMetamodelMappingContextFactoryBean - Finished initializing JpaMetamodelMappingContext
2026-02-09 13:19:59 - WARN - o.s.b.w.s.c.AnnotationConfigServletWebServerApplicationContext - Exception encountered during context initialization - cancelling refresh attempt: org.springframework.beans.factory.BeanCreationException: Error creating bean with name 'jpaAuditingHandler': Cannot create inner bean '(inner bean)#252aba4f' of type [org.springframework.aop.framework.ProxyFactoryBean] while setting bean property 'auditorAware'
2026-02-09 13:19:59 - INFO - o.s.o.j.LocalContainerEntityManagerFactoryBean - Closing JPA EntityManagerFactory for persistence unit 'default'
2026-02-09 13:19:59 - DEBUG - o.h.internal.SessionFactoryImpl - HHH000031: Closing
2026-02-09 13:19:59 - DEBUG - o.h.type.spi.TypeConfiguration$Scope - Un-scoping TypeConfiguration [org.hibernate.type.spi.TypeConfiguration$Scope@7f003978] from SessionFactory [org.hibernate.internal.SessionFactoryImpl@1722a0b5]
2026-02-09 13:19:59 - DEBUG - o.h.s.i.AbstractServiceRegistryImpl - Implicitly destroying ServiceRegistry on de-registration of all child ServiceRegistries
2026-02-09 13:19:59 - DEBUG - o.h.b.r.i.BootstrapServiceRegistryImpl - Implicitly destroying Boot-strap registry on de-registration of all child ServiceRegistries
2026-02-09 13:19:59 - INFO - com.zaxxer.hikari.HikariDataSource - HikariPool-1 - Shutdown initiated...
2026-02-09 13:19:59 - DEBUG - com.zaxxer.hikari.pool.HikariPool - HikariPool-1 - Before shutdown stats (total=10/10, idle=10/10, active=0, waiting=0)
2026-02-09 13:19:59 - DEBUG - com.zaxxer.hikari.pool.PoolBase - HikariPool-1 - Closing connection com.mysql.cj.jdbc.ConnectionImpl@414a13c2: (connection evicted)
2026-02-09 13:19:59 - DEBUG - com.zaxxer.hikari.pool.PoolBase - HikariPool-1 - Closing connection com.mysql.cj.jdbc.ConnectionImpl@14fac9d7: (connection evicted)
2026-02-09 13:19:59 - DEBUG - com.zaxxer.hikari.pool.PoolBase - HikariPool-1 - Closing connection com.mysql.cj.jdbc.ConnectionImpl@453af186: (connection evicted)
2026-02-09 13:19:59 - DEBUG - com.zaxxer.hikari.pool.PoolBase - HikariPool-1 - Closing connection com.mysql.cj.jdbc.ConnectionImpl@3d02db4e: (connection evicted)
2026-02-09 13:19:59 - DEBUG - com.zaxxer.hikari.pool.PoolBase - HikariPool-1 - Closing connection com.mysql.cj.jdbc.ConnectionImpl@4174c805: (connection evicted)
2026-02-09 13:19:59 - DEBUG - com.zaxxer.hikari.pool.PoolBase - HikariPool-1 - Closing connection com.mysql.cj.jdbc.ConnectionImpl@35247d23: (connection evicted)
2026-02-09 13:19:59 - DEBUG - com.zaxxer.hikari.pool.PoolBase - HikariPool-1 - Closing connection com.mysql.cj.jdbc.ConnectionImpl@458bfde: (connection evicted)
2026-02-09 13:19:59 - DEBUG - com.zaxxer.hikari.pool.PoolBase - HikariPool-1 - Closing connection com.mysql.cj.jdbc.ConnectionImpl@4df43957: (connection evicted)
2026-02-09 13:19:59 - DEBUG - com.zaxxer.hikari.pool.PoolBase - HikariPool-1 - Closing connection com.mysql.cj.jdbc.ConnectionImpl@604dba5: (connection evicted)
2026-02-09 13:19:59 - DEBUG - com.zaxxer.hikari.pool.PoolBase - HikariPool-1 - Closing connection com.mysql.cj.jdbc.ConnectionImpl@78dd1e07: (connection evicted)
2026-02-09 13:19:59 - DEBUG - com.zaxxer.hikari.pool.HikariPool - HikariPool-1 - After  shutdown stats (total=0/10, idle=0/10, active=0, waiting=0)
2026-02-09 13:19:59 - INFO - com.zaxxer.hikari.HikariDataSource - HikariPool-1 - Shutdown completed.
2026-02-09 13:19:59 - DEBUG - o.s.s.c.ThreadPoolTaskExecutor - Shutting down ExecutorService 'applicationTaskExecutor'
2026-02-09 13:19:59 - DEBUG - o.apache.catalina.util.LifecycleBase - Setting state for [StandardServer[-1]] to [STOPPING_PREP]
2026-02-09 13:19:59 - DEBUG - o.apache.catalina.util.LifecycleBase - Setting state for [StandardServer[-1]] to [STOPPING]
2026-02-09 13:19:59 - DEBUG - o.apache.catalina.util.LifecycleBase - Setting state for [StandardService[Tomcat]] to [STOPPING_PREP]
2026-02-09 13:19:59 - INFO - o.a.catalina.core.StandardService - Stopping service [Tomcat]
2026-02-09 13:19:59 - DEBUG - o.apache.catalina.util.LifecycleBase - Setting state for [StandardService[Tomcat]] to [STOPPING]
2026-02-09 13:19:59 - DEBUG - o.apache.catalina.util.LifecycleBase - Setting state for [StandardEngine[Tomcat]] to [STOPPING_PREP]
2026-02-09 13:19:59 - DEBUG - o.apache.catalina.util.LifecycleBase - Setting state for [StandardEngine[Tomcat]] to [STOPPING]
2026-02-09 13:19:59 - DEBUG - o.apache.catalina.util.LifecycleBase - Setting state for [StandardPipeline[StandardEngine[Tomcat]]] to [STOPPING_PREP]
2026-02-09 13:19:59 - DEBUG - o.apache.catalina.util.LifecycleBase - Setting state for [StandardPipeline[StandardEngine[Tomcat]]] to [STOPPING]
2026-02-09 13:19:59 - DEBUG - o.apache.catalina.util.LifecycleBase - Setting state for [StandardEngineValve[StandardEngine[Tomcat]]] to [STOPPING_PREP]
2026-02-09 13:19:59 - DEBUG - o.apache.catalina.util.LifecycleBase - Setting state for [StandardEngineValve[StandardEngine[Tomcat]]] to [STOPPING]
2026-02-09 13:19:59 - DEBUG - o.apache.catalina.util.LifecycleBase - Setting state for [StandardEngineValve[StandardEngine[Tomcat]]] to [STOPPED]
2026-02-09 13:19:59 - DEBUG - o.apache.catalina.util.LifecycleBase - Setting state for [StandardPipeline[StandardEngine[Tomcat]]] to [STOPPED]
2026-02-09 13:19:59 - DEBUG - o.apache.catalina.util.LifecycleBase - Setting state for [StandardEngine[Tomcat].StandardHost[localhost]] to [STOPPING_PREP]
2026-02-09 13:19:59 - DEBUG - o.a.catalina.mapper.MapperListener - Unregister host [localhost] at domain [null] for service [StandardService[Tomcat]]
2026-02-09 13:19:59 - DEBUG - o.apache.catalina.util.LifecycleBase - Setting state for [StandardEngine[Tomcat].StandardHost[localhost]] to [STOPPING]
2026-02-09 13:19:59 - DEBUG - o.apache.catalina.util.LifecycleBase - Setting state for [StandardPipeline[StandardEngine[Tomcat].StandardHost[localhost]]] to [STOPPING_PREP]
2026-02-09 13:19:59 - DEBUG - o.apache.catalina.util.LifecycleBase - Setting state for [StandardPipeline[StandardEngine[Tomcat].StandardHost[localhost]]] to [STOPPING]
2026-02-09 13:19:59 - DEBUG - o.apache.catalina.util.LifecycleBase - Setting state for [ErrorReportValve[StandardEngine[Tomcat].StandardHost[localhost]]] to [STOPPING_PREP]
2026-02-09 13:19:59 - DEBUG - o.apache.catalina.util.LifecycleBase - Setting state for [ErrorReportValve[StandardEngine[Tomcat].StandardHost[localhost]]] to [STOPPING]
2026-02-09 13:19:59 - DEBUG - o.apache.catalina.util.LifecycleBase - Setting state for [ErrorReportValve[StandardEngine[Tomcat].StandardHost[localhost]]] to [STOPPED]
2026-02-09 13:19:59 - DEBUG - o.apache.catalina.util.LifecycleBase - Setting state for [StandardHostValve[StandardEngine[Tomcat].StandardHost[localhost]]] to [STOPPING_PREP]
2026-02-09 13:19:59 - DEBUG - o.apache.catalina.util.LifecycleBase - Setting state for [StandardHostValve[StandardEngine[Tomcat].StandardHost[localhost]]] to [STOPPING]
2026-02-09 13:19:59 - DEBUG - o.apache.catalina.util.LifecycleBase - Setting state for [StandardHostValve[StandardEngine[Tomcat].StandardHost[localhost]]] to [STOPPED]
2026-02-09 13:19:59 - DEBUG - o.apache.catalina.util.LifecycleBase - Setting state for [StandardPipeline[StandardEngine[Tomcat].StandardHost[localhost]]] to [STOPPED]
2026-02-09 13:19:59 - DEBUG - o.apache.catalina.util.LifecycleBase - Setting state for [StandardEngine[Tomcat].StandardHost[localhost].TomcatEmbeddedContext[]] to [STOPPING_PREP]
2026-02-09 13:19:59 - DEBUG - o.a.catalina.mapper.MapperListener - Unregister Context [] for service [StandardService[Tomcat]]
2026-02-09 13:19:59 - DEBUG - o.apache.catalina.util.LifecycleBase - Setting state for [StandardEngine[Tomcat].StandardHost[localhost].TomcatEmbeddedContext[]] to [STOPPING]
2026-02-09 13:19:59 - DEBUG - o.apache.catalina.util.LifecycleBase - Setting state for [StandardEngine[Tomcat].StandardHost[localhost].TomcatEmbeddedContext[].StandardWrapper[dispatcherServlet]] to [STOPPING_PREP]
2026-02-09 13:19:59 - DEBUG - o.a.catalina.mapper.MapperListener - Unregister Wrapper [dispatcherServlet] in Context [] for service [StandardService[Tomcat]]
2026-02-09 13:19:59 - DEBUG - sun.rmi.transport.tcp - RMI TCP Connection(2)-127.0.0.1: (port 65417) op = 82
2026-02-09 13:19:59 - DEBUG - sun.rmi.transport.tcp - RMI TCP Connection(2)-127.0.0.1: (port 65417) op = 80
2026-02-09 13:19:59 - DEBUG - o.apache.catalina.util.LifecycleBase - Setting state for [StandardEngine[Tomcat].StandardHost[localhost].TomcatEmbeddedContext[].StandardWrapper[dispatcherServlet]] to [STOPPING]
2026-02-09 13:19:59 - DEBUG - sun.rmi.loader - RMI TCP Connection(2)-127.0.0.1: name = "javax.management.ObjectName", codebase = ""
2026-02-09 13:19:59 - DEBUG - o.apache.catalina.util.LifecycleBase - Setting state for [StandardPipeline[StandardEngine[Tomcat].StandardHost[localhost].TomcatEmbeddedContext[].StandardWrapper[dispatcherServlet]]] to [STOPPING_PREP]
2026-02-09 13:19:59 - DEBUG - o.apache.catalina.util.LifecycleBase - Setting state for [StandardPipeline[StandardEngine[Tomcat].StandardHost[localhost].TomcatEmbeddedContext[].StandardWrapper[dispatcherServlet]]] to [STOPPING]
2026-02-09 13:19:59 - DEBUG - javax.management.remote.rmi - connectionId=rmi://127.0.0.1  1, name=org.springframework.boot:type=Admin,name=SpringApplication, attribute=Ready
2026-02-09 13:19:59 - DEBUG - o.apache.catalina.util.LifecycleBase - Setting state for [StandardWrapperValve[StandardEngine[Tomcat].StandardHost[localhost].TomcatEmbeddedContext[].StandardWrapper[dispatcherServlet]]] to [STOPPING_PREP]
2026-02-09 13:19:59 - DEBUG - o.apache.catalina.util.LifecycleBase - Setting state for [StandardWrapperValve[StandardEngine[Tomcat].StandardHost[localhost].TomcatEmbeddedContext[].StandardWrapper[dispatcherServlet]]] to [STOPPING]
2026-02-09 13:19:59 - DEBUG - o.apache.catalina.util.LifecycleBase - Setting state for [StandardWrapperValve[StandardEngine[Tomcat].StandardHost[localhost].TomcatEmbeddedContext[].StandardWrapper[dispatcherServlet]]] to [STOPPED]
2026-02-09 13:19:59 - DEBUG - sun.rmi.server.call - RMI TCP Connection(2)-127.0.0.1: [127.0.0.1] exception: 
javax.management.InstanceNotFoundException: org.springframework.boot:type=Admin,name=SpringApplication
	at java.management/com.sun.jmx.interceptor.DefaultMBeanServerInterceptor.getMBean(DefaultMBeanServerInterceptor.java:1088)
	at java.management/com.sun.jmx.interceptor.DefaultMBeanServerInterceptor.getAttribute(DefaultMBeanServerInterceptor.java:640)
	at java.management/com.sun.jmx.mbeanserver.JmxMBeanServer.getAttribute(JmxMBeanServer.java:679)
	at java.management.rmi/javax.management.remote.rmi.RMIConnectionImpl.doOperation(RMIConnectionImpl.java:1449)
	at java.management.rmi/javax.management.remote.rmi.RMIConnectionImpl$PrivilegedOperation.run(RMIConnectionImpl.java:1310)
	at java.management.rmi/javax.management.remote.rmi.RMIConnectionImpl.doPrivilegedOperation(RMIConnectionImpl.java:1405)
	at java.management.rmi/javax.management.remote.rmi.RMIConnectionImpl.getAttribute(RMIConnectionImpl.java:639)
	at java.base/jdk.internal.reflect.GeneratedMethodAccessor11.invoke(Unknown Source)
	at java.base/jdk.internal.reflect.DelegatingMethodAccessorImpl.invoke(DelegatingMethodAccessorImpl.java:43)
	at java.base/java.lang.reflect.Method.invoke(Method.java:568)
	at java.rmi/sun.rmi.server.UnicastServerRef.dispatch(UnicastServerRef.java:360)
	at java.rmi/sun.rmi.transport.Transport$1.run(Transport.java:200)
	at java.rmi/sun.rmi.transport.Transport$1.run(Transport.java:197)
	at java.base/java.security.AccessController.doPrivileged(AccessController.java:712)
	at java.rmi/sun.rmi.transport.Transport.serviceCall(Transport.java:196)
	at java.rmi/sun.rmi.transport.tcp.TCPTransport.handleMessages(TCPTransport.java:587)
	at java.rmi/sun.rmi.transport.tcp.TCPTransport$ConnectionHandler.run0(TCPTransport.java:828)
	at java.rmi/sun.rmi.transport.tcp.TCPTransport$ConnectionHandler.lambda$run$0(TCPTransport.java:705)
	at java.base/java.security.AccessController.doPrivileged(AccessController.java:399)
	at java.rmi/sun.rmi.transport.tcp.TCPTransport$ConnectionHandler.run(TCPTransport.java:704)
	at java.base/java.util.concurrent.ThreadPoolExecutor.runWorker(ThreadPoolExecutor.java:1136)
	at java.base/java.util.concurrent.ThreadPoolExecutor$Worker.run(ThreadPoolExecutor.java:635)
	at java.base/java.lang.Thread.run(Thread.java:842)
2026-02-09 13:19:59 - DEBUG - o.apache.catalina.util.LifecycleBase - Setting state for [StandardPipeline[StandardEngine[Tomcat].StandardHost[localhost].TomcatEmbeddedContext[].StandardWrapper[dispatcherServlet]]] to [STOPPED]
2026-02-09 13:19:59 - DEBUG - o.apache.catalina.util.LifecycleBase - Setting state for [StandardEngine[Tomcat].StandardHost[localhost].TomcatEmbeddedContext[].StandardWrapper[dispatcherServlet]] to [STOPPED]
2026-02-09 13:19:59 - DEBUG - o.a.c.core.ApplicationFilterConfig - JMX de-registration complete for filter of type [org.springframework.boot.web.servlet.filter.OrderedRequestContextFilter] and name [requestContextFilter]
2026-02-09 13:19:59 - DEBUG - o.a.c.core.ApplicationFilterConfig - JMX de-registration complete for filter of type [org.apache.tomcat.websocket.server.WsFilter] and name [Tomcat WebSocket (JSR356) Filter]
2026-02-09 13:19:59 - DEBUG - o.a.c.core.ApplicationFilterConfig - JMX de-registration complete for filter of type [org.springframework.boot.web.servlet.filter.OrderedCharacterEncodingFilter] and name [characterEncodingFilter]
2026-02-09 13:19:59 - DEBUG - o.a.c.core.ApplicationFilterConfig - JMX de-registration complete for filter of type [org.springframework.boot.web.servlet.DelegatingFilterProxyRegistrationBean$1] and name [springSecurityFilterChain]
2026-02-09 13:19:59 - DEBUG - o.a.c.core.ApplicationFilterConfig - JMX de-registration complete for filter of type [org.springframework.boot.web.servlet.filter.OrderedFormContentFilter] and name [formContentFilter]
2026-02-09 13:19:59 - DEBUG - o.apache.catalina.util.LifecycleBase - Setting state for [StandardManager[StandardEngine[Tomcat].StandardHost[localhost].TomcatEmbeddedContext[]]] to [STOPPING_PREP]
2026-02-09 13:19:59 - DEBUG - o.apache.catalina.util.LifecycleBase - Setting state for [StandardManager[StandardEngine[Tomcat].StandardHost[localhost].TomcatEmbeddedContext[]]] to [STOPPING]
2026-02-09 13:19:59 - DEBUG - o.a.catalina.session.StandardManager - No persisted sessions to unload
2026-02-09 13:19:59 - DEBUG - o.apache.catalina.util.LifecycleBase - Setting state for [org.springframework.boot.web.embedded.tomcat.LazySessionIdGenerator@15cf0fef] to [STOPPING_PREP]
2026-02-09 13:19:59 - DEBUG - o.apache.catalina.util.LifecycleBase - Setting state for [org.springframework.boot.web.embedded.tomcat.LazySessionIdGenerator@15cf0fef] to [STOPPING]
2026-02-09 13:19:59 - DEBUG - o.apache.catalina.util.LifecycleBase - Setting state for [org.springframework.boot.web.embedded.tomcat.LazySessionIdGenerator@15cf0fef] to [STOPPED]
2026-02-09 13:19:59 - DEBUG - o.apache.catalina.util.LifecycleBase - Setting state for [StandardManager[StandardEngine[Tomcat].StandardHost[localhost].TomcatEmbeddedContext[]]] to [STOPPED]
2026-02-09 13:19:59 - DEBUG - o.apache.catalina.util.LifecycleBase - Setting state for [org.apache.catalina.deploy.NamingResourcesImpl@5b51028d] to [STOPPING_PREP]
2026-02-09 13:19:59 - DEBUG - o.apache.catalina.util.LifecycleBase - Setting state for [org.apache.catalina.deploy.NamingResourcesImpl@5b51028d] to [STOPPING]
2026-02-09 13:19:59 - DEBUG - o.apache.catalina.util.LifecycleBase - Setting state for [org.apache.catalina.deploy.NamingResourcesImpl@5b51028d] to [STOPPED]
2026-02-09 13:19:59 - DEBUG - o.apache.catalina.util.LifecycleBase - Setting state for [StandardPipeline[StandardEngine[Tomcat].StandardHost[localhost].TomcatEmbeddedContext[]]] to [STOPPING_PREP]
2026-02-09 13:19:59 - DEBUG - o.apache.catalina.util.LifecycleBase - Setting state for [StandardPipeline[StandardEngine[Tomcat].StandardHost[localhost].TomcatEmbeddedContext[]]] to [STOPPING]
2026-02-09 13:19:59 - DEBUG - o.apache.catalina.util.LifecycleBase - Setting state for [NonLoginAuthenticator[StandardEngine[Tomcat].StandardHost[localhost].TomcatEmbeddedContext[]]] to [STOPPING_PREP]
2026-02-09 13:19:59 - DEBUG - o.apache.catalina.util.LifecycleBase - Setting state for [NonLoginAuthenticator[StandardEngine[Tomcat].StandardHost[localhost].TomcatEmbeddedContext[]]] to [STOPPING]
2026-02-09 13:19:59 - DEBUG - o.apache.catalina.util.LifecycleBase - Setting state for [NonLoginAuthenticator[StandardEngine[Tomcat].StandardHost[localhost].TomcatEmbeddedContext[]]] to [STOPPED]
2026-02-09 13:19:59 - DEBUG - o.apache.catalina.util.LifecycleBase - Setting state for [StandardContextValve[StandardEngine[Tomcat].StandardHost[localhost].TomcatEmbeddedContext[]]] to [STOPPING_PREP]
2026-02-09 13:19:59 - DEBUG - o.apache.catalina.util.LifecycleBase - Setting state for [StandardContextValve[StandardEngine[Tomcat].StandardHost[localhost].TomcatEmbeddedContext[]]] to [STOPPING]
2026-02-09 13:19:59 - DEBUG - o.apache.catalina.util.LifecycleBase - Setting state for [StandardContextValve[StandardEngine[Tomcat].StandardHost[localhost].TomcatEmbeddedContext[]]] to [STOPPED]
2026-02-09 13:19:59 - DEBUG - o.apache.catalina.util.LifecycleBase - Setting state for [StandardPipeline[StandardEngine[Tomcat].StandardHost[localhost].TomcatEmbeddedContext[]]] to [STOPPED]
2026-02-09 13:19:59 - DEBUG - o.apache.catalina.util.LifecycleBase - Setting state for [WebappLoader[StandardEngine[Tomcat].StandardHost[localhost].TomcatEmbeddedContext[]]] to [STOPPING_PREP]
2026-02-09 13:19:59 - DEBUG - o.a.catalina.loader.WebappLoader - Stopping this Loader
2026-02-09 13:19:59 - DEBUG - o.apache.catalina.util.LifecycleBase - Setting state for [WebappLoader[StandardEngine[Tomcat].StandardHost[localhost].TomcatEmbeddedContext[]]] to [STOPPING]
2026-02-09 13:19:59 - DEBUG - o.apache.catalina.util.LifecycleBase - Setting state for [WebappLoader[StandardEngine[Tomcat].StandardHost[localhost].TomcatEmbeddedContext[]]] to [STOPPED]
2026-02-09 13:19:59 - DEBUG - o.apache.catalina.util.LifecycleBase - Setting state for [org.apache.catalina.webresources.StandardRoot@6ba90d01] to [STOPPING_PREP]
2026-02-09 13:19:59 - DEBUG - o.apache.catalina.util.LifecycleBase - Setting state for [org.apache.catalina.webresources.DirResourceSet@238bba45] to [STOPPING_PREP]
2026-02-09 13:19:59 - DEBUG - o.apache.catalina.util.LifecycleBase - Setting state for [org.apache.catalina.webresources.DirResourceSet@238bba45] to [STOPPING]
2026-02-09 13:19:59 - DEBUG - o.apache.catalina.util.LifecycleBase - Setting state for [org.apache.catalina.webresources.DirResourceSet@238bba45] to [STOPPED]
2026-02-09 13:19:59 - DEBUG - o.apache.catalina.util.LifecycleBase - Setting state for [org.apache.catalina.webresources.DirResourceSet@238bba45] to [DESTROYING]
2026-02-09 13:19:59 - DEBUG - o.apache.catalina.util.LifecycleBase - Setting state for [org.apache.catalina.webresources.DirResourceSet@238bba45] to [DESTROYED]
2026-02-09 13:19:59 - DEBUG - o.apache.catalina.util.LifecycleBase - Setting state for [org.apache.catalina.webresources.StandardRoot@6ba90d01] to [STOPPING]
2026-02-09 13:19:59 - DEBUG - o.apache.catalina.util.LifecycleBase - Setting state for [org.apache.catalina.webresources.StandardRoot@6ba90d01] to [STOPPED]
2026-02-09 13:19:59 - DEBUG - o.apache.catalina.util.LifecycleBase - Setting state for [StandardEngine[Tomcat].StandardHost[localhost].TomcatEmbeddedContext[].StandardWrapper[dispatcherServlet]] to [DESTROYING]
2026-02-09 13:19:59 - DEBUG - o.apache.catalina.util.LifecycleBase - Setting state for [StandardPipeline[StandardEngine[Tomcat].StandardHost[localhost].TomcatEmbeddedContext[].StandardWrapper[dispatcherServlet]]] to [DESTROYING]
2026-02-09 13:19:59 - DEBUG - o.apache.catalina.util.LifecycleBase - Setting state for [StandardWrapperValve[Container is null]] to [DESTROYING]
2026-02-09 13:19:59 - DEBUG - o.apache.catalina.util.LifecycleBase - Setting state for [StandardWrapperValve[Container is null]] to [DESTROYED]
2026-02-09 13:19:59 - DEBUG - o.apache.catalina.util.LifecycleBase - Setting state for [StandardPipeline[StandardEngine[Tomcat].StandardHost[localhost].TomcatEmbeddedContext[].StandardWrapper[dispatcherServlet]]] to [DESTROYED]
2026-02-09 13:19:59 - DEBUG - o.apache.catalina.util.LifecycleBase - Setting state for [StandardEngine[Tomcat].StandardHost[localhost].TomcatEmbeddedContext[].StandardWrapper[dispatcherServlet]] to [DESTROYED]
2026-02-09 13:19:59 - DEBUG - o.apache.catalina.util.LifecycleBase - Setting state for [StandardEngine[Tomcat].StandardHost[localhost].TomcatEmbeddedContext[]] to [STOPPED]
2026-02-09 13:19:59 - DEBUG - o.apache.catalina.util.LifecycleBase - Setting state for [StandardEngine[Tomcat].StandardHost[localhost]] to [STOPPED]
2026-02-09 13:19:59 - DEBUG - o.apache.catalina.util.LifecycleBase - Setting state for [SimpleRealm[StandardEngine[Tomcat]]] to [STOPPING_PREP]
2026-02-09 13:19:59 - DEBUG - o.apache.catalina.util.LifecycleBase - Setting state for [SimpleRealm[StandardEngine[Tomcat]]] to [STOPPING]
2026-02-09 13:19:59 - DEBUG - o.apache.catalina.util.LifecycleBase - Setting state for [SimpleRealm[StandardEngine[Tomcat]]] to [STOPPED]
2026-02-09 13:19:59 - DEBUG - o.apache.catalina.util.LifecycleBase - Setting state for [StandardEngine[Tomcat]] to [STOPPED]
2026-02-09 13:19:59 - DEBUG - o.apache.catalina.util.LifecycleBase - Setting state for [org.apache.catalina.mapper.MapperListener@378cf9a6] to [STOPPING_PREP]
2026-02-09 13:19:59 - DEBUG - o.apache.catalina.util.LifecycleBase - Setting state for [org.apache.catalina.mapper.MapperListener@378cf9a6] to [STOPPING]
2026-02-09 13:19:59 - DEBUG - o.apache.catalina.util.LifecycleBase - Setting state for [org.apache.catalina.mapper.MapperListener@378cf9a6] to [STOPPED]
2026-02-09 13:19:59 - DEBUG - o.apache.catalina.util.LifecycleBase - Setting state for [StandardService[Tomcat]] to [STOPPED]
2026-02-09 13:19:59 - DEBUG - o.apache.catalina.util.LifecycleBase - Setting state for [org.apache.catalina.deploy.NamingResourcesImpl@797db581] to [STOPPING_PREP]
2026-02-09 13:19:59 - DEBUG - o.apache.catalina.util.LifecycleBase - Setting state for [org.apache.catalina.deploy.NamingResourcesImpl@797db581] to [STOPPING]
2026-02-09 13:19:59 - DEBUG - o.apache.catalina.util.LifecycleBase - Setting state for [org.apache.catalina.deploy.NamingResourcesImpl@797db581] to [STOPPED]
2026-02-09 13:19:59 - DEBUG - o.apache.catalina.util.LifecycleBase - Setting state for [StandardServer[-1]] to [STOPPED]
2026-02-09 13:19:59 - DEBUG - o.apache.catalina.util.LifecycleBase - Setting state for [StandardServer[-1]] to [DESTROYING]
2026-02-09 13:19:59 - DEBUG - o.apache.catalina.util.LifecycleBase - Setting state for [StandardService[Tomcat]] to [DESTROYING]
2026-02-09 13:19:59 - DEBUG - o.apache.catalina.util.LifecycleBase - Setting state for [org.apache.catalina.mapper.MapperListener@378cf9a6] to [DESTROYING]
2026-02-09 13:19:59 - DEBUG - o.apache.catalina.util.LifecycleBase - Setting state for [org.apache.catalina.mapper.MapperListener@378cf9a6] to [DESTROYED]
2026-02-09 13:19:59 - DEBUG - o.apache.catalina.util.LifecycleBase - Setting state for [StandardEngine[Tomcat]] to [DESTROYING]
2026-02-09 13:19:59 - DEBUG - o.apache.catalina.util.LifecycleBase - Setting state for [SimpleRealm[StandardEngine[Tomcat]]] to [DESTROYING]
2026-02-09 13:19:59 - DEBUG - o.apache.catalina.util.LifecycleBase - Setting state for [SimpleRealm[StandardEngine[Tomcat]]] to [DESTROYED]
2026-02-09 13:19:59 - DEBUG - o.apache.catalina.util.LifecycleBase - Setting state for [StandardPipeline[StandardEngine[Tomcat]]] to [DESTROYING]
2026-02-09 13:19:59 - DEBUG - o.apache.catalina.util.LifecycleBase - Setting state for [StandardEngineValve[Container is null]] to [DESTROYING]
2026-02-09 13:19:59 - DEBUG - o.apache.catalina.util.LifecycleBase - Setting state for [StandardEngineValve[Container is null]] to [DESTROYED]
2026-02-09 13:19:59 - DEBUG - o.apache.catalina.util.LifecycleBase - Setting state for [StandardPipeline[StandardEngine[Tomcat]]] to [DESTROYED]
2026-02-09 13:19:59 - DEBUG - o.apache.catalina.util.LifecycleBase - Setting state for [StandardEngine[Tomcat].StandardHost[localhost]] to [DESTROYING]
2026-02-09 13:19:59 - DEBUG - o.apache.catalina.util.LifecycleBase - Setting state for [StandardPipeline[StandardEngine[Tomcat].StandardHost[localhost]]] to [DESTROYING]
2026-02-09 13:19:59 - DEBUG - o.apache.catalina.util.LifecycleBase - Setting state for [ErrorReportValve[Container is null]] to [DESTROYING]
2026-02-09 13:19:59 - DEBUG - o.apache.catalina.util.LifecycleBase - Setting state for [ErrorReportValve[Container is null]] to [DESTROYED]
2026-02-09 13:19:59 - DEBUG - o.apache.catalina.util.LifecycleBase - Setting state for [StandardHostValve[Container is null]] to [DESTROYING]
2026-02-09 13:19:59 - DEBUG - o.apache.catalina.util.LifecycleBase - Setting state for [StandardHostValve[Container is null]] to [DESTROYED]
2026-02-09 13:19:59 - DEBUG - o.apache.catalina.util.LifecycleBase - Setting state for [StandardPipeline[StandardEngine[Tomcat].StandardHost[localhost]]] to [DESTROYED]
2026-02-09 13:19:59 - DEBUG - o.apache.catalina.util.LifecycleBase - Setting state for [StandardEngine[Tomcat].StandardHost[localhost].TomcatEmbeddedContext[]] to [DESTROYING]
2026-02-09 13:19:59 - DEBUG - o.apache.catalina.util.LifecycleBase - Setting state for [org.apache.catalina.deploy.NamingResourcesImpl@5b51028d] to [DESTROYING]
2026-02-09 13:19:59 - DEBUG - o.apache.catalina.util.LifecycleBase - Setting state for [org.apache.catalina.deploy.NamingResourcesImpl@5b51028d] to [DESTROYED]
2026-02-09 13:19:59 - DEBUG - o.apache.catalina.util.LifecycleBase - Setting state for [WebappLoader[StandardEngine[Tomcat].StandardHost[localhost].TomcatEmbeddedContext[]]] to [DESTROYING]
2026-02-09 13:19:59 - DEBUG - o.apache.catalina.util.LifecycleBase - Setting state for [WebappLoader[StandardEngine[Tomcat].StandardHost[localhost].TomcatEmbeddedContext[]]] to [DESTROYED]
2026-02-09 13:19:59 - DEBUG - o.apache.catalina.util.LifecycleBase - Setting state for [StandardManager[StandardEngine[Tomcat].StandardHost[localhost].TomcatEmbeddedContext[]]] to [DESTROYING]
2026-02-09 13:19:59 - DEBUG - o.apache.catalina.util.LifecycleBase - Setting state for [StandardManager[StandardEngine[Tomcat].StandardHost[localhost].TomcatEmbeddedContext[]]] to [DESTROYED]
2026-02-09 13:19:59 - DEBUG - o.apache.catalina.util.LifecycleBase - Setting state for [org.apache.catalina.webresources.StandardRoot@6ba90d01] to [DESTROYING]
2026-02-09 13:19:59 - DEBUG - o.apache.catalina.util.LifecycleBase - Setting state for [org.apache.catalina.webresources.StandardRoot@6ba90d01] to [DESTROYED]
2026-02-09 13:19:59 - DEBUG - o.apache.catalina.util.LifecycleBase - Setting state for [StandardPipeline[StandardEngine[Tomcat].StandardHost[localhost].TomcatEmbeddedContext[]]] to [DESTROYING]
2026-02-09 13:19:59 - DEBUG - o.apache.catalina.util.LifecycleBase - Setting state for [NonLoginAuthenticator[Container is null]] to [DESTROYING]
2026-02-09 13:19:59 - DEBUG - o.apache.catalina.util.LifecycleBase - Setting state for [NonLoginAuthenticator[Container is null]] to [DESTROYED]
2026-02-09 13:19:59 - DEBUG - o.apache.catalina.util.LifecycleBase - Setting state for [StandardContextValve[Container is null]] to [DESTROYING]
2026-02-09 13:19:59 - DEBUG - o.apache.catalina.util.LifecycleBase - Setting state for [StandardContextValve[Container is null]] to [DESTROYED]
2026-02-09 13:19:59 - DEBUG - o.apache.catalina.util.LifecycleBase - Setting state for [StandardPipeline[StandardEngine[Tomcat].StandardHost[localhost].TomcatEmbeddedContext[]]] to [DESTROYED]
2026-02-09 13:19:59 - DEBUG - o.apache.catalina.util.LifecycleBase - Setting state for [StandardEngine[Tomcat].StandardHost[localhost].TomcatEmbeddedContext[]] to [DESTROYED]
2026-02-09 13:19:59 - DEBUG - o.apache.catalina.util.LifecycleBase - Setting state for [StandardEngine[Tomcat].StandardHost[localhost]] to [DESTROYED]
2026-02-09 13:19:59 - DEBUG - o.apache.catalina.util.LifecycleBase - Setting state for [StandardEngine[Tomcat]] to [DESTROYED]
2026-02-09 13:19:59 - DEBUG - o.apache.catalina.util.LifecycleBase - Setting state for [StandardService[Tomcat]] to [DESTROYED]
2026-02-09 13:19:59 - DEBUG - o.apache.catalina.util.LifecycleBase - Setting state for [org.apache.catalina.deploy.NamingResourcesImpl@797db581] to [DESTROYING]
2026-02-09 13:19:59 - DEBUG - o.apache.catalina.util.LifecycleBase - Setting state for [org.apache.catalina.deploy.NamingResourcesImpl@797db581] to [DESTROYED]
2026-02-09 13:19:59 - DEBUG - o.apache.catalina.util.LifecycleBase - Setting state for [StandardServer[-1]] to [DESTROYED]
2026-02-09 13:19:59 - DEBUG - o.s.boot.devtools.restart.Restarter - Creating new Restarter for thread Thread[main,5,main]
2026-02-09 13:19:59 - DEBUG - o.s.boot.devtools.restart.Restarter - Immediately restarting application
2026-02-09 13:19:59 - DEBUG - o.s.boot.devtools.restart.Restarter - Starting application com.enterpriseflow.EnterpriseflowApplication with URLs [file:/F:/projects2025/EnterpriseFlow/enterpriseflow/target/classes/]
2026-02-09 13:19:59 - DEBUG - o.s.b.a.l.ConditionEvaluationReportLogger - 


============================
CONDITIONS EVALUATION REPORT
============================


Positive matches:
-----------------

   AopAutoConfiguration matched:
      - @ConditionalOnBooleanProperty (spring.aop.auto=true) matched (OnPropertyCondition)

   AopAutoConfiguration.AspectJAutoProxyingConfiguration matched:
      - @ConditionalOnClass found required class 'org.aspectj.weaver.Advice' (OnClassCondition)

   AopAutoConfiguration.AspectJAutoProxyingConfiguration.CglibAutoProxyConfiguration matched:
      - @ConditionalOnBooleanProperty (spring.aop.proxy-target-class=true) matched (OnPropertyCondition)

   ApplicationAvailabilityAutoConfiguration#applicationAvailability matched:
      - @ConditionalOnMissingBean (types: org.springframework.boot.availability.ApplicationAvailability; SearchStrategy: all) did not find any beans (OnBeanCondition)

   DataSourceAutoConfiguration matched:
      - @ConditionalOnClass found required classes 'javax.sql.DataSource', 'org.springframework.jdbc.datasource.embedded.EmbeddedDatabaseType' (OnClassCondition)
      - @ConditionalOnMissingBean (types: io.r2dbc.spi.ConnectionFactory; SearchStrategy: all) did not find any beans (OnBeanCondition)

   DataSourceAutoConfiguration.PooledDataSourceConfiguration matched:
      - AnyNestedCondition 1 matched 1 did not; NestedCondition on DataSourceAutoConfiguration.PooledDataSourceCondition.PooledDataSourceAvailable PooledDataSource found supported DataSource; NestedCondition on DataSourceAutoConfiguration.PooledDataSourceCondition.ExplicitType @ConditionalOnProperty (spring.datasource.type) did not find property 'spring.datasource.type' (DataSourceAutoConfiguration.PooledDataSourceCondition)
      - @ConditionalOnMissingBean (types: javax.sql.DataSource,javax.sql.XADataSource; SearchStrategy: all) did not find any beans (OnBeanCondition)

   DataSourceAutoConfiguration.PooledDataSourceConfiguration#jdbcConnectionDetails matched:
      - @ConditionalOnMissingBean (types: org.springframework.boot.autoconfigure.jdbc.JdbcConnectionDetails; SearchStrategy: all) did not find any beans (OnBeanCondition)

   DataSourceConfiguration.Hikari matched:
      - @ConditionalOnClass found required class 'com.zaxxer.hikari.HikariDataSource' (OnClassCondition)
      - @ConditionalOnProperty (spring.datasource.type=com.zaxxer.hikari.HikariDataSource) matched (OnPropertyCondition)
      - @ConditionalOnMissingBean (types: javax.sql.DataSource; SearchStrategy: all) did not find any beans (OnBeanCondition)

   DataSourceInitializationConfiguration matched:
      - @ConditionalOnClass found required class 'org.springframework.jdbc.datasource.init.DatabasePopulator' (OnClassCondition)
      - @ConditionalOnSingleCandidate (types: javax.sql.DataSource; SearchStrategy: all) found a single bean 'dataSource'; @ConditionalOnMissingBean (types: org.springframework.boot.autoconfigure.sql.init.SqlDataSourceScriptDatabaseInitializer,org.springframework.boot.autoconfigure.sql.init.SqlR2dbcScriptDatabaseInitializer; SearchStrategy: all) did not find any beans (OnBeanCondition)

   DataSourceJmxConfiguration matched:
      - @ConditionalOnBooleanProperty (spring.jmx.enabled=true) matched (OnPropertyCondition)

   DataSourceJmxConfiguration.Hikari matched:
      - @ConditionalOnClass found required class 'com.zaxxer.hikari.HikariDataSource' (OnClassCondition)
      - @ConditionalOnSingleCandidate (types: javax.sql.DataSource; SearchStrategy: all) found a single bean 'dataSource' (OnBeanCondition)

   DataSourcePoolMetadataProvidersConfiguration.HikariPoolDataSourceMetadataProviderConfiguration matched:
      - @ConditionalOnClass found required class 'com.zaxxer.hikari.HikariDataSource' (OnClassCondition)

   DataSourceTransactionManagerAutoConfiguration matched:
      - @ConditionalOnClass found required classes 'javax.sql.DataSource', 'org.springframework.jdbc.core.JdbcTemplate', 'org.springframework.transaction.TransactionManager' (OnClassCondition)

   DataSourceTransactionManagerAutoConfiguration.JdbcTransactionManagerConfiguration matched:
      - @ConditionalOnSingleCandidate (types: javax.sql.DataSource; SearchStrategy: all) found a single bean 'dataSource' (OnBeanCondition)

   DevToolsDataSourceAutoConfiguration matched:
      - @ConditionalOnClass found required class 'javax.sql.DataSource' (OnClassCondition)
      - Devtools devtools enabled. (OnEnabledDevToolsCondition)
      - DevTools DataSource Condition found auto-configured DataSource (DevToolsDataSourceAutoConfiguration.DevToolsDataSourceCondition)

   DevToolsDataSourceAutoConfiguration.DatabaseShutdownExecutorEntityManagerFactoryDependsOnPostProcessor matched:
      - @ConditionalOnClass found required class 'org.springframework.orm.jpa.LocalContainerEntityManagerFactoryBean' (OnClassCondition)
      - @ConditionalOnBean (types: org.springframework.orm.jpa.AbstractEntityManagerFactoryBean; SearchStrategy: all) found bean '&entityManagerFactory' (OnBeanCondition)

   DispatcherServletAutoConfiguration matched:
      - @ConditionalOnClass found required class 'org.springframework.web.servlet.DispatcherServlet' (OnClassCondition)
      - found 'session' scope (OnWebApplicationCondition)

   DispatcherServletAutoConfiguration.DispatcherServletConfiguration matched:
      - @ConditionalOnClass found required class 'jakarta.servlet.ServletRegistration' (OnClassCondition)
      - Default DispatcherServlet did not find dispatcher servlet beans (DispatcherServletAutoConfiguration.DefaultDispatcherServletCondition)

   DispatcherServletAutoConfiguration.DispatcherServletRegistrationConfiguration matched:
      - @ConditionalOnClass found required class 'jakarta.servlet.ServletRegistration' (OnClassCondition)
      - DispatcherServlet Registration did not find servlet registration bean (DispatcherServletAutoConfiguration.DispatcherServletRegistrationCondition)

   DispatcherServletAutoConfiguration.DispatcherServletRegistrationConfiguration#dispatcherServletRegistration matched:
      - @ConditionalOnBean (names: dispatcherServlet types: org.springframework.web.servlet.DispatcherServlet; SearchStrategy: all) found bean 'dispatcherServlet' (OnBeanCondition)

   EmbeddedWebServerFactoryCustomizerAutoConfiguration matched:
      - @ConditionalOnWebApplication (required) found 'session' scope (OnWebApplicationCondition)
      - @ConditionalOnWarDeployment the application is not deployed as a WAR file. (OnWarDeploymentCondition)

   EmbeddedWebServerFactoryCustomizerAutoConfiguration.TomcatWebServerFactoryCustomizerConfiguration matched:
      - @ConditionalOnClass found required classes 'org.apache.catalina.startup.Tomcat', 'org.apache.coyote.UpgradeProtocol' (OnClassCondition)

   ErrorMvcAutoConfiguration matched:
      - @ConditionalOnClass found required classes 'jakarta.servlet.Servlet', 'org.springframework.web.servlet.DispatcherServlet' (OnClassCondition)
      - found 'session' scope (OnWebApplicationCondition)

   ErrorMvcAutoConfiguration#basicErrorController matched:
      - @ConditionalOnMissingBean (types: org.springframework.boot.web.servlet.error.ErrorController; SearchStrategy: current) did not find any beans (OnBeanCondition)

   ErrorMvcAutoConfiguration#errorAttributes matched:
      - @ConditionalOnMissingBean (types: org.springframework.boot.web.servlet.error.ErrorAttributes; SearchStrategy: current) did not find any beans (OnBeanCondition)

   ErrorMvcAutoConfiguration.DefaultErrorViewResolverConfiguration#conventionErrorViewResolver matched:
      - @ConditionalOnBean (types: org.springframework.web.servlet.DispatcherServlet; SearchStrategy: all) found bean 'dispatcherServlet'; @ConditionalOnMissingBean (types: org.springframework.boot.autoconfigure.web.servlet.error.ErrorViewResolver; SearchStrategy: all) did not find any beans (OnBeanCondition)

   ErrorMvcAutoConfiguration.WhitelabelErrorViewConfiguration matched:
      - @ConditionalOnBooleanProperty (server.error.whitelabel.enabled=true) matched (OnPropertyCondition)
      - ErrorTemplate Missing did not find error template view (ErrorMvcAutoConfiguration.ErrorTemplateMissingCondition)

   ErrorMvcAutoConfiguration.WhitelabelErrorViewConfiguration#beanNameViewResolver matched:
      - @ConditionalOnMissingBean (types: org.springframework.web.servlet.view.BeanNameViewResolver; SearchStrategy: all) did not find any beans (OnBeanCondition)

   ErrorMvcAutoConfiguration.WhitelabelErrorViewConfiguration#defaultErrorView matched:
      - @ConditionalOnMissingBean (names: error; SearchStrategy: all) did not find any beans (OnBeanCondition)

   GenericCacheConfiguration matched:
      - Cache org.springframework.boot.autoconfigure.cache.GenericCacheConfiguration automatic cache type (CacheCondition)

   HibernateJpaAutoConfiguration matched:
      - @ConditionalOnClass found required classes 'org.springframework.orm.jpa.LocalContainerEntityManagerFactoryBean', 'jakarta.persistence.EntityManager', 'org.hibernate.engine.spi.SessionImplementor' (OnClassCondition)

   HibernateJpaConfiguration matched:
      - @ConditionalOnSingleCandidate (types: javax.sql.DataSource; SearchStrategy: all) found a single bean 'dataSource' (OnBeanCondition)

   HttpClientAutoConfiguration matched:
      - @ConditionalOnClass found required class 'org.springframework.http.client.ClientHttpRequestFactory' (OnClassCondition)
      - NoneNestedConditions 0 matched 1 did not; NestedCondition on NotReactiveWebApplicationCondition.ReactiveWebApplication did not find reactive web application classes (NotReactiveWebApplicationCondition)

   HttpClientAutoConfiguration#clientHttpRequestFactoryBuilder matched:
      - @ConditionalOnMissingBean (types: org.springframework.boot.http.client.ClientHttpRequestFactoryBuilder<?>; SearchStrategy: all) did not find any beans (OnBeanCondition)

   HttpClientAutoConfiguration#clientHttpRequestFactorySettings matched:
      - @ConditionalOnMissingBean (types: org.springframework.boot.http.client.ClientHttpRequestFactorySettings; SearchStrategy: all) did not find any beans (OnBeanCondition)

   HttpEncodingAutoConfiguration matched:
      - @ConditionalOnClass found required class 'org.springframework.web.filter.CharacterEncodingFilter' (OnClassCondition)
      - found 'session' scope (OnWebApplicationCondition)
      - @ConditionalOnBooleanProperty (server.servlet.encoding.enabled=true) matched (OnPropertyCondition)

   HttpEncodingAutoConfiguration#characterEncodingFilter matched:
      - @ConditionalOnMissingBean (types: org.springframework.web.filter.CharacterEncodingFilter; SearchStrategy: all) did not find any beans (OnBeanCondition)

   HttpMessageConvertersAutoConfiguration matched:
      - @ConditionalOnClass found required class 'org.springframework.http.converter.HttpMessageConverter' (OnClassCondition)
      - NoneNestedConditions 0 matched 1 did not; NestedCondition on HttpMessageConvertersAutoConfiguration.NotReactiveWebApplicationCondition.ReactiveWebApplication did not find reactive web application classes (HttpMessageConvertersAutoConfiguration.NotReactiveWebApplicationCondition)

   HttpMessageConvertersAutoConfiguration#messageConverters matched:
      - @ConditionalOnMissingBean (types: org.springframework.boot.autoconfigure.http.HttpMessageConverters; SearchStrategy: all) did not find any beans (OnBeanCondition)

   HttpMessageConvertersAutoConfiguration.StringHttpMessageConverterConfiguration matched:
      - @ConditionalOnClass found required class 'org.springframework.http.converter.StringHttpMessageConverter' (OnClassCondition)

   HttpMessageConvertersAutoConfiguration.StringHttpMessageConverterConfiguration#stringHttpMessageConverter matched:
      - @ConditionalOnMissingBean (types: org.springframework.http.converter.StringHttpMessageConverter; SearchStrategy: all) did not find any beans (OnBeanCondition)

   JacksonAutoConfiguration matched:
      - @ConditionalOnClass found required class 'com.fasterxml.jackson.databind.ObjectMapper' (OnClassCondition)

   JacksonAutoConfiguration.Jackson2ObjectMapperBuilderCustomizerConfiguration matched:
      - @ConditionalOnClass found required class 'org.springframework.http.converter.json.Jackson2ObjectMapperBuilder' (OnClassCondition)

   JacksonAutoConfiguration.JacksonObjectMapperBuilderConfiguration matched:
      - @ConditionalOnClass found required class 'org.springframework.http.converter.json.Jackson2ObjectMapperBuilder' (OnClassCondition)

   JacksonAutoConfiguration.JacksonObjectMapperBuilderConfiguration#jacksonObjectMapperBuilder matched:
      - @ConditionalOnMissingBean (types: org.springframework.http.converter.json.Jackson2ObjectMapperBuilder; SearchStrategy: all) did not find any beans (OnBeanCondition)

   JacksonAutoConfiguration.JacksonObjectMapperConfiguration matched:
      - @ConditionalOnClass found required class 'org.springframework.http.converter.json.Jackson2ObjectMapperBuilder' (OnClassCondition)

   JacksonAutoConfiguration.JacksonObjectMapperConfiguration#jacksonObjectMapper matched:
      - @ConditionalOnMissingBean (types: com.fasterxml.jackson.databind.ObjectMapper; SearchStrategy: all) did not find any beans (OnBeanCondition)

   JacksonAutoConfiguration.ParameterNamesModuleConfiguration matched:
      - @ConditionalOnClass found required class 'com.fasterxml.jackson.module.paramnames.ParameterNamesModule' (OnClassCondition)

   JacksonAutoConfiguration.ParameterNamesModuleConfiguration#parameterNamesModule matched:
      - @ConditionalOnMissingBean (types: com.fasterxml.jackson.module.paramnames.ParameterNamesModule; SearchStrategy: all) did not find any beans (OnBeanCondition)

   JacksonHttpMessageConvertersConfiguration.MappingJackson2HttpMessageConverterConfiguration matched:
      - @ConditionalOnClass found required class 'com.fasterxml.jackson.databind.ObjectMapper' (OnClassCondition)
      - @ConditionalOnPreferredJsonMapper JACKSON no property was configured and Jackson is the default (OnPreferredJsonMapperCondition)
      - @ConditionalOnBean (types: com.fasterxml.jackson.databind.ObjectMapper; SearchStrategy: all) found bean 'jacksonObjectMapper' (OnBeanCondition)

   JacksonHttpMessageConvertersConfiguration.MappingJackson2HttpMessageConverterConfiguration#mappingJackson2HttpMessageConverter matched:
      - @ConditionalOnMissingBean (types: org.springframework.http.converter.json.MappingJackson2HttpMessageConverter ignored: org.springframework.hateoas.server.mvc.TypeConstrainedMappingJackson2HttpMessageConverter,org.springframework.data.rest.webmvc.alps.AlpsJsonHttpMessageConverter; SearchStrategy: all) did not find any beans (OnBeanCondition)

   JdbcClientAutoConfiguration matched:
      - @ConditionalOnSingleCandidate (types: org.springframework.jdbc.core.namedparam.NamedParameterJdbcTemplate; SearchStrategy: all) found a single bean 'namedParameterJdbcTemplate'; @ConditionalOnMissingBean (types: org.springframework.jdbc.core.simple.JdbcClient; SearchStrategy: all) did not find any beans (OnBeanCondition)

   JdbcTemplateAutoConfiguration matched:
      - @ConditionalOnClass found required classes 'javax.sql.DataSource', 'org.springframework.jdbc.core.JdbcTemplate' (OnClassCondition)
      - @ConditionalOnSingleCandidate (types: javax.sql.DataSource; SearchStrategy: all) found a single bean 'dataSource' (OnBeanCondition)

   JdbcTemplateConfiguration matched:
      - @ConditionalOnMissingBean (types: org.springframework.jdbc.core.JdbcOperations; SearchStrategy: all) did not find any beans (OnBeanCondition)

   JmxAutoConfiguration matched:
      - @ConditionalOnClass found required class 'org.springframework.jmx.export.MBeanExporter' (OnClassCondition)
      - @ConditionalOnBooleanProperty (spring.jmx.enabled=true) matched (OnPropertyCondition)

   JmxAutoConfiguration#mbeanExporter matched:
      - @ConditionalOnMissingBean (types: org.springframework.jmx.export.MBeanExporter; SearchStrategy: current) did not find any beans (OnBeanCondition)

   JmxAutoConfiguration#mbeanServer matched:
      - @ConditionalOnMissingBean (types: javax.management.MBeanServer; SearchStrategy: all) did not find any beans (OnBeanCondition)

   JmxAutoConfiguration#objectNamingStrategy matched:
      - @ConditionalOnMissingBean (types: org.springframework.jmx.export.naming.ObjectNamingStrategy; SearchStrategy: current) did not find any beans (OnBeanCondition)

   JpaBaseConfiguration#entityManagerFactory matched:
      - @ConditionalOnMissingBean (types: org.springframework.orm.jpa.LocalContainerEntityManagerFactoryBean,jakarta.persistence.EntityManagerFactory; SearchStrategy: all) did not find any beans (OnBeanCondition)

   JpaBaseConfiguration#entityManagerFactoryBuilder matched:
      - @ConditionalOnMissingBean (types: org.springframework.boot.orm.jpa.EntityManagerFactoryBuilder; SearchStrategy: all) did not find any beans (OnBeanCondition)

   JpaBaseConfiguration#jpaVendorAdapter matched:
      - @ConditionalOnMissingBean (types: org.springframework.orm.jpa.JpaVendorAdapter; SearchStrategy: all) did not find any beans (OnBeanCondition)

   JpaBaseConfiguration#transactionManager matched:
      - @ConditionalOnMissingBean (types: org.springframework.transaction.TransactionManager; SearchStrategy: all) did not find any beans (OnBeanCondition)

   JpaBaseConfiguration.JpaWebConfiguration matched:
      - @ConditionalOnClass found required class 'org.springframework.web.servlet.config.annotation.WebMvcConfigurer' (OnClassCondition)
      - found 'session' scope (OnWebApplicationCondition)
      - @ConditionalOnBooleanProperty (spring.jpa.open-in-view=true) matched (OnPropertyCondition)
      - @ConditionalOnMissingBean (types: org.springframework.orm.jpa.support.OpenEntityManagerInViewInterceptor,org.springframework.orm.jpa.support.OpenEntityManagerInViewFilter; SearchStrategy: all) did not find any beans (OnBeanCondition)

   JpaBaseConfiguration.PersistenceManagedTypesConfiguration matched:
      - @ConditionalOnMissingBean (types: org.springframework.orm.jpa.LocalContainerEntityManagerFactoryBean,jakarta.persistence.EntityManagerFactory; SearchStrategy: all) did not find any beans (OnBeanCondition)

   JpaBaseConfiguration.PersistenceManagedTypesConfiguration#persistenceManagedTypes matched:
      - @ConditionalOnMissingBean (types: org.springframework.orm.jpa.persistenceunit.PersistenceManagedTypes; SearchStrategy: all) did not find any beans (OnBeanCondition)

   JpaRepositoriesAutoConfiguration matched:
      - @ConditionalOnClass found required class 'org.springframework.data.jpa.repository.JpaRepository' (OnClassCondition)
      - @ConditionalOnBooleanProperty (spring.data.jpa.repositories.enabled=true) matched (OnPropertyCondition)
      - @ConditionalOnBean (types: javax.sql.DataSource; SearchStrategy: all) found bean 'dataSource'; @ConditionalOnMissingBean (types: org.springframework.data.jpa.repository.support.JpaRepositoryFactoryBean,org.springframework.data.jpa.repository.config.JpaRepositoryConfigExtension; SearchStrategy: all) did not find any beans (OnBeanCondition)

   JtaAutoConfiguration matched:
      - @ConditionalOnClass found required class 'jakarta.transaction.Transaction' (OnClassCondition)
      - @ConditionalOnBooleanProperty (spring.jta.enabled=true) matched (OnPropertyCondition)

   LifecycleAutoConfiguration#defaultLifecycleProcessor matched:
      - @ConditionalOnMissingBean (names: lifecycleProcessor; SearchStrategy: current) did not find any beans (OnBeanCondition)

   LocalDevToolsAutoConfiguration matched:
      - Initialized Restarter Condition available and initialized (OnInitializedRestarterCondition)

   LocalDevToolsAutoConfiguration.LiveReloadConfiguration matched:
      - @ConditionalOnBooleanProperty (spring.devtools.livereload.enabled=true) matched (OnPropertyCondition)

   LocalDevToolsAutoConfiguration.LiveReloadConfiguration#liveReloadServer matched:
      - @ConditionalOnMissingBean (types: org.springframework.boot.devtools.livereload.LiveReloadServer; SearchStrategy: all) did not find any beans (OnBeanCondition)

   LocalDevToolsAutoConfiguration.RestartConfiguration matched:
      - @ConditionalOnBooleanProperty (spring.devtools.restart.enabled=true) matched (OnPropertyCondition)

   LocalDevToolsAutoConfiguration.RestartConfiguration#classPathFileSystemWatcher matched:
      - @ConditionalOnMissingBean (types: org.springframework.boot.devtools.classpath.ClassPathFileSystemWatcher; SearchStrategy: all) did not find any beans (OnBeanCondition)

   LocalDevToolsAutoConfiguration.RestartConfiguration#classPathRestartStrategy matched:
      - @ConditionalOnMissingBean (types: org.springframework.boot.devtools.classpath.ClassPathRestartStrategy; SearchStrategy: all) did not find any beans (OnBeanCondition)

   LocalDevToolsAutoConfiguration.RestartConfiguration#conditionEvaluationDeltaLoggingListener matched:
      - @ConditionalOnBooleanProperty (spring.devtools.restart.log-condition-evaluation-delta=true) matched (OnPropertyCondition)

   MultipartAutoConfiguration matched:
      - @ConditionalOnClass found required classes 'jakarta.servlet.Servlet', 'org.springframework.web.multipart.support.StandardServletMultipartResolver', 'jakarta.servlet.MultipartConfigElement' (OnClassCondition)
      - found 'session' scope (OnWebApplicationCondition)
      - @ConditionalOnBooleanProperty (spring.servlet.multipart.enabled=true) matched (OnPropertyCondition)

   MultipartAutoConfiguration#multipartConfigElement matched:
      - @ConditionalOnMissingBean (types: jakarta.servlet.MultipartConfigElement; SearchStrategy: all) did not find any beans (OnBeanCondition)

   MultipartAutoConfiguration#multipartResolver matched:
      - @ConditionalOnMissingBean (types: org.springframework.web.multipart.MultipartResolver; SearchStrategy: all) did not find any beans (OnBeanCondition)

   NamedParameterJdbcTemplateConfiguration matched:
      - @ConditionalOnSingleCandidate (types: org.springframework.jdbc.core.JdbcTemplate; SearchStrategy: all) found a single bean 'jdbcTemplate'; @ConditionalOnMissingBean (types: org.springframework.jdbc.core.namedparam.NamedParameterJdbcOperations; SearchStrategy: all) did not find any beans (OnBeanCondition)

   NoOpCacheConfiguration matched:
      - Cache org.springframework.boot.autoconfigure.cache.NoOpCacheConfiguration automatic cache type (CacheCondition)

   PersistenceExceptionTranslationAutoConfiguration matched:
      - @ConditionalOnClass found required class 'org.springframework.dao.annotation.PersistenceExceptionTranslationPostProcessor' (OnClassCondition)

   PersistenceExceptionTranslationAutoConfiguration#persistenceExceptionTranslationPostProcessor matched:
      - @ConditionalOnBooleanProperty (spring.dao.exceptiontranslation.enabled=true) matched (OnPropertyCondition)
      - @ConditionalOnMissingBean (types: org.springframework.dao.annotation.PersistenceExceptionTranslationPostProcessor; SearchStrategy: all) did not find any beans (OnBeanCondition)

   PropertyPlaceholderAutoConfiguration#propertySourcesPlaceholderConfigurer matched:
      - @ConditionalOnMissingBean (types: org.springframework.context.support.PropertySourcesPlaceholderConfigurer; SearchStrategy: current) did not find any beans (OnBeanCondition)

   RestClientAutoConfiguration matched:
      - @ConditionalOnClass found required class 'org.springframework.web.client.RestClient' (OnClassCondition)
      - AnyNestedCondition 1 matched 1 did not; NestedCondition on NotReactiveWebApplicationOrVirtualThreadsExecutorEnabledCondition.VirtualThreadsExecutorEnabled found non-matching nested conditions @ConditionalOnThreading did not find VIRTUAL; NestedCondition on NotReactiveWebApplicationOrVirtualThreadsExecutorEnabledCondition.NotReactiveWebApplication NoneNestedConditions 0 matched 1 did not; NestedCondition on NotReactiveWebApplicationCondition.ReactiveWebApplication did not find reactive web application classes (NotReactiveWebApplicationOrVirtualThreadsExecutorEnabledCondition)

   RestClientAutoConfiguration#httpMessageConvertersRestClientCustomizer matched:
      - @ConditionalOnMissingBean (types: org.springframework.boot.autoconfigure.web.client.HttpMessageConvertersRestClientCustomizer; SearchStrategy: all) did not find any beans (OnBeanCondition)

   RestClientAutoConfiguration#restClientBuilder matched:
      - @ConditionalOnMissingBean (types: org.springframework.web.client.RestClient$Builder; SearchStrategy: all) did not find any beans (OnBeanCondition)

   RestClientAutoConfiguration#restClientBuilderConfigurer matched:
      - @ConditionalOnMissingBean (types: org.springframework.boot.autoconfigure.web.client.RestClientBuilderConfigurer; SearchStrategy: all) did not find any beans (OnBeanCondition)

   RestClientAutoConfiguration#restClientSsl matched:
      - @ConditionalOnBean (types: org.springframework.boot.ssl.SslBundles; SearchStrategy: all) found bean 'sslBundleRegistry'; @ConditionalOnMissingBean (types: org.springframework.boot.autoconfigure.web.client.RestClientSsl; SearchStrategy: all) did not find any beans (OnBeanCondition)

   RestTemplateAutoConfiguration matched:
      - @ConditionalOnClass found required class 'org.springframework.web.client.RestTemplate' (OnClassCondition)
      - NoneNestedConditions 0 matched 1 did not; NestedCondition on NotReactiveWebApplicationCondition.ReactiveWebApplication did not find reactive web application classes (NotReactiveWebApplicationCondition)

   RestTemplateAutoConfiguration#restTemplateBuilder matched:
      - @ConditionalOnMissingBean (types: org.springframework.boot.web.client.RestTemplateBuilder; SearchStrategy: all) did not find any beans (OnBeanCondition)

   SecurityAutoConfiguration matched:
      - @ConditionalOnClass found required class 'org.springframework.security.authentication.DefaultAuthenticationEventPublisher' (OnClassCondition)

   SecurityAutoConfiguration#authenticationEventPublisher matched:
      - @ConditionalOnMissingBean (types: org.springframework.security.authentication.AuthenticationEventPublisher; SearchStrategy: all) did not find any beans (OnBeanCondition)

   SecurityFilterAutoConfiguration matched:
      - @ConditionalOnClass found required classes 'org.springframework.security.web.context.AbstractSecurityWebApplicationInitializer', 'org.springframework.security.config.http.SessionCreationPolicy' (OnClassCondition)
      - found 'session' scope (OnWebApplicationCondition)

   SecurityFilterAutoConfiguration#securityFilterChainRegistration matched:
      - @ConditionalOnBean (names: springSecurityFilterChain; SearchStrategy: all) found bean 'springSecurityFilterChain' (OnBeanCondition)

   ServletWebServerFactoryAutoConfiguration matched:
      - @ConditionalOnClass found required class 'jakarta.servlet.ServletRequest' (OnClassCondition)
      - found 'session' scope (OnWebApplicationCondition)

   ServletWebServerFactoryAutoConfiguration.TomcatConfiguration matched:
      - @ConditionalOnClass found required class 'org.apache.catalina.startup.Tomcat' (OnClassCondition)

   ServletWebServerFactoryConfiguration.EmbeddedTomcat matched:
      - @ConditionalOnClass found required classes 'jakarta.servlet.Servlet', 'org.apache.catalina.startup.Tomcat', 'org.apache.coyote.UpgradeProtocol' (OnClassCondition)
      - @ConditionalOnMissingBean (types: org.springframework.boot.web.servlet.server.ServletWebServerFactory; SearchStrategy: current) did not find any beans (OnBeanCondition)

   SimpleCacheConfiguration matched:
      - Cache org.springframework.boot.autoconfigure.cache.SimpleCacheConfiguration automatic cache type (CacheCondition)

   SpringApplicationAdminJmxAutoConfiguration matched:
      - @ConditionalOnBooleanProperty (spring.application.admin.enabled=true) matched (OnPropertyCondition)

   SpringApplicationAdminJmxAutoConfiguration#springApplicationAdminRegistrar matched:
      - @ConditionalOnMissingBean (types: org.springframework.boot.admin.SpringApplicationAdminMXBeanRegistrar; SearchStrategy: all) did not find any beans (OnBeanCondition)

   SpringBootWebSecurityConfiguration matched:
      - found 'session' scope (OnWebApplicationCondition)

   SpringBootWebSecurityConfiguration.SecurityFilterChainConfiguration matched:
      - AllNestedConditions 2 matched 0 did not; NestedCondition on DefaultWebSecurityCondition.Beans @ConditionalOnMissingBean (types: org.springframework.security.web.SecurityFilterChain; SearchStrategy: all) did not find any beans; NestedCondition on DefaultWebSecurityCondition.Classes @ConditionalOnClass found required classes 'org.springframework.security.web.SecurityFilterChain', 'org.springframework.security.config.annotation.web.builders.HttpSecurity' (DefaultWebSecurityCondition)

   SpringBootWebSecurityConfiguration.WebSecurityEnablerConfiguration matched:
      - @ConditionalOnClass found required class 'org.springframework.security.config.annotation.web.configuration.EnableWebSecurity' (OnClassCondition)
      - @ConditionalOnMissingBean (names: springSecurityFilterChain; SearchStrategy: all) did not find any beans (OnBeanCondition)

   SpringDataWebAutoConfiguration matched:
      - @ConditionalOnClass found required classes 'org.springframework.data.web.PageableHandlerMethodArgumentResolver', 'org.springframework.web.servlet.config.annotation.WebMvcConfigurer' (OnClassCondition)
      - found 'session' scope (OnWebApplicationCondition)
      - @ConditionalOnMissingBean (types: org.springframework.data.web.PageableHandlerMethodArgumentResolver; SearchStrategy: all) did not find any beans (OnBeanCondition)

   SpringDataWebAutoConfiguration#pageableCustomizer matched:
      - @ConditionalOnMissingBean (types: org.springframework.data.web.config.PageableHandlerMethodArgumentResolverCustomizer; SearchStrategy: all) did not find any beans (OnBeanCondition)

   SpringDataWebAutoConfiguration#sortCustomizer matched:
      - @ConditionalOnMissingBean (types: org.springframework.data.web.config.SortHandlerMethodArgumentResolverCustomizer; SearchStrategy: all) did not find any beans (OnBeanCondition)

   SpringDataWebAutoConfiguration#springDataWebSettings matched:
      - @ConditionalOnMissingBean (types: org.springframework.data.web.config.SpringDataWebSettings; SearchStrategy: all) did not find any beans (OnBeanCondition)

   SqlInitializationAutoConfiguration matched:
      - @ConditionalOnBooleanProperty (spring.sql.init.enabled=true) matched (OnPropertyCondition)
      - NoneNestedConditions 0 matched 1 did not; NestedCondition on SqlInitializationAutoConfiguration.SqlInitializationModeCondition.ModeIsNever @ConditionalOnProperty (spring.sql.init.mode=never) did not find property 'spring.sql.init.mode' (SqlInitializationAutoConfiguration.SqlInitializationModeCondition)

   SslAutoConfiguration#sslBundleRegistry matched:
      - @ConditionalOnMissingBean (types: org.springframework.boot.ssl.SslBundleRegistry,org.springframework.boot.ssl.SslBundles; SearchStrategy: all) did not find any beans (OnBeanCondition)

   TaskExecutionAutoConfiguration matched:
      - @ConditionalOnClass found required class 'org.springframework.scheduling.concurrent.ThreadPoolTaskExecutor' (OnClassCondition)

   TaskExecutorConfigurations.AsyncConfigurerConfiguration matched:
      - @ConditionalOnMissingBean (types: org.springframework.scheduling.annotation.AsyncConfigurer; SearchStrategy: all) did not find any beans (OnBeanCondition)

   TaskExecutorConfigurations.AsyncConfigurerConfiguration#applicationTaskExecutorAsyncConfigurer matched:
      - @ConditionalOnMissingBean (types: org.springframework.scheduling.annotation.AsyncConfigurer; SearchStrategy: all) did not find any beans (OnBeanCondition)

   TaskExecutorConfigurations.SimpleAsyncTaskExecutorBuilderConfiguration#simpleAsyncTaskExecutorBuilder matched:
      - @ConditionalOnMissingBean (types: org.springframework.boot.task.SimpleAsyncTaskExecutorBuilder; SearchStrategy: all) did not find any beans (OnBeanCondition)
      - @ConditionalOnThreading found PLATFORM (OnThreadingCondition)

   TaskExecutorConfigurations.TaskExecutorConfiguration matched:
      - AnyNestedCondition 1 matched 1 did not; NestedCondition on TaskExecutorConfigurations.OnExecutorCondition.ModelCondition @ConditionalOnProperty (spring.task.execution.mode=force) did not find property 'spring.task.execution.mode'; NestedCondition on TaskExecutorConfigurations.OnExecutorCondition.ExecutorBeanCondition @ConditionalOnMissingBean (types: java.util.concurrent.Executor; SearchStrategy: all) did not find any beans (TaskExecutorConfigurations.OnExecutorCondition)

   TaskExecutorConfigurations.TaskExecutorConfiguration#applicationTaskExecutor matched:
      - @ConditionalOnThreading found PLATFORM (OnThreadingCondition)

   TaskExecutorConfigurations.ThreadPoolTaskExecutorBuilderConfiguration#threadPoolTaskExecutorBuilder matched:
      - @ConditionalOnMissingBean (types: org.springframework.boot.task.ThreadPoolTaskExecutorBuilder; SearchStrategy: all) did not find any beans (OnBeanCondition)

   TaskSchedulingAutoConfiguration matched:
      - @ConditionalOnClass found required class 'org.springframework.scheduling.concurrent.ThreadPoolTaskScheduler' (OnClassCondition)

   TaskSchedulingConfigurations.SimpleAsyncTaskSchedulerBuilderConfiguration#simpleAsyncTaskSchedulerBuilder matched:
      - @ConditionalOnMissingBean (types: org.springframework.boot.task.SimpleAsyncTaskSchedulerBuilder; SearchStrategy: all) did not find any beans (OnBeanCondition)
      - @ConditionalOnThreading found PLATFORM (OnThreadingCondition)

   TaskSchedulingConfigurations.ThreadPoolTaskSchedulerBuilderConfiguration#threadPoolTaskSchedulerBuilder matched:
      - @ConditionalOnMissingBean (types: org.springframework.boot.task.ThreadPoolTaskSchedulerBuilder; SearchStrategy: all) did not find any beans (OnBeanCondition)

   TransactionAutoConfiguration matched:
      - @ConditionalOnClass found required class 'org.springframework.transaction.PlatformTransactionManager' (OnClassCondition)

   TransactionAutoConfiguration.EnableTransactionManagementConfiguration matched:
      - @ConditionalOnBean (types: org.springframework.transaction.TransactionManager; SearchStrategy: all) found bean 'transactionManager'; @ConditionalOnMissingBean (types: org.springframework.transaction.annotation.AbstractTransactionManagementConfiguration; SearchStrategy: all) did not find any beans (OnBeanCondition)

   TransactionAutoConfiguration.EnableTransactionManagementConfiguration.CglibAutoProxyConfiguration matched:
      - @ConditionalOnBooleanProperty (spring.aop.proxy-target-class=true) matched (OnPropertyCondition)

   TransactionAutoConfiguration.TransactionTemplateConfiguration matched:
      - @ConditionalOnSingleCandidate (types: org.springframework.transaction.PlatformTransactionManager; SearchStrategy: all) found a single bean 'transactionManager' (OnBeanCondition)

   TransactionAutoConfiguration.TransactionTemplateConfiguration#transactionTemplate matched:
      - @ConditionalOnMissingBean (types: org.springframework.transaction.support.TransactionOperations; SearchStrategy: all) did not find any beans (OnBeanCondition)

   TransactionManagerCustomizationAutoConfiguration matched:
      - @ConditionalOnClass found required class 'org.springframework.transaction.PlatformTransactionManager' (OnClassCondition)

   TransactionManagerCustomizationAutoConfiguration#platformTransactionManagerCustomizers matched:
      - @ConditionalOnMissingBean (types: org.springframework.boot.autoconfigure.transaction.TransactionManagerCustomizers; SearchStrategy: all) did not find any beans (OnBeanCondition)

   UserDetailsServiceAutoConfiguration matched:
      - @ConditionalOnClass found required class 'org.springframework.security.authentication.AuthenticationManager' (OnClassCondition)
      - found 'session' scope (OnWebApplicationCondition)
      - AnyNestedCondition 1 matched 2 did not; NestedCondition on UserDetailsServiceAutoConfiguration.MissingAlternativeOrUserPropertiesConfigured.PasswordConfigured @ConditionalOnProperty (spring.security.user.password) did not find property 'spring.security.user.password'; NestedCondition on UserDetailsServiceAutoConfiguration.MissingAlternativeOrUserPropertiesConfigured.NameConfigured @ConditionalOnProperty (spring.security.user.name) did not find property 'spring.security.user.name'; NestedCondition on UserDetailsServiceAutoConfiguration.MissingAlternativeOrUserPropertiesConfigured.MissingAlternative @ConditionalOnMissingClass did not find unwanted classes 'org.springframework.security.oauth2.client.registration.ClientRegistrationRepository', 'org.springframework.security.oauth2.server.resource.introspection.OpaqueTokenIntrospector', 'org.springframework.security.saml2.provider.service.registration.RelyingPartyRegistrationRepository' (UserDetailsServiceAutoConfiguration.MissingAlternativeOrUserPropertiesConfigured)
      - @ConditionalOnBean (types: org.springframework.security.config.ObjectPostProcessor; SearchStrategy: all) found beans 'objectPostProcessor', 'webAuthorizationManagerPostProcessor', 'filterChainDecoratorPostProcessor', 'authenticationManagerPostProcessor'; @ConditionalOnMissingBean (types: org.springframework.security.authentication.AuthenticationManager,org.springframework.security.authentication.AuthenticationProvider,org.springframework.security.core.userdetails.UserDetailsService,org.springframework.security.authentication.AuthenticationManagerResolver,org.springframework.security.oauth2.jwt.JwtDecoder; SearchStrategy: all) did not find any beans (OnBeanCondition)

   ValidationAutoConfiguration matched:
      - @ConditionalOnClass found required class 'jakarta.validation.executable.ExecutableValidator' (OnClassCondition)
      - @ConditionalOnResource found location classpath:META-INF/services/jakarta.validation.spi.ValidationProvider (OnResourceCondition)

   ValidationAutoConfiguration#defaultValidator matched:
      - @ConditionalOnMissingBean (types: jakarta.validation.Validator; SearchStrategy: all) did not find any beans (OnBeanCondition)

   ValidationAutoConfiguration#methodValidationPostProcessor matched:
      - @ConditionalOnMissingBean (types: org.springframework.validation.beanvalidation.MethodValidationPostProcessor; SearchStrategy: current) did not find any beans (OnBeanCondition)

   WebMvcAutoConfiguration matched:
      - @ConditionalOnClass found required classes 'jakarta.servlet.Servlet', 'org.springframework.web.servlet.DispatcherServlet', 'org.springframework.web.servlet.config.annotation.WebMvcConfigurer' (OnClassCondition)
      - found 'session' scope (OnWebApplicationCondition)
      - @ConditionalOnMissingBean (types: org.springframework.web.servlet.config.annotation.WebMvcConfigurationSupport; SearchStrategy: all) did not find any beans (OnBeanCondition)

   WebMvcAutoConfiguration#formContentFilter matched:
      - @ConditionalOnBooleanProperty (spring.mvc.formcontent.filter.enabled=true) matched (OnPropertyCondition)
      - @ConditionalOnMissingBean (types: org.springframework.web.filter.FormContentFilter; SearchStrategy: all) did not find any beans (OnBeanCondition)

   WebMvcAutoConfiguration.EnableWebMvcConfiguration#flashMapManager matched:
      - @ConditionalOnMissingBean (names: flashMapManager; SearchStrategy: all) did not find any beans (OnBeanCondition)

   WebMvcAutoConfiguration.EnableWebMvcConfiguration#localeResolver matched:
      - @ConditionalOnMissingBean (names: localeResolver; SearchStrategy: all) did not find any beans (OnBeanCondition)

   WebMvcAutoConfiguration.EnableWebMvcConfiguration#themeResolver matched:
      - @ConditionalOnMissingBean (names: themeResolver; SearchStrategy: all) did not find any beans (OnBeanCondition)

   WebMvcAutoConfiguration.EnableWebMvcConfiguration#viewNameTranslator matched:
      - @ConditionalOnMissingBean (names: viewNameTranslator; SearchStrategy: all) did not find any beans (OnBeanCondition)

   WebMvcAutoConfiguration.WebMvcAutoConfigurationAdapter#defaultViewResolver matched:
      - @ConditionalOnMissingBean (types: org.springframework.web.servlet.view.InternalResourceViewResolver; SearchStrategy: all) did not find any beans (OnBeanCondition)

   WebMvcAutoConfiguration.WebMvcAutoConfigurationAdapter#requestContextFilter matched:
      - @ConditionalOnMissingBean (types: org.springframework.web.context.request.RequestContextListener,org.springframework.web.filter.RequestContextFilter; SearchStrategy: all) did not find any beans (OnBeanCondition)

   WebMvcAutoConfiguration.WebMvcAutoConfigurationAdapter#viewResolver matched:
      - @ConditionalOnBean (types: org.springframework.web.servlet.ViewResolver; SearchStrategy: all) found beans 'defaultViewResolver', 'beanNameViewResolver', 'mvcViewResolver'; @ConditionalOnMissingBean (names: viewResolver types: org.springframework.web.servlet.view.ContentNegotiatingViewResolver; SearchStrategy: all) did not find any beans (OnBeanCondition)

   WebSocketServletAutoConfiguration matched:
      - @ConditionalOnClass found required classes 'jakarta.servlet.Servlet', 'jakarta.websocket.server.ServerContainer' (OnClassCondition)
      - found 'session' scope (OnWebApplicationCondition)

   WebSocketServletAutoConfiguration.TomcatWebSocketConfiguration matched:
      - @ConditionalOnClass found required classes 'org.apache.catalina.startup.Tomcat', 'org.apache.tomcat.websocket.server.WsSci' (OnClassCondition)

   WebSocketServletAutoConfiguration.TomcatWebSocketConfiguration#websocketServletWebServerCustomizer matched:
      - @ConditionalOnMissingBean (names: websocketServletWebServerCustomizer; SearchStrategy: all) did not find any beans (OnBeanCondition)


Negative matches:
-----------------

   ActiveMQAutoConfiguration:
      Did not match:
         - @ConditionalOnClass did not find required class 'jakarta.jms.ConnectionFactory' (OnClassCondition)

   AopAutoConfiguration.AspectJAutoProxyingConfiguration.JdkDynamicAutoProxyConfiguration:
      Did not match:
         - @ConditionalOnBooleanProperty (spring.aop.proxy-target-class=false) did not find property 'spring.aop.proxy-target-class' (OnPropertyCondition)

   AopAutoConfiguration.ClassProxyingConfiguration:
      Did not match:
         - @ConditionalOnMissingClass found unwanted class 'org.aspectj.weaver.Advice' (OnClassCondition)

   ArtemisAutoConfiguration:
      Did not match:
         - @ConditionalOnClass did not find required class 'jakarta.jms.ConnectionFactory' (OnClassCondition)

   BatchAutoConfiguration:
      Did not match:
         - @ConditionalOnClass did not find required class 'org.springframework.batch.core.launch.JobLauncher' (OnClassCondition)

   Cache2kCacheConfiguration:
      Did not match:
         - @ConditionalOnClass did not find required class 'org.cache2k.Cache2kBuilder' (OnClassCondition)

   CacheAutoConfiguration:
      Did not match:
         - @ConditionalOnBean (types: org.springframework.cache.interceptor.CacheAspectSupport; SearchStrategy: all) did not find any beans of type org.springframework.cache.interceptor.CacheAspectSupport (OnBeanCondition)
      Matched:
         - @ConditionalOnClass found required class 'org.springframework.cache.CacheManager' (OnClassCondition)

   CacheAutoConfiguration.CacheManagerEntityManagerFactoryDependsOnPostProcessor:
      Did not match:
         - Ancestor org.springframework.boot.autoconfigure.cache.CacheAutoConfiguration did not match (ConditionEvaluationReport.AncestorsMatchedCondition)
      Matched:
         - @ConditionalOnClass found required class 'org.springframework.orm.jpa.LocalContainerEntityManagerFactoryBean' (OnClassCondition)

   CaffeineCacheConfiguration:
      Did not match:
         - @ConditionalOnClass did not find required class 'com.github.benmanes.caffeine.cache.Caffeine' (OnClassCondition)

   CassandraAutoConfiguration:
      Did not match:
         - @ConditionalOnClass did not find required class 'com.datastax.oss.driver.api.core.CqlSession' (OnClassCondition)

   CassandraDataAutoConfiguration:
      Did not match:
         - @ConditionalOnClass did not find required class 'com.datastax.oss.driver.api.core.CqlSession' (OnClassCondition)

   CassandraReactiveDataAutoConfiguration:
      Did not match:
         - @ConditionalOnClass did not find required class 'com.datastax.oss.driver.api.core.CqlSession' (OnClassCondition)

   CassandraReactiveRepositoriesAutoConfiguration:
      Did not match:
         - @ConditionalOnClass did not find required class 'org.springframework.data.cassandra.ReactiveSession' (OnClassCondition)

   CassandraRepositoriesAutoConfiguration:
      Did not match:
         - @ConditionalOnClass did not find required class 'com.datastax.oss.driver.api.core.CqlSession' (OnClassCondition)

   org.springframework.boot.autoconfigure.http.client.reactive.ClientHttpConnectorAutoConfiguration:
      Did not match:
         - @ConditionalOnClass did not find required class 'reactor.core.publisher.Mono' (OnClassCondition)

   org.springframework.boot.autoconfigure.web.reactive.function.client.ClientHttpConnectorAutoConfiguration:
      Did not match:
         - @ConditionalOnClass did not find required class 'org.springframework.web.reactive.function.client.WebClient' (OnClassCondition)

   CodecsAutoConfiguration:
      Did not match:
         - @ConditionalOnClass did not find required class 'org.springframework.web.reactive.function.client.WebClient' (OnClassCondition)

   CouchbaseAutoConfiguration:
      Did not match:
         - @ConditionalOnClass did not find required class 'com.couchbase.client.java.Cluster' (OnClassCondition)

   CouchbaseCacheConfiguration:
      Did not match:
         - @ConditionalOnClass did not find required class 'com.couchbase.client.java.Cluster' (OnClassCondition)

   CouchbaseDataAutoConfiguration:
      Did not match:
         - @ConditionalOnClass did not find required class 'com.couchbase.client.java.Bucket' (OnClassCondition)

   CouchbaseReactiveDataAutoConfiguration:
      Did not match:
         - @ConditionalOnClass did not find required class 'com.couchbase.client.java.Cluster' (OnClassCondition)

   CouchbaseReactiveRepositoriesAutoConfiguration:
      Did not match:
         - @ConditionalOnClass did not find required class 'com.couchbase.client.java.Cluster' (OnClassCondition)

   CouchbaseRepositoriesAutoConfiguration:
      Did not match:
         - @ConditionalOnClass did not find required class 'com.couchbase.client.java.Bucket' (OnClassCondition)

   DataSourceAutoConfiguration.EmbeddedDatabaseConfiguration:
      Did not match:
         - EmbeddedDataSource spring.datasource.url is set (DataSourceAutoConfiguration.EmbeddedDatabaseCondition)

   DataSourceCheckpointRestoreConfiguration:
      Did not match:
         - @ConditionalOnClass did not find required class 'org.crac.Resource' (OnClassCondition)

   DataSourceConfiguration.Dbcp2:
      Did not match:
         - @ConditionalOnClass did not find required class 'org.apache.commons.dbcp2.BasicDataSource' (OnClassCondition)

   DataSourceConfiguration.Generic:
      Did not match:
         - @ConditionalOnProperty (spring.datasource.type) did not find property 'spring.datasource.type' (OnPropertyCondition)

   DataSourceConfiguration.OracleUcp:
      Did not match:
         - @ConditionalOnClass did not find required classes 'oracle.ucp.jdbc.PoolDataSourceImpl', 'oracle.jdbc.OracleConnection' (OnClassCondition)

   DataSourceConfiguration.Tomcat:
      Did not match:
         - @ConditionalOnClass did not find required class 'org.apache.tomcat.jdbc.pool.DataSource' (OnClassCondition)

   DataSourceJmxConfiguration.TomcatDataSourceJmxConfiguration:
      Did not match:
         - @ConditionalOnClass did not find required class 'org.apache.tomcat.jdbc.pool.DataSourceProxy' (OnClassCondition)

   DataSourcePoolMetadataProvidersConfiguration.CommonsDbcp2PoolDataSourceMetadataProviderConfiguration:
      Did not match:
         - @ConditionalOnClass did not find required class 'org.apache.commons.dbcp2.BasicDataSource' (OnClassCondition)

   DataSourcePoolMetadataProvidersConfiguration.OracleUcpPoolDataSourceMetadataProviderConfiguration:
      Did not match:
         - @ConditionalOnClass did not find required classes 'oracle.ucp.jdbc.PoolDataSource', 'oracle.jdbc.OracleConnection' (OnClassCondition)

   DataSourcePoolMetadataProvidersConfiguration.TomcatDataSourcePoolMetadataProviderConfiguration:
      Did not match:
         - @ConditionalOnClass did not find required class 'org.apache.tomcat.jdbc.pool.DataSource' (OnClassCondition)

   DataSourceTransactionManagerAutoConfiguration.JdbcTransactionManagerConfiguration#transactionManager:
      Did not match:
         - @ConditionalOnMissingBean (types: org.springframework.transaction.TransactionManager; SearchStrategy: all) found beans of type 'org.springframework.transaction.TransactionManager' transactionManager (OnBeanCondition)

   DevToolsR2dbcAutoConfiguration:
      Did not match:
         - @ConditionalOnClass did not find required class 'io.r2dbc.spi.ConnectionFactory' (OnClassCondition)

   DispatcherServletAutoConfiguration.DispatcherServletConfiguration#multipartResolver:
      Did not match:
         - @ConditionalOnBean (types: org.springframework.web.multipart.MultipartResolver; SearchStrategy: all) did not find any beans of type org.springframework.web.multipart.MultipartResolver (OnBeanCondition)

   ElasticsearchClientAutoConfiguration:
      Did not match:
         - @ConditionalOnClass did not find required class 'co.elastic.clients.elasticsearch.ElasticsearchClient' (OnClassCondition)

   ElasticsearchDataAutoConfiguration:
      Did not match:
         - @ConditionalOnClass did not find required class 'org.springframework.data.elasticsearch.client.elc.ElasticsearchTemplate' (OnClassCondition)

   ElasticsearchRepositoriesAutoConfiguration:
      Did not match:
         - @ConditionalOnClass did not find required class 'org.springframework.data.elasticsearch.repository.ElasticsearchRepository' (OnClassCondition)

   ElasticsearchRestClientAutoConfiguration:
      Did not match:
         - @ConditionalOnClass did not find required class 'org.elasticsearch.client.RestClientBuilder' (OnClassCondition)

   EmbeddedLdapAutoConfiguration:
      Did not match:
         - @ConditionalOnClass did not find required class 'com.unboundid.ldap.listener.InMemoryDirectoryServer' (OnClassCondition)

   EmbeddedWebServerFactoryCustomizerAutoConfiguration.JettyWebServerFactoryCustomizerConfiguration:
      Did not match:
         - @ConditionalOnClass did not find required classes 'org.eclipse.jetty.server.Server', 'org.eclipse.jetty.util.Loader', 'org.eclipse.jetty.ee10.webapp.WebAppContext' (OnClassCondition)

   EmbeddedWebServerFactoryCustomizerAutoConfiguration.NettyWebServerFactoryCustomizerConfiguration:
      Did not match:
         - @ConditionalOnClass did not find required class 'reactor.netty.http.server.HttpServer' (OnClassCondition)

   EmbeddedWebServerFactoryCustomizerAutoConfiguration.TomcatWebServerFactoryCustomizerConfiguration#tomcatVirtualThreadsProtocolHandlerCustomizer:
      Did not match:
         - @ConditionalOnThreading did not find VIRTUAL (OnThreadingCondition)

   EmbeddedWebServerFactoryCustomizerAutoConfiguration.UndertowWebServerFactoryCustomizerConfiguration:
      Did not match:
         - @ConditionalOnClass did not find required classes 'io.undertow.Undertow', 'org.xnio.SslClientAuthMode' (OnClassCondition)

   ErrorWebFluxAutoConfiguration:
      Did not match:
         - @ConditionalOnClass did not find required class 'org.springframework.web.reactive.config.WebFluxConfigurer' (OnClassCondition)

   FlywayAutoConfiguration:
      Did not match:
         - @ConditionalOnClass did not find required class 'org.flywaydb.core.Flyway' (OnClassCondition)

   FreeMarkerAutoConfiguration:
      Did not match:
         - @ConditionalOnClass did not find required class 'freemarker.template.Configuration' (OnClassCondition)

   GraphQlAutoConfiguration:
      Did not match:
         - @ConditionalOnClass did not find required class 'graphql.GraphQL' (OnClassCondition)

   GraphQlQueryByExampleAutoConfiguration:
      Did not match:
         - @ConditionalOnClass did not find required class 'graphql.GraphQL' (OnClassCondition)

   GraphQlQuerydslAutoConfiguration:
      Did not match:
         - @ConditionalOnClass did not find required class 'com.querydsl.core.Query' (OnClassCondition)

   GraphQlRSocketAutoConfiguration:
      Did not match:
         - @ConditionalOnClass did not find required class 'graphql.GraphQL' (OnClassCondition)

   GraphQlReactiveQueryByExampleAutoConfiguration:
      Did not match:
         - @ConditionalOnClass did not find required class 'graphql.GraphQL' (OnClassCondition)

   GraphQlReactiveQuerydslAutoConfiguration:
      Did not match:
         - @ConditionalOnClass did not find required class 'com.querydsl.core.Query' (OnClassCondition)

   GraphQlWebFluxAutoConfiguration:
      Did not match:
         - @ConditionalOnClass did not find required class 'graphql.GraphQL' (OnClassCondition)

   GraphQlWebFluxSecurityAutoConfiguration:
      Did not match:
         - @ConditionalOnClass did not find required class 'graphql.GraphQL' (OnClassCondition)

   GraphQlWebMvcAutoConfiguration:
      Did not match:
         - @ConditionalOnClass did not find required class 'graphql.GraphQL' (OnClassCondition)

   GraphQlWebMvcSecurityAutoConfiguration:
      Did not match:
         - @ConditionalOnClass did not find required class 'graphql.GraphQL' (OnClassCondition)

   GroovyTemplateAutoConfiguration:
      Did not match:
         - @ConditionalOnClass did not find required class 'groovy.text.markup.MarkupTemplateEngine' (OnClassCondition)

   GsonAutoConfiguration:
      Did not match:
         - @ConditionalOnClass did not find required class 'com.google.gson.Gson' (OnClassCondition)

   GsonHttpMessageConvertersConfiguration:
      Did not match:
         - @ConditionalOnClass did not find required class 'com.google.gson.Gson' (OnClassCondition)

   H2ConsoleAutoConfiguration:
      Did not match:
         - @ConditionalOnClass did not find required class 'org.h2.server.web.JakartaWebServlet' (OnClassCondition)

   HazelcastAutoConfiguration:
      Did not match:
         - @ConditionalOnClass did not find required class 'com.hazelcast.core.HazelcastInstance' (OnClassCondition)

   HazelcastCacheConfiguration:
      Did not match:
         - @ConditionalOnClass did not find required class 'com.hazelcast.core.HazelcastInstance' (OnClassCondition)

   HazelcastJpaDependencyAutoConfiguration:
      Did not match:
         - @ConditionalOnClass did not find required class 'com.hazelcast.core.HazelcastInstance' (OnClassCondition)

   HttpHandlerAutoConfiguration:
      Did not match:
         - @ConditionalOnClass did not find required class 'org.springframework.web.reactive.DispatcherHandler' (OnClassCondition)

   HypermediaAutoConfiguration:
      Did not match:
         - @ConditionalOnClass did not find required class 'org.springframework.hateoas.EntityModel' (OnClassCondition)

   InfinispanCacheConfiguration:
      Did not match:
         - @ConditionalOnClass did not find required class 'org.infinispan.spring.embedded.provider.SpringEmbeddedCacheManager' (OnClassCondition)

   IntegrationAutoConfiguration:
      Did not match:
         - @ConditionalOnClass did not find required class 'org.springframework.integration.config.EnableIntegration' (OnClassCondition)

   JCacheCacheConfiguration:
      Did not match:
         - @ConditionalOnClass did not find required class 'javax.cache.Caching' (OnClassCondition)

   JacksonHttpMessageConvertersConfiguration.MappingJackson2XmlHttpMessageConverterConfiguration:
      Did not match:
         - @ConditionalOnClass did not find required class 'com.fasterxml.jackson.dataformat.xml.XmlMapper' (OnClassCondition)

   JdbcRepositoriesAutoConfiguration:
      Did not match:
         - @ConditionalOnClass did not find required class 'org.springframework.data.jdbc.repository.config.AbstractJdbcConfiguration' (OnClassCondition)

   JerseyAutoConfiguration:
      Did not match:
         - @ConditionalOnClass did not find required class 'org.glassfish.jersey.server.spring.SpringComponentProvider' (OnClassCondition)

   JmsAutoConfiguration:
      Did not match:
         - @ConditionalOnClass did not find required class 'jakarta.jms.Message' (OnClassCondition)

   JndiConnectionFactoryAutoConfiguration:
      Did not match:
         - @ConditionalOnClass did not find required class 'org.springframework.jms.core.JmsTemplate' (OnClassCondition)

   JndiDataSourceAutoConfiguration:
      Did not match:
         - @ConditionalOnProperty (spring.datasource.jndi-name) did not find property 'spring.datasource.jndi-name' (OnPropertyCondition)
      Matched:
         - @ConditionalOnClass found required classes 'javax.sql.DataSource', 'org.springframework.jdbc.datasource.embedded.EmbeddedDatabaseType' (OnClassCondition)

   JndiJtaConfiguration:
      Did not match:
         - @ConditionalOnJndi JNDI environment is not available (OnJndiCondition)
      Matched:
         - @ConditionalOnClass found required class 'org.springframework.transaction.jta.JtaTransactionManager' (OnClassCondition)

   JooqAutoConfiguration:
      Did not match:
         - @ConditionalOnClass did not find required class 'org.jooq.DSLContext' (OnClassCondition)

   JpaRepositoriesAutoConfiguration#entityManagerFactoryBootstrapExecutorCustomizer:
      Did not match:
         - AnyNestedCondition 0 matched 2 did not; NestedCondition on JpaRepositoriesAutoConfiguration.BootstrapExecutorCondition.LazyBootstrapMode @ConditionalOnProperty (spring.data.jpa.repositories.bootstrap-mode=lazy) did not find property 'spring.data.jpa.repositories.bootstrap-mode'; NestedCondition on JpaRepositoriesAutoConfiguration.BootstrapExecutorCondition.DeferredBootstrapMode @ConditionalOnProperty (spring.data.jpa.repositories.bootstrap-mode=deferred) did not find property 'spring.data.jpa.repositories.bootstrap-mode' (JpaRepositoriesAutoConfiguration.BootstrapExecutorCondition)

   JsonbAutoConfiguration:
      Did not match:
         - @ConditionalOnClass did not find required class 'jakarta.json.bind.Jsonb' (OnClassCondition)

   JsonbHttpMessageConvertersConfiguration:
      Did not match:
         - @ConditionalOnClass did not find required class 'jakarta.json.bind.Jsonb' (OnClassCondition)

   KafkaAutoConfiguration:
      Did not match:
         - @ConditionalOnClass did not find required class 'org.springframework.kafka.core.KafkaTemplate' (OnClassCondition)

   LdapAutoConfiguration:
      Did not match:
         - @ConditionalOnClass did not find required class 'org.springframework.ldap.core.ContextSource' (OnClassCondition)

   LdapRepositoriesAutoConfiguration:
      Did not match:
         - @ConditionalOnClass did not find required class 'org.springframework.data.ldap.repository.LdapRepository' (OnClassCondition)

   LiquibaseAutoConfiguration:
      Did not match:
         - @ConditionalOnClass did not find required class 'liquibase.change.DatabaseChange' (OnClassCondition)

   MailSenderAutoConfiguration:
      Did not match:
         - @ConditionalOnClass did not find required class 'jakarta.mail.internet.MimeMessage' (OnClassCondition)

   MailSenderValidatorAutoConfiguration:
      Did not match:
         - @ConditionalOnSingleCandidate did not find required type 'org.springframework.mail.javamail.JavaMailSenderImpl' (OnBeanCondition)

   MessageSourceAutoConfiguration:
      Did not match:
         - ResourceBundle did not find bundle with basename messages (MessageSourceAutoConfiguration.ResourceBundleCondition)

   MongoAutoConfiguration:
      Did not match:
         - @ConditionalOnClass did not find required class 'com.mongodb.client.MongoClient' (OnClassCondition)

   MongoDataAutoConfiguration:
      Did not match:
         - @ConditionalOnClass did not find required class 'com.mongodb.client.MongoClient' (OnClassCondition)

   MongoReactiveAutoConfiguration:
      Did not match:
         - @ConditionalOnClass did not find required class 'com.mongodb.reactivestreams.client.MongoClient' (OnClassCondition)

   MongoReactiveDataAutoConfiguration:
      Did not match:
         - @ConditionalOnClass did not find required class 'com.mongodb.reactivestreams.client.MongoClient' (OnClassCondition)

   MongoReactiveRepositoriesAutoConfiguration:
      Did not match:
         - @ConditionalOnClass did not find required class 'com.mongodb.reactivestreams.client.MongoClient' (OnClassCondition)

   MongoRepositoriesAutoConfiguration:
      Did not match:
         - @ConditionalOnClass did not find required class 'com.mongodb.client.MongoClient' (OnClassCondition)

   MustacheAutoConfiguration:
      Did not match:
         - @ConditionalOnClass did not find required class 'com.samskivert.mustache.Mustache' (OnClassCondition)

   Neo4jAutoConfiguration:
      Did not match:
         - @ConditionalOnClass did not find required class 'org.neo4j.driver.Driver' (OnClassCondition)

   Neo4jDataAutoConfiguration:
      Did not match:
         - @ConditionalOnClass did not find required class 'org.neo4j.driver.Driver' (OnClassCondition)

   Neo4jReactiveDataAutoConfiguration:
      Did not match:
         - @ConditionalOnClass did not find required class 'org.neo4j.driver.Driver' (OnClassCondition)

   Neo4jReactiveRepositoriesAutoConfiguration:
      Did not match:
         - @ConditionalOnClass did not find required class 'org.neo4j.driver.Driver' (OnClassCondition)

   Neo4jRepositoriesAutoConfiguration:
      Did not match:
         - @ConditionalOnClass did not find required class 'org.neo4j.driver.Driver' (OnClassCondition)

   NettyAutoConfiguration:
      Did not match:
         - @ConditionalOnClass did not find required class 'io.netty.util.NettyRuntime' (OnClassCondition)

   OAuth2AuthorizationServerAutoConfiguration:
      Did not match:
         - @ConditionalOnClass did not find required class 'org.springframework.security.oauth2.server.authorization.OAuth2Authorization' (OnClassCondition)

   OAuth2AuthorizationServerJwtAutoConfiguration:
      Did not match:
         - @ConditionalOnClass did not find required class 'com.nimbusds.jose.jwk.source.JWKSource' (OnClassCondition)

   OAuth2ClientAutoConfiguration:
      Did not match:
         - @ConditionalOnClass did not find required class 'org.springframework.security.oauth2.client.registration.ClientRegistration' (OnClassCondition)

   OAuth2ClientWebSecurityAutoConfiguration:
      Did not match:
         - @ConditionalOnClass did not find required class 'org.springframework.security.oauth2.client.web.OAuth2AuthorizedClientRepository' (OnClassCondition)

   OAuth2ResourceServerAutoConfiguration:
      Did not match:
         - @ConditionalOnClass did not find required class 'org.springframework.security.oauth2.server.resource.authentication.BearerTokenAuthenticationToken' (OnClassCondition)

   ProjectInfoAutoConfiguration#buildProperties:
      Did not match:
         - @ConditionalOnResource did not find resource '${spring.info.build.location:classpath:META-INF/build-info.properties}' (OnResourceCondition)

   ProjectInfoAutoConfiguration#gitProperties:
      Did not match:
         - GitResource did not find git info at classpath:git.properties (ProjectInfoAutoConfiguration.GitResourceAvailableCondition)

   PulsarAutoConfiguration:
      Did not match:
         - @ConditionalOnClass did not find required class 'org.apache.pulsar.client.api.PulsarClient' (OnClassCondition)

   PulsarReactiveAutoConfiguration:
      Did not match:
         - @ConditionalOnClass did not find required class 'org.apache.pulsar.client.api.PulsarClient' (OnClassCondition)

   QuartzAutoConfiguration:
      Did not match:
         - @ConditionalOnClass did not find required class 'org.quartz.Scheduler' (OnClassCondition)

   R2dbcAutoConfiguration:
      Did not match:
         - @ConditionalOnClass did not find required class 'io.r2dbc.spi.ConnectionFactory' (OnClassCondition)

   R2dbcDataAutoConfiguration:
      Did not match:
         - @ConditionalOnClass did not find required class 'org.springframework.data.r2dbc.core.R2dbcEntityTemplate' (OnClassCondition)

   R2dbcInitializationConfiguration:
      Did not match:
         - @ConditionalOnClass did not find required classes 'io.r2dbc.spi.ConnectionFactory', 'org.springframework.r2dbc.connection.init.DatabasePopulator' (OnClassCondition)

   R2dbcProxyAutoConfiguration:
      Did not match:
         - @ConditionalOnClass did not find required class 'io.r2dbc.proxy.ProxyConnectionFactory' (OnClassCondition)

   R2dbcRepositoriesAutoConfiguration:
      Did not match:
         - @ConditionalOnClass did not find required class 'io.r2dbc.spi.ConnectionFactory' (OnClassCondition)

   R2dbcTransactionManagerAutoConfiguration:
      Did not match:
         - @ConditionalOnClass did not find required class 'org.springframework.r2dbc.connection.R2dbcTransactionManager' (OnClassCondition)

   RSocketGraphQlClientAutoConfiguration:
      Did not match:
         - @ConditionalOnClass did not find required class 'graphql.GraphQL' (OnClassCondition)

   RSocketMessagingAutoConfiguration:
      Did not match:
         - @ConditionalOnClass did not find required class 'io.rsocket.RSocket' (OnClassCondition)

   RSocketRequesterAutoConfiguration:
      Did not match:
         - @ConditionalOnClass did not find required class 'io.rsocket.RSocket' (OnClassCondition)

   RSocketSecurityAutoConfiguration:
      Did not match:
         - @ConditionalOnClass did not find required class 'org.springframework.security.rsocket.core.SecuritySocketAcceptorInterceptor' (OnClassCondition)

   RSocketServerAutoConfiguration:
      Did not match:
         - @ConditionalOnClass did not find required class 'io.rsocket.core.RSocketServer' (OnClassCondition)

   RSocketStrategiesAutoConfiguration:
      Did not match:
         - @ConditionalOnClass did not find required class 'io.netty.buffer.PooledByteBufAllocator' (OnClassCondition)

   RabbitAutoConfiguration:
      Did not match:
         - @ConditionalOnClass did not find required class 'com.rabbitmq.client.Channel' (OnClassCondition)

   ReactiveElasticsearchClientAutoConfiguration:
      Did not match:
         - @ConditionalOnClass did not find required class 'co.elastic.clients.transport.ElasticsearchTransport' (OnClassCondition)

   ReactiveElasticsearchRepositoriesAutoConfiguration:
      Did not match:
         - @ConditionalOnClass did not find required class 'reactor.core.publisher.Mono' (OnClassCondition)

   ReactiveMultipartAutoConfiguration:
      Did not match:
         - @ConditionalOnClass did not find required class 'org.springframework.web.reactive.config.WebFluxConfigurer' (OnClassCondition)

   ReactiveOAuth2ClientAutoConfiguration:
      Did not match:
         - @ConditionalOnClass did not find required class 'reactor.core.publisher.Flux' (OnClassCondition)

   ReactiveOAuth2ClientWebSecurityAutoConfiguration:
      Did not match:
         - @ConditionalOnClass did not find required class 'reactor.core.publisher.Flux' (OnClassCondition)

   ReactiveOAuth2ResourceServerAutoConfiguration:
      Did not match:
         - @ConditionalOnWebApplication did not find reactive web application classes (OnWebApplicationCondition)

   ReactiveSecurityAutoConfiguration:
      Did not match:
         - @ConditionalOnClass did not find required class 'reactor.core.publisher.Flux' (OnClassCondition)

   ReactiveUserDetailsServiceAutoConfiguration:
      Did not match:
         - AnyNestedCondition 0 matched 2 did not; NestedCondition on ReactiveUserDetailsServiceAutoConfiguration.RSocketEnabledOrReactiveWebApplication.ReactiveWebApplicationCondition did not find reactive web application classes; NestedCondition on ReactiveUserDetailsServiceAutoConfiguration.RSocketEnabledOrReactiveWebApplication.RSocketSecurityEnabledCondition @ConditionalOnBean (types: org.springframework.messaging.rsocket.annotation.support.RSocketMessageHandler; SearchStrategy: all) did not find any beans of type org.springframework.messaging.rsocket.annotation.support.RSocketMessageHandler (ReactiveUserDetailsServiceAutoConfiguration.RSocketEnabledOrReactiveWebApplication)
      Matched:
         - @ConditionalOnClass found required class 'org.springframework.security.authentication.ReactiveAuthenticationManager' (OnClassCondition)
         - AnyNestedCondition 1 matched 2 did not; NestedCondition on ReactiveUserDetailsServiceAutoConfiguration.MissingAlternativeOrUserPropertiesConfigured.PasswordConfigured @ConditionalOnProperty (spring.security.user.password) did not find property 'spring.security.user.password'; NestedCondition on ReactiveUserDetailsServiceAutoConfiguration.MissingAlternativeOrUserPropertiesConfigured.NameConfigured @ConditionalOnProperty (spring.security.user.name) did not find property 'spring.security.user.name'; NestedCondition on ReactiveUserDetailsServiceAutoConfiguration.MissingAlternativeOrUserPropertiesConfigured.MissingAlternative @ConditionalOnMissingClass did not find unwanted classes 'org.springframework.security.oauth2.client.registration.ClientRegistrationRepository', 'org.springframework.security.oauth2.server.resource.introspection.ReactiveOpaqueTokenIntrospector' (ReactiveUserDetailsServiceAutoConfiguration.MissingAlternativeOrUserPropertiesConfigured)

   ReactiveWebServerFactoryAutoConfiguration:
      Did not match:
         - @ConditionalOnWebApplication did not find reactive web application classes (OnWebApplicationCondition)

   ReactorAutoConfiguration:
      Did not match:
         - @ConditionalOnClass did not find required class 'reactor.core.publisher.Hooks' (OnClassCondition)

   RedisAutoConfiguration:
      Did not match:
         - @ConditionalOnClass did not find required class 'org.springframework.data.redis.core.RedisOperations' (OnClassCondition)

   RedisCacheConfiguration:
      Did not match:
         - @ConditionalOnClass did not find required class 'org.springframework.data.redis.connection.RedisConnectionFactory' (OnClassCondition)

   RedisReactiveAutoConfiguration:
      Did not match:
         - @ConditionalOnClass did not find required class 'reactor.core.publisher.Flux' (OnClassCondition)

   RedisRepositoriesAutoConfiguration:
      Did not match:
         - @ConditionalOnClass did not find required class 'org.springframework.data.redis.repository.configuration.EnableRedisRepositories' (OnClassCondition)

   RemoteDevToolsAutoConfiguration:
      Did not match:
         - @ConditionalOnProperty (spring.devtools.remote.secret) did not find property 'spring.devtools.remote.secret' (OnPropertyCondition)
      Matched:
         - @ConditionalOnClass found required classes 'jakarta.servlet.Filter', 'org.springframework.http.server.ServerHttpRequest' (OnClassCondition)

   RepositoryRestMvcAutoConfiguration:
      Did not match:
         - @ConditionalOnClass did not find required class 'org.springframework.data.rest.webmvc.config.RepositoryRestMvcConfiguration' (OnClassCondition)

   Saml2RelyingPartyAutoConfiguration:
      Did not match:
         - @ConditionalOnClass did not find required class 'org.springframework.security.saml2.provider.service.registration.RelyingPartyRegistrationRepository' (OnClassCondition)

   SecurityDataConfiguration:
      Did not match:
         - @ConditionalOnClass did not find required class 'org.springframework.security.data.repository.query.SecurityEvaluationContextExtension' (OnClassCondition)

   SendGridAutoConfiguration:
      Did not match:
         - @ConditionalOnClass did not find required class 'com.sendgrid.SendGrid' (OnClassCondition)

   ServletWebServerFactoryAutoConfiguration.ForwardedHeaderFilterConfiguration:
      Did not match:
         - @ConditionalOnProperty (server.forward-headers-strategy=framework) did not find property 'server.forward-headers-strategy' (OnPropertyCondition)

   ServletWebServerFactoryConfiguration.EmbeddedJetty:
      Did not match:
         - @ConditionalOnClass did not find required classes 'org.eclipse.jetty.server.Server', 'org.eclipse.jetty.util.Loader', 'org.eclipse.jetty.ee10.webapp.WebAppContext' (OnClassCondition)

   ServletWebServerFactoryConfiguration.EmbeddedUndertow:
      Did not match:
         - @ConditionalOnClass did not find required classes 'io.undertow.Undertow', 'org.xnio.SslClientAuthMode' (OnClassCondition)

   SessionAutoConfiguration:
      Did not match:
         - @ConditionalOnClass did not find required class 'org.springframework.session.Session' (OnClassCondition)

   TaskExecutorConfigurations.SimpleAsyncTaskExecutorBuilderConfiguration#simpleAsyncTaskExecutorBuilderVirtualThreads:
      Did not match:
         - @ConditionalOnMissingBean (types: org.springframework.boot.task.SimpleAsyncTaskExecutorBuilder; SearchStrategy: all) found beans of type 'org.springframework.boot.task.SimpleAsyncTaskExecutorBuilder' simpleAsyncTaskExecutorBuilder (OnBeanCondition)

   TaskExecutorConfigurations.TaskExecutorConfiguration#applicationTaskExecutorVirtualThreads:
      Did not match:
         - @ConditionalOnThreading did not find VIRTUAL (OnThreadingCondition)

   TaskSchedulingAutoConfiguration#scheduledBeanLazyInitializationExcludeFilter:
      Did not match:
         - @ConditionalOnBean (names: org.springframework.context.annotation.internalScheduledAnnotationProcessor; SearchStrategy: all) did not find any beans named org.springframework.context.annotation.internalScheduledAnnotationProcessor (OnBeanCondition)

   TaskSchedulingConfigurations.SimpleAsyncTaskSchedulerBuilderConfiguration#simpleAsyncTaskSchedulerBuilderVirtualThreads:
      Did not match:
         - @ConditionalOnMissingBean (types: org.springframework.boot.task.SimpleAsyncTaskSchedulerBuilder; SearchStrategy: all) found beans of type 'org.springframework.boot.task.SimpleAsyncTaskSchedulerBuilder' simpleAsyncTaskSchedulerBuilder (OnBeanCondition)

   TaskSchedulingConfigurations.TaskSchedulerConfiguration:
      Did not match:
         - @ConditionalOnBean (names: org.springframework.context.annotation.internalScheduledAnnotationProcessor; SearchStrategy: all) did not find any beans named org.springframework.context.annotation.internalScheduledAnnotationProcessor (OnBeanCondition)

   ThymeleafAutoConfiguration:
      Did not match:
         - @ConditionalOnClass did not find required class 'org.thymeleaf.spring6.SpringTemplateEngine' (OnClassCondition)

   TransactionAutoConfiguration#transactionalOperator:
      Did not match:
         - @ConditionalOnSingleCandidate (types: org.springframework.transaction.ReactiveTransactionManager; SearchStrategy: all) did not find any beans (OnBeanCondition)

   TransactionAutoConfiguration.AspectJTransactionManagementConfiguration:
      Did not match:
         - @ConditionalOnBean (types: org.springframework.transaction.aspectj.AbstractTransactionAspect; SearchStrategy: all) did not find any beans of type org.springframework.transaction.aspectj.AbstractTransactionAspect (OnBeanCondition)

   TransactionAutoConfiguration.EnableTransactionManagementConfiguration.JdkDynamicAutoProxyConfiguration:
      Did not match:
         - @ConditionalOnBooleanProperty (spring.aop.proxy-target-class=false) did not find property 'spring.aop.proxy-target-class' (OnPropertyCondition)

   WebClientAutoConfiguration:
      Did not match:
         - @ConditionalOnClass did not find required class 'org.springframework.web.reactive.function.client.WebClient' (OnClassCondition)

   WebFluxAutoConfiguration:
      Did not match:
         - @ConditionalOnClass did not find required class 'org.springframework.web.reactive.config.WebFluxConfigurer' (OnClassCondition)

   WebMvcAutoConfiguration#hiddenHttpMethodFilter:
      Did not match:
         - @ConditionalOnBooleanProperty (spring.mvc.hiddenmethod.filter.enabled=true) did not find property 'spring.mvc.hiddenmethod.filter.enabled' (OnPropertyCondition)

   WebMvcAutoConfiguration.ProblemDetailsErrorHandlingConfiguration:
      Did not match:
         - @ConditionalOnBooleanProperty (spring.mvc.problemdetails.enabled=true) did not find property 'spring.mvc.problemdetails.enabled' (OnPropertyCondition)

   WebMvcAutoConfiguration.ResourceChainCustomizerConfiguration:
      Did not match:
         - @ConditionalOnEnabledResourceChain did not find class org.webjars.WebJarVersionLocator (OnEnabledResourceChainCondition)

   WebMvcAutoConfiguration.WebMvcAutoConfigurationAdapter#beanNameViewResolver:
      Did not match:
         - @ConditionalOnMissingBean (types: org.springframework.web.servlet.view.BeanNameViewResolver; SearchStrategy: all) found beans of type 'org.springframework.web.servlet.view.BeanNameViewResolver' beanNameViewResolver (OnBeanCondition)

   WebServiceTemplateAutoConfiguration:
      Did not match:
         - @ConditionalOnClass did not find required class 'org.springframework.oxm.Marshaller' (OnClassCondition)

   WebServicesAutoConfiguration:
      Did not match:
         - @ConditionalOnClass did not find required class 'org.springframework.ws.transport.http.MessageDispatcherServlet' (OnClassCondition)

   WebSessionIdResolverAutoConfiguration:
      Did not match:
         - @ConditionalOnClass did not find required class 'reactor.core.publisher.Mono' (OnClassCondition)

   WebSocketMessagingAutoConfiguration:
      Did not match:
         - @ConditionalOnClass did not find required class 'org.springframework.web.socket.config.annotation.WebSocketMessageBrokerConfigurer' (OnClassCondition)

   WebSocketReactiveAutoConfiguration:
      Did not match:
         - @ConditionalOnWebApplication did not find reactive web application classes (OnWebApplicationCondition)

   WebSocketServletAutoConfiguration.JettyWebSocketConfiguration:
      Did not match:
         - @ConditionalOnClass did not find required class 'org.eclipse.jetty.ee10.websocket.jakarta.server.config.JakartaWebSocketServletContainerInitializer' (OnClassCondition)

   WebSocketServletAutoConfiguration.UndertowWebSocketConfiguration:
      Did not match:
         - @ConditionalOnClass did not find required class 'io.undertow.websockets.jsr.Bootstrap' (OnClassCondition)

   XADataSourceAutoConfiguration:
      Did not match:
         - @ConditionalOnBean (types: org.springframework.boot.jdbc.XADataSourceWrapper; SearchStrategy: all) did not find any beans of type org.springframework.boot.jdbc.XADataSourceWrapper (OnBeanCondition)
      Matched:
         - @ConditionalOnClass found required classes 'javax.sql.DataSource', 'jakarta.transaction.TransactionManager', 'org.springframework.jdbc.datasource.embedded.EmbeddedDatabaseType' (OnClassCondition)


Exclusions:
-----------

    None


Unconditional classes:
----------------------

    org.springframework.boot.autoconfigure.context.ConfigurationPropertiesAutoConfiguration

    org.springframework.boot.autoconfigure.ssl.SslAutoConfiguration

    org.springframework.boot.autoconfigure.context.LifecycleAutoConfiguration

    org.springframework.boot.autoconfigure.context.PropertyPlaceholderAutoConfiguration

    org.springframework.boot.autoconfigure.availability.ApplicationAvailabilityAutoConfiguration

    org.springframework.boot.autoconfigure.info.ProjectInfoAutoConfiguration



2026-02-09 13:19:59 - DEBUG - o.s.b.d.LoggingFailureAnalysisReporter - Application failed to start due to an exception
org.springframework.beans.factory.NoSuchBeanDefinitionException: No bean named 'auditorAwareImpl' available
	at org.springframework.beans.factory.support.DefaultListableBeanFactory.getBeanDefinition(DefaultListableBeanFactory.java:978)
	at org.springframework.beans.factory.support.AbstractBeanFactory.getMergedLocalBeanDefinition(AbstractBeanFactory.java:1381)
	at org.springframework.beans.factory.support.AbstractBeanFactory.getType(AbstractBeanFactory.java:736)
	at org.springframework.beans.factory.support.AbstractBeanFactory.getType(AbstractBeanFactory.java:710)
	at org.springframework.aop.target.AbstractBeanFactoryBasedTargetSource.getTargetClass(AbstractBeanFactoryBasedTargetSource.java:142)
	at org.springframework.aop.framework.AdvisedSupport.getTargetClass(AdvisedSupport.java:183)
	at org.springframework.aop.support.AopUtils.getTargetClass(AopUtils.java:127)
	at org.springframework.aop.framework.AbstractAdvisingBeanPostProcessor.postProcessAfterInitialization(AbstractAdvisingBeanPostProcessor.java:95)
	at org.springframework.beans.factory.support.AbstractAutowireCapableBeanFactory.applyBeanPostProcessorsAfterInitialization(AbstractAutowireCapableBeanFactory.java:445)
	at org.springframework.beans.factory.support.AbstractAutowireCapableBeanFactory.initializeBean(AbstractAutowireCapableBeanFactory.java:1829)
	at org.springframework.beans.factory.support.AbstractAutowireCapableBeanFactory.doCreateBean(AbstractAutowireCapableBeanFactory.java:607)
	at org.springframework.beans.factory.support.AbstractAutowireCapableBeanFactory.createBean(AbstractAutowireCapableBeanFactory.java:529)
	at org.springframework.beans.factory.support.BeanDefinitionValueResolver.resolveInnerBeanValue(BeanDefinitionValueResolver.java:407)
	at org.springframework.beans.factory.support.BeanDefinitionValueResolver.lambda$resolveValueIfNecessary$1(BeanDefinitionValueResolver.java:153)
	at org.springframework.beans.factory.support.BeanDefinitionValueResolver.resolveInnerBean(BeanDefinitionValueResolver.java:262)
	at org.springframework.beans.factory.support.BeanDefinitionValueResolver.resolveValueIfNecessary(BeanDefinitionValueResolver.java:152)
	at org.springframework.beans.factory.support.AbstractAutowireCapableBeanFactory.applyPropertyValues(AbstractAutowireCapableBeanFactory.java:1725)
	at org.springframework.beans.factory.support.AbstractAutowireCapableBeanFactory.populateBean(AbstractAutowireCapableBeanFactory.java:1474)
	at org.springframework.beans.factory.support.AbstractAutowireCapableBeanFactory.doCreateBean(AbstractAutowireCapableBeanFactory.java:606)
	at org.springframework.beans.factory.support.AbstractAutowireCapableBeanFactory.createBean(AbstractAutowireCapableBeanFactory.java:529)
	at org.springframework.beans.factory.support.AbstractBeanFactory.lambda$doGetBean$0(AbstractBeanFactory.java:339)
	at org.springframework.beans.factory.support.DefaultSingletonBeanRegistry.getSingleton(DefaultSingletonBeanRegistry.java:373)
	at org.springframework.beans.factory.support.AbstractBeanFactory.doGetBean(AbstractBeanFactory.java:337)
	at org.springframework.beans.factory.support.AbstractBeanFactory.getBean(AbstractBeanFactory.java:202)
	at org.springframework.beans.factory.support.DefaultListableBeanFactory.instantiateSingleton(DefaultListableBeanFactory.java:1228)
	at org.springframework.beans.factory.support.DefaultListableBeanFactory.preInstantiateSingleton(DefaultListableBeanFactory.java:1194)
	at org.springframework.beans.factory.support.DefaultListableBeanFactory.preInstantiateSingletons(DefaultListableBeanFactory.java:1130)
	at org.springframework.context.support.AbstractApplicationContext.finishBeanFactoryInitialization(AbstractApplicationContext.java:990)
	at org.springframework.context.support.AbstractApplicationContext.refresh(AbstractApplicationContext.java:627)
	at org.springframework.boot.web.servlet.context.ServletWebServerApplicationContext.refresh(ServletWebServerApplicationContext.java:146)
	at org.springframework.boot.SpringApplication.refresh(SpringApplication.java:752)
	at org.springframework.boot.SpringApplication.refreshContext(SpringApplication.java:439)
	at org.springframework.boot.SpringApplication.run(SpringApplication.java:318)
	at org.springframework.boot.SpringApplication.run(SpringApplication.java:1361)
	at org.springframework.boot.SpringApplication.run(SpringApplication.java:1350)
	at com.enterpriseflow.EnterpriseflowApplication.main(EnterpriseflowApplication.java:10)
	at java.base/jdk.internal.reflect.NativeMethodAccessorImpl.invoke0(Native Method)
	at java.base/jdk.internal.reflect.NativeMethodAccessorImpl.invoke(NativeMethodAccessorImpl.java:77)
	at java.base/jdk.internal.reflect.DelegatingMethodAccessorImpl.invoke(DelegatingMethodAccessorImpl.java:43)
	at java.base/java.lang.reflect.Method.invoke(Method.java:568)
	at org.springframework.boot.devtools.restart.RestartLauncher.run(RestartLauncher.java:50)
2026-02-09 13:19:59 - ERROR - o.s.b.d.LoggingFailureAnalysisReporter - 

***************************
APPLICATION FAILED TO START
***************************

Description:

A component required a bean named 'auditorAwareImpl' that could not be found.


Action:

Consider defining a bean named 'auditorAwareImpl' in your configuration.

2026-02-09 13:30:34 - DEBUG - org.jboss.logging - Logging Provider: org.jboss.logging.Slf4jLoggerProvider found via system property
2026-02-09 13:30:34 - INFO - o.h.validator.internal.util.Version - HV000001: Hibernate Validator 8.0.3.Final
2026-02-09 13:30:34 - DEBUG - o.h.v.i.x.config.ValidationXmlParser - Trying to load META-INF/validation.xml for XML based Validator configuration.
2026-02-09 13:30:34 - DEBUG - o.h.v.i.x.c.ResourceLoaderHelper - Trying to load META-INF/validation.xml via TCCL
2026-02-09 13:30:34 - DEBUG - o.h.v.i.x.c.ResourceLoaderHelper - Trying to load META-INF/validation.xml via Hibernate Validator's class loader
2026-02-09 13:30:34 - DEBUG - o.h.v.i.x.config.ValidationXmlParser - No META-INF/validation.xml found. Using annotation based configuration only.
2026-02-09 13:30:34 - DEBUG - sun.rmi.transport.tcp - RMI TCP Connection(2)-127.0.0.1: (port 61316) op = 82
2026-02-09 13:30:34 - DEBUG - sun.rmi.transport.tcp - RMI TCP Connection(2)-127.0.0.1: (port 61316) op = 80
2026-02-09 13:30:34 - DEBUG - sun.rmi.loader - RMI TCP Connection(2)-127.0.0.1: name = "javax.management.ObjectName", codebase = ""
2026-02-09 13:30:34 - DEBUG - javax.management.remote.rmi - connectionId=rmi://127.0.0.1  1, name=org.springframework.boot:type=Admin,name=SpringApplication, attribute=Ready
2026-02-09 13:30:34 - DEBUG - o.h.v.i.e.r.TraversableResolvers - Found jakarta.persistence.Persistence on classpath containing 'getPersistenceUtil'. Assuming JPA 2 environment. Trying to instantiate JPA aware TraversableResolver
2026-02-09 13:30:34 - DEBUG - sun.rmi.server.call - RMI TCP Connection(2)-127.0.0.1: [127.0.0.1] exception: 
javax.management.InstanceNotFoundException: org.springframework.boot:type=Admin,name=SpringApplication
	at java.management/com.sun.jmx.interceptor.DefaultMBeanServerInterceptor.getMBean(DefaultMBeanServerInterceptor.java:1088)
	at java.management/com.sun.jmx.interceptor.DefaultMBeanServerInterceptor.getAttribute(DefaultMBeanServerInterceptor.java:640)
	at java.management/com.sun.jmx.mbeanserver.JmxMBeanServer.getAttribute(JmxMBeanServer.java:679)
	at java.management.rmi/javax.management.remote.rmi.RMIConnectionImpl.doOperation(RMIConnectionImpl.java:1449)
	at java.management.rmi/javax.management.remote.rmi.RMIConnectionImpl$PrivilegedOperation.run(RMIConnectionImpl.java:1310)
	at java.management.rmi/javax.management.remote.rmi.RMIConnectionImpl.doPrivilegedOperation(RMIConnectionImpl.java:1405)
	at java.management.rmi/javax.management.remote.rmi.RMIConnectionImpl.getAttribute(RMIConnectionImpl.java:639)
	at java.base/jdk.internal.reflect.NativeMethodAccessorImpl.invoke0(Native Method)
	at java.base/jdk.internal.reflect.NativeMethodAccessorImpl.invoke(NativeMethodAccessorImpl.java:77)
	at java.base/jdk.internal.reflect.DelegatingMethodAccessorImpl.invoke(DelegatingMethodAccessorImpl.java:43)
	at java.base/java.lang.reflect.Method.invoke(Method.java:568)
	at java.rmi/sun.rmi.server.UnicastServerRef.dispatch(UnicastServerRef.java:360)
	at java.rmi/sun.rmi.transport.Transport$1.run(Transport.java:200)
	at java.rmi/sun.rmi.transport.Transport$1.run(Transport.java:197)
	at java.base/java.security.AccessController.doPrivileged(AccessController.java:712)
	at java.rmi/sun.rmi.transport.Transport.serviceCall(Transport.java:196)
	at java.rmi/sun.rmi.transport.tcp.TCPTransport.handleMessages(TCPTransport.java:587)
	at java.rmi/sun.rmi.transport.tcp.TCPTransport$ConnectionHandler.run0(TCPTransport.java:828)
	at java.rmi/sun.rmi.transport.tcp.TCPTransport$ConnectionHandler.lambda$run$0(TCPTransport.java:705)
	at java.base/java.security.AccessController.doPrivileged(AccessController.java:399)
	at java.rmi/sun.rmi.transport.tcp.TCPTransport$ConnectionHandler.run(TCPTransport.java:704)
	at java.base/java.util.concurrent.ThreadPoolExecutor.runWorker(ThreadPoolExecutor.java:1136)
	at java.base/java.util.concurrent.ThreadPoolExecutor$Worker.run(ThreadPoolExecutor.java:635)
	at java.base/java.lang.Thread.run(Thread.java:842)
2026-02-09 13:30:34 - DEBUG - o.h.v.i.e.r.TraversableResolvers - Instantiated JPA aware TraversableResolver of type org.hibernate.validator.internal.engine.resolver.JPATraversableResolver.
2026-02-09 13:30:34 - DEBUG - o.h.v.m.ResourceBundleMessageInterpolator - Loaded expression factory via original TCCL
2026-02-09 13:30:34 - INFO - c.e.EnterpriseflowApplication - Starting EnterpriseflowApplication using Java 17.0.12 with PID 12988 (F:\projects2025\EnterpriseFlow\enterpriseflow\target\classes started by kalim in F:\projects2025\EnterpriseFlow\enterpriseflow)
2026-02-09 13:30:34 - DEBUG - c.e.EnterpriseflowApplication - Running with Spring Boot v3.5.10, Spring v6.2.15
2026-02-09 13:30:34 - INFO - c.e.EnterpriseflowApplication - The following 1 profile is active: "dev"
2026-02-09 13:30:34 - DEBUG - o.s.boot.SpringApplication - Loading source class com.enterpriseflow.EnterpriseflowApplication
2026-02-09 13:30:35 - DEBUG - o.s.b.d.restart.ChangeableUrls - Matching URLs for reloading : [file:/F:/projects2025/EnterpriseFlow/enterpriseflow/target/classes/]
2026-02-09 13:30:35 - DEBUG - o.s.b.d.settings.DevToolsSettings - Included patterns for restart : []
2026-02-09 13:30:35 - DEBUG - o.s.b.d.settings.DevToolsSettings - Excluded patterns for restart : [/spring-boot-starter-[\w-]+/, /spring-boot/(bin|build|out)/, /spring-boot-starter/(bin|build|out)/, /spring-boot-devtools/(bin|build|out)/, /spring-boot-actuator/(bin|build|out)/, /spring-boot-autoconfigure/(bin|build|out)/]
2026-02-09 13:30:35 - INFO - o.s.b.d.e.DevToolsPropertyDefaultsPostProcessor - Devtools property defaults active! Set 'spring.devtools.add-properties' to 'false' to disable
2026-02-09 13:30:35 - INFO - o.s.b.d.e.DevToolsPropertyDefaultsPostProcessor - For additional web related logging consider setting the 'logging.level.web' property to 'DEBUG'
2026-02-09 13:30:35 - DEBUG - o.s.b.w.s.c.AnnotationConfigServletWebServerApplicationContext - Refreshing org.springframework.boot.web.servlet.context.AnnotationConfigServletWebServerApplicationContext@4ca55f3f
2026-02-09 13:30:35 - DEBUG - o.s.b.f.s.DefaultListableBeanFactory - Creating shared instance of singleton bean 'org.springframework.context.annotation.internalConfigurationAnnotationProcessor'
2026-02-09 13:30:35 - DEBUG - o.h.v.i.e.ValidatorFactoryConfigurationHelper - HV000252: Using org.hibernate.validator.internal.engine.DefaultPropertyNodeNameProvider as property node name provider.
2026-02-09 13:30:35 - DEBUG - o.s.b.f.s.DefaultListableBeanFactory - Creating shared instance of singleton bean 'org.springframework.boot.autoconfigure.internalCachingMetadataReaderFactory'
2026-02-09 13:30:35 - DEBUG - o.h.v.i.e.ValidatorFactoryConfigurationHelper - HV000234: Using org.hibernate.validator.messageinterpolation.ResourceBundleMessageInterpolator as ValidatorFactory-scoped message interpolator.
2026-02-09 13:30:35 - DEBUG - o.h.v.i.e.ValidatorFactoryConfigurationHelper - HV000234: Using org.hibernate.validator.internal.engine.resolver.JPATraversableResolver as ValidatorFactory-scoped traversable resolver.
2026-02-09 13:30:35 - DEBUG - o.h.v.i.e.ValidatorFactoryConfigurationHelper - HV000234: Using org.hibernate.validator.internal.util.ExecutableParameterNameProvider as ValidatorFactory-scoped parameter name provider.
2026-02-09 13:30:35 - DEBUG - o.h.v.i.e.ValidatorFactoryConfigurationHelper - HV000234: Using org.hibernate.validator.internal.engine.DefaultClockProvider as ValidatorFactory-scoped clock provider.
2026-02-09 13:30:35 - DEBUG - o.h.v.i.e.ValidatorFactoryConfigurationHelper - HV000234: Using org.hibernate.validator.internal.engine.scripting.DefaultScriptEvaluatorFactory as ValidatorFactory-scoped script evaluator factory.
2026-02-09 13:30:35 - DEBUG - o.s.c.a.ClassPathBeanDefinitionScanner - Identified candidate component class: file [F:\projects2025\EnterpriseFlow\enterpriseflow\target\classes\com\enterpriseflow\audit\AuditConfig.class]
2026-02-09 13:30:35 - DEBUG - o.s.c.a.ClassPathBeanDefinitionScanner - Identified candidate component class: file [F:\projects2025\EnterpriseFlow\enterpriseflow\target\classes\com\enterpriseflow\audit\AuditorAwareImpl.class]
2026-02-09 13:30:35 - DEBUG - sun.rmi.transport.tcp - RMI TCP Connection(2)-127.0.0.1: (port 61316) op = 82
2026-02-09 13:30:35 - DEBUG - sun.rmi.transport.tcp - RMI TCP Connection(2)-127.0.0.1: (port 61316) op = 80
2026-02-09 13:30:35 - DEBUG - sun.rmi.loader - RMI TCP Connection(2)-127.0.0.1: name = "javax.management.ObjectName", codebase = ""
2026-02-09 13:30:35 - DEBUG - javax.management.remote.rmi - connectionId=rmi://127.0.0.1  1, name=org.springframework.boot:type=Admin,name=SpringApplication, attribute=Ready
2026-02-09 13:30:35 - DEBUG - sun.rmi.server.call - RMI TCP Connection(2)-127.0.0.1: [127.0.0.1] exception: 
javax.management.InstanceNotFoundException: org.springframework.boot:type=Admin,name=SpringApplication
	at java.management/com.sun.jmx.interceptor.DefaultMBeanServerInterceptor.getMBean(DefaultMBeanServerInterceptor.java:1088)
	at java.management/com.sun.jmx.interceptor.DefaultMBeanServerInterceptor.getAttribute(DefaultMBeanServerInterceptor.java:640)
	at java.management/com.sun.jmx.mbeanserver.JmxMBeanServer.getAttribute(JmxMBeanServer.java:679)
	at java.management.rmi/javax.management.remote.rmi.RMIConnectionImpl.doOperation(RMIConnectionImpl.java:1449)
	at java.management.rmi/javax.management.remote.rmi.RMIConnectionImpl$PrivilegedOperation.run(RMIConnectionImpl.java:1310)
	at java.management.rmi/javax.management.remote.rmi.RMIConnectionImpl.doPrivilegedOperation(RMIConnectionImpl.java:1405)
	at java.management.rmi/javax.management.remote.rmi.RMIConnectionImpl.getAttribute(RMIConnectionImpl.java:639)
	at java.base/jdk.internal.reflect.NativeMethodAccessorImpl.invoke0(Native Method)
	at java.base/jdk.internal.reflect.NativeMethodAccessorImpl.invoke(NativeMethodAccessorImpl.java:77)
	at java.base/jdk.internal.reflect.DelegatingMethodAccessorImpl.invoke(DelegatingMethodAccessorImpl.java:43)
	at java.base/java.lang.reflect.Method.invoke(Method.java:568)
	at java.rmi/sun.rmi.server.UnicastServerRef.dispatch(UnicastServerRef.java:360)
	at java.rmi/sun.rmi.transport.Transport$1.run(Transport.java:200)
	at java.rmi/sun.rmi.transport.Transport$1.run(Transport.java:197)
	at java.base/java.security.AccessController.doPrivileged(AccessController.java:712)
	at java.rmi/sun.rmi.transport.Transport.serviceCall(Transport.java:196)
	at java.rmi/sun.rmi.transport.tcp.TCPTransport.handleMessages(TCPTransport.java:587)
	at java.rmi/sun.rmi.transport.tcp.TCPTransport$ConnectionHandler.run0(TCPTransport.java:828)
	at java.rmi/sun.rmi.transport.tcp.TCPTransport$ConnectionHandler.lambda$run$0(TCPTransport.java:705)
	at java.base/java.security.AccessController.doPrivileged(AccessController.java:399)
	at java.rmi/sun.rmi.transport.tcp.TCPTransport$ConnectionHandler.run(TCPTransport.java:704)
	at java.base/java.util.concurrent.ThreadPoolExecutor.runWorker(ThreadPoolExecutor.java:1136)
	at java.base/java.util.concurrent.ThreadPoolExecutor$Worker.run(ThreadPoolExecutor.java:635)
	at java.base/java.lang.Thread.run(Thread.java:842)
2026-02-09 13:30:35 - DEBUG - o.s.c.a.ClassPathBeanDefinitionScanner - Identified candidate component class: file [F:\projects2025\EnterpriseFlow\enterpriseflow\target\classes\com\enterpriseflow\exception\GlobalExceptionHandler.class]
2026-02-09 13:30:35 - DEBUG - sun.rmi.transport.tcp - RMI TCP Connection(2)-127.0.0.1: (port 61316) op = 82
2026-02-09 13:30:35 - DEBUG - sun.rmi.transport.tcp - RMI TCP Connection(2)-127.0.0.1: (port 61316) op = 80
2026-02-09 13:30:35 - DEBUG - sun.rmi.loader - RMI TCP Connection(2)-127.0.0.1: name = "javax.management.ObjectName", codebase = ""
2026-02-09 13:30:35 - DEBUG - javax.management.remote.rmi - connectionId=rmi://127.0.0.1  1, name=org.springframework.boot:type=Admin,name=SpringApplication, attribute=Ready
2026-02-09 13:30:35 - DEBUG - sun.rmi.server.call - RMI TCP Connection(2)-127.0.0.1: [127.0.0.1] exception: 
javax.management.InstanceNotFoundException: org.springframework.boot:type=Admin,name=SpringApplication
	at java.management/com.sun.jmx.interceptor.DefaultMBeanServerInterceptor.getMBean(DefaultMBeanServerInterceptor.java:1088)
	at java.management/com.sun.jmx.interceptor.DefaultMBeanServerInterceptor.getAttribute(DefaultMBeanServerInterceptor.java:640)
	at java.management/com.sun.jmx.mbeanserver.JmxMBeanServer.getAttribute(JmxMBeanServer.java:679)
	at java.management.rmi/javax.management.remote.rmi.RMIConnectionImpl.doOperation(RMIConnectionImpl.java:1449)
	at java.management.rmi/javax.management.remote.rmi.RMIConnectionImpl$PrivilegedOperation.run(RMIConnectionImpl.java:1310)
	at java.management.rmi/javax.management.remote.rmi.RMIConnectionImpl.doPrivilegedOperation(RMIConnectionImpl.java:1405)
	at java.management.rmi/javax.management.remote.rmi.RMIConnectionImpl.getAttribute(RMIConnectionImpl.java:639)
	at java.base/jdk.internal.reflect.NativeMethodAccessorImpl.invoke0(Native Method)
	at java.base/jdk.internal.reflect.NativeMethodAccessorImpl.invoke(NativeMethodAccessorImpl.java:77)
	at java.base/jdk.internal.reflect.DelegatingMethodAccessorImpl.invoke(DelegatingMethodAccessorImpl.java:43)
	at java.base/java.lang.reflect.Method.invoke(Method.java:568)
	at java.rmi/sun.rmi.server.UnicastServerRef.dispatch(UnicastServerRef.java:360)
	at java.rmi/sun.rmi.transport.Transport$1.run(Transport.java:200)
	at java.rmi/sun.rmi.transport.Transport$1.run(Transport.java:197)
	at java.base/java.security.AccessController.doPrivileged(AccessController.java:712)
	at java.rmi/sun.rmi.transport.Transport.serviceCall(Transport.java:196)
	at java.rmi/sun.rmi.transport.tcp.TCPTransport.handleMessages(TCPTransport.java:587)
	at java.rmi/sun.rmi.transport.tcp.TCPTransport$ConnectionHandler.run0(TCPTransport.java:828)
	at java.rmi/sun.rmi.transport.tcp.TCPTransport$ConnectionHandler.lambda$run$0(TCPTransport.java:705)
	at java.base/java.security.AccessController.doPrivileged(AccessController.java:399)
	at java.rmi/sun.rmi.transport.tcp.TCPTransport$ConnectionHandler.run(TCPTransport.java:704)
	at java.base/java.util.concurrent.ThreadPoolExecutor.runWorker(ThreadPoolExecutor.java:1136)
	at java.base/java.util.concurrent.ThreadPoolExecutor$Worker.run(ThreadPoolExecutor.java:635)
	at java.base/java.lang.Thread.run(Thread.java:842)
2026-02-09 13:30:36 - DEBUG - sun.rmi.transport.tcp - RMI TCP Connection(2)-127.0.0.1: (port 61316) op = 82
2026-02-09 13:30:36 - DEBUG - sun.rmi.transport.tcp - RMI TCP Connection(2)-127.0.0.1: (port 61316) op = 80
2026-02-09 13:30:36 - DEBUG - sun.rmi.loader - RMI TCP Connection(2)-127.0.0.1: name = "javax.management.ObjectName", codebase = ""
2026-02-09 13:30:36 - DEBUG - javax.management.remote.rmi - connectionId=rmi://127.0.0.1  1, name=org.springframework.boot:type=Admin,name=SpringApplication, attribute=Ready
2026-02-09 13:30:36 - DEBUG - sun.rmi.server.call - RMI TCP Connection(2)-127.0.0.1: [127.0.0.1] exception: 
javax.management.InstanceNotFoundException: org.springframework.boot:type=Admin,name=SpringApplication
	at java.management/com.sun.jmx.interceptor.DefaultMBeanServerInterceptor.getMBean(DefaultMBeanServerInterceptor.java:1088)
	at java.management/com.sun.jmx.interceptor.DefaultMBeanServerInterceptor.getAttribute(DefaultMBeanServerInterceptor.java:640)
	at java.management/com.sun.jmx.mbeanserver.JmxMBeanServer.getAttribute(JmxMBeanServer.java:679)
	at java.management.rmi/javax.management.remote.rmi.RMIConnectionImpl.doOperation(RMIConnectionImpl.java:1449)
	at java.management.rmi/javax.management.remote.rmi.RMIConnectionImpl$PrivilegedOperation.run(RMIConnectionImpl.java:1310)
	at java.management.rmi/javax.management.remote.rmi.RMIConnectionImpl.doPrivilegedOperation(RMIConnectionImpl.java:1405)
	at java.management.rmi/javax.management.remote.rmi.RMIConnectionImpl.getAttribute(RMIConnectionImpl.java:639)
	at java.base/jdk.internal.reflect.NativeMethodAccessorImpl.invoke0(Native Method)
	at java.base/jdk.internal.reflect.NativeMethodAccessorImpl.invoke(NativeMethodAccessorImpl.java:77)
	at java.base/jdk.internal.reflect.DelegatingMethodAccessorImpl.invoke(DelegatingMethodAccessorImpl.java:43)
	at java.base/java.lang.reflect.Method.invoke(Method.java:568)
	at java.rmi/sun.rmi.server.UnicastServerRef.dispatch(UnicastServerRef.java:360)
	at java.rmi/sun.rmi.transport.Transport$1.run(Transport.java:200)
	at java.rmi/sun.rmi.transport.Transport$1.run(Transport.java:197)
	at java.base/java.security.AccessController.doPrivileged(AccessController.java:712)
	at java.rmi/sun.rmi.transport.Transport.serviceCall(Transport.java:196)
	at java.rmi/sun.rmi.transport.tcp.TCPTransport.handleMessages(TCPTransport.java:587)
	at java.rmi/sun.rmi.transport.tcp.TCPTransport$ConnectionHandler.run0(TCPTransport.java:828)
	at java.rmi/sun.rmi.transport.tcp.TCPTransport$ConnectionHandler.lambda$run$0(TCPTransport.java:705)
	at java.base/java.security.AccessController.doPrivileged(AccessController.java:399)
	at java.rmi/sun.rmi.transport.tcp.TCPTransport$ConnectionHandler.run(TCPTransport.java:704)
	at java.base/java.util.concurrent.ThreadPoolExecutor.runWorker(ThreadPoolExecutor.java:1136)
	at java.base/java.util.concurrent.ThreadPoolExecutor$Worker.run(ThreadPoolExecutor.java:635)
	at java.base/java.lang.Thread.run(Thread.java:842)
2026-02-09 13:30:36 - INFO - o.s.d.r.c.RepositoryConfigurationDelegate - Bootstrapping Spring Data JPA repositories in DEFAULT mode.
2026-02-09 13:30:36 - DEBUG - o.s.b.f.s.DefaultListableBeanFactory - Creating shared instance of singleton bean 'org.springframework.boot.autoconfigure.AutoConfigurationPackages'
2026-02-09 13:30:36 - DEBUG - o.s.b.a.AutoConfigurationPackages - @EnableAutoConfiguration was declared on a class in the package 'com.enterpriseflow'. Automatic @Repository and @Entity scanning is enabled.
2026-02-09 13:30:36 - DEBUG - o.s.d.r.c.RepositoryConfigurationDelegate - Scanning for JPA repositories in packages com.enterpriseflow.
2026-02-09 13:30:36 - INFO - o.s.d.r.c.RepositoryConfigurationDelegate - Finished Spring Data repository scanning in 14 ms. Found 0 JPA repository interfaces.
2026-02-09 13:30:36 - DEBUG - sun.rmi.transport.tcp - RMI TCP Connection(2)-127.0.0.1: (port 61316) op = 82
2026-02-09 13:30:36 - DEBUG - sun.rmi.transport.tcp - RMI TCP Connection(2)-127.0.0.1: (port 61316) op = 80
2026-02-09 13:30:36 - DEBUG - sun.rmi.loader - RMI TCP Connection(2)-127.0.0.1: name = "javax.management.ObjectName", codebase = ""
2026-02-09 13:30:36 - DEBUG - javax.management.remote.rmi - connectionId=rmi://127.0.0.1  1, name=org.springframework.boot:type=Admin,name=SpringApplication, attribute=Ready
2026-02-09 13:30:36 - DEBUG - sun.rmi.server.call - RMI TCP Connection(2)-127.0.0.1: [127.0.0.1] exception: 
javax.management.InstanceNotFoundException: org.springframework.boot:type=Admin,name=SpringApplication
	at java.management/com.sun.jmx.interceptor.DefaultMBeanServerInterceptor.getMBean(DefaultMBeanServerInterceptor.java:1088)
	at java.management/com.sun.jmx.interceptor.DefaultMBeanServerInterceptor.getAttribute(DefaultMBeanServerInterceptor.java:640)
	at java.management/com.sun.jmx.mbeanserver.JmxMBeanServer.getAttribute(JmxMBeanServer.java:679)
	at java.management.rmi/javax.management.remote.rmi.RMIConnectionImpl.doOperation(RMIConnectionImpl.java:1449)
	at java.management.rmi/javax.management.remote.rmi.RMIConnectionImpl$PrivilegedOperation.run(RMIConnectionImpl.java:1310)
	at java.management.rmi/javax.management.remote.rmi.RMIConnectionImpl.doPrivilegedOperation(RMIConnectionImpl.java:1405)
	at java.management.rmi/javax.management.remote.rmi.RMIConnectionImpl.getAttribute(RMIConnectionImpl.java:639)
	at java.base/jdk.internal.reflect.NativeMethodAccessorImpl.invoke0(Native Method)
	at java.base/jdk.internal.reflect.NativeMethodAccessorImpl.invoke(NativeMethodAccessorImpl.java:77)
	at java.base/jdk.internal.reflect.DelegatingMethodAccessorImpl.invoke(DelegatingMethodAccessorImpl.java:43)
	at java.base/java.lang.reflect.Method.invoke(Method.java:568)
	at java.rmi/sun.rmi.server.UnicastServerRef.dispatch(UnicastServerRef.java:360)
	at java.rmi/sun.rmi.transport.Transport$1.run(Transport.java:200)
	at java.rmi/sun.rmi.transport.Transport$1.run(Transport.java:197)
	at java.base/java.security.AccessController.doPrivileged(AccessController.java:712)
	at java.rmi/sun.rmi.transport.Transport.serviceCall(Transport.java:196)
	at java.rmi/sun.rmi.transport.tcp.TCPTransport.handleMessages(TCPTransport.java:587)
	at java.rmi/sun.rmi.transport.tcp.TCPTransport$ConnectionHandler.run0(TCPTransport.java:828)
	at java.rmi/sun.rmi.transport.tcp.TCPTransport$ConnectionHandler.lambda$run$0(TCPTransport.java:705)
	at java.base/java.security.AccessController.doPrivileged(AccessController.java:399)
	at java.rmi/sun.rmi.transport.tcp.TCPTransport$ConnectionHandler.run(TCPTransport.java:704)
	at java.base/java.util.concurrent.ThreadPoolExecutor.runWorker(ThreadPoolExecutor.java:1136)
	at java.base/java.util.concurrent.ThreadPoolExecutor$Worker.run(ThreadPoolExecutor.java:635)
	at java.base/java.lang.Thread.run(Thread.java:842)
2026-02-09 13:30:37 - DEBUG - o.s.b.f.s.DefaultListableBeanFactory - Creating shared instance of singleton bean 'springSecurityPathPatternParserBeanDefinitionRegistryPostProcessor'
2026-02-09 13:30:37 - DEBUG - o.s.b.f.s.DefaultListableBeanFactory - Creating shared instance of singleton bean 'springSecurityHandlerMappingIntrospectorBeanDefinitionRegistryPostProcessor'
2026-02-09 13:30:37 - DEBUG - o.s.b.f.s.DefaultListableBeanFactory - Creating shared instance of singleton bean 'propertySourcesPlaceholderConfigurer'
2026-02-09 13:30:37 - DEBUG - o.s.b.f.s.DefaultListableBeanFactory - Creating shared instance of singleton bean 'emBeanDefinitionRegistrarPostProcessor'
2026-02-09 13:30:37 - DEBUG - o.s.b.f.s.DefaultListableBeanFactory - Creating shared instance of singleton bean 'org.springframework.boot.sql.init.dependency.DatabaseInitializationDependencyConfigurer$DependsOnDatabaseInitializationPostProcessor'
2026-02-09 13:30:37 - DEBUG - o.s.b.f.s.DefaultListableBeanFactory - Creating shared instance of singleton bean 'org.springframework.boot.devtools.autoconfigure.DevToolsDataSourceAutoConfiguration$DatabaseShutdownExecutorEntityManagerFactoryDependsOnPostProcessor'
2026-02-09 13:30:37 - DEBUG - o.s.b.f.s.DefaultListableBeanFactory - Creating shared instance of singleton bean 'org.springframework.context.event.internalEventListenerProcessor'
2026-02-09 13:30:37 - DEBUG - o.s.b.f.s.DefaultListableBeanFactory - Creating shared instance of singleton bean 'org.springframework.data.jpa.domain.support.AuditingBeanFactoryPostProcessor'
2026-02-09 13:30:37 - DEBUG - o.s.b.f.s.DefaultListableBeanFactory - Creating shared instance of singleton bean 'bootstrapExecutorAliasPostProcessor'
2026-02-09 13:30:37 - DEBUG - o.s.b.f.s.DefaultListableBeanFactory - Creating shared instance of singleton bean 'preserveErrorControllerTargetClassPostProcessor'
2026-02-09 13:30:37 - DEBUG - o.s.b.f.s.DefaultListableBeanFactory - Creating shared instance of singleton bean 'conversionServicePostProcessor'
2026-02-09 13:30:37 - DEBUG - o.s.b.f.s.DefaultListableBeanFactory - Creating shared instance of singleton bean 'org.springframework.context.event.internalEventListenerFactory'
2026-02-09 13:30:37 - DEBUG - o.s.b.f.s.DefaultListableBeanFactory - Creating shared instance of singleton bean 'org.springframework.transaction.config.internalTransactionalEventListenerFactory'
2026-02-09 13:30:37 - DEBUG - o.s.b.f.s.DefaultListableBeanFactory - Creating shared instance of singleton bean 'org.springframework.context.annotation.internalAutowiredAnnotationProcessor'
2026-02-09 13:30:37 - DEBUG - o.s.b.f.s.DefaultListableBeanFactory - Creating shared instance of singleton bean 'org.springframework.context.annotation.internalCommonAnnotationProcessor'
2026-02-09 13:30:37 - DEBUG - o.s.b.f.s.DefaultListableBeanFactory - Creating shared instance of singleton bean 'org.springframework.context.annotation.internalPersistenceAnnotationProcessor'
2026-02-09 13:30:37 - DEBUG - o.s.b.f.s.DefaultListableBeanFactory - Creating shared instance of singleton bean 'org.springframework.boot.context.properties.ConfigurationPropertiesBindingPostProcessor'
2026-02-09 13:30:37 - DEBUG - o.s.b.f.s.DefaultListableBeanFactory - Creating shared instance of singleton bean 'org.springframework.boot.context.internalConfigurationPropertiesBinder'
2026-02-09 13:30:37 - DEBUG - o.s.b.f.s.DefaultListableBeanFactory - Creating shared instance of singleton bean 'jdbcConnectionDetailsHikariBeanPostProcessor'
2026-02-09 13:30:37 - DEBUG - o.s.b.f.s.DefaultListableBeanFactory - Creating shared instance of singleton bean 'methodValidationPostProcessor'
2026-02-09 13:30:37 - DEBUG - o.s.b.f.s.DefaultListableBeanFactory - Autowiring by type from bean name 'methodValidationPostProcessor' via factory method to bean named 'environment'
2026-02-09 13:30:37 - DEBUG - o.s.b.f.s.DefaultListableBeanFactory - Creating shared instance of singleton bean 'org.springframework.boot.context.properties.EnableConfigurationPropertiesRegistrar.methodValidationExcludeFilter'
2026-02-09 13:30:37 - DEBUG - o.s.b.f.s.DefaultListableBeanFactory - Creating shared instance of singleton bean 'org.springframework.aop.config.internalAutoProxyCreator'
2026-02-09 13:30:37 - DEBUG - o.s.b.f.s.DefaultListableBeanFactory - Creating shared instance of singleton bean 'persistenceExceptionTranslationPostProcessor'
2026-02-09 13:30:37 - DEBUG - o.s.b.f.s.DefaultListableBeanFactory - Autowiring by type from bean name 'persistenceExceptionTranslationPostProcessor' via factory method to bean named 'environment'
2026-02-09 13:30:37 - DEBUG - o.s.b.f.s.DefaultListableBeanFactory - Creating shared instance of singleton bean 'webServerFactoryCustomizerBeanPostProcessor'
2026-02-09 13:30:37 - DEBUG - o.s.b.f.s.DefaultListableBeanFactory - Creating shared instance of singleton bean 'errorPageRegistrarBeanPostProcessor'
2026-02-09 13:30:37 - DEBUG - o.s.b.f.s.DefaultListableBeanFactory - Creating shared instance of singleton bean 'projectingArgumentResolverBeanPostProcessor'
2026-02-09 13:30:37 - DEBUG - o.s.b.f.s.DefaultListableBeanFactory - Creating shared instance of singleton bean 'org.springframework.transaction.config.internalTransactionAdvisor'
2026-02-09 13:30:37 - DEBUG - o.s.b.f.s.DefaultListableBeanFactory - Creating shared instance of singleton bean 'org.springframework.transaction.annotation.ProxyTransactionManagementConfiguration'
2026-02-09 13:30:37 - DEBUG - o.s.a.a.a.ReflectiveAspectJAdvisorFactory - Found AspectJ method: public void org.springframework.beans.factory.aspectj.AbstractDependencyInjectionAspect.ajc$before$org_springframework_beans_factory_aspectj_AbstractDependencyInjectionAspect$1$e854fa65(java.lang.Object)
2026-02-09 13:30:37 - DEBUG - o.s.a.a.a.ReflectiveAspectJAdvisorFactory - Found AspectJ method: public void org.springframework.beans.factory.aspectj.AbstractDependencyInjectionAspect.ajc$afterReturning$org_springframework_beans_factory_aspectj_AbstractDependencyInjectionAspect$2$1ea6722c(java.lang.Object)
2026-02-09 13:30:37 - DEBUG - o.s.a.a.a.ReflectiveAspectJAdvisorFactory - Found AspectJ method: public void org.springframework.beans.factory.aspectj.AbstractDependencyInjectionAspect.ajc$afterReturning$org_springframework_beans_factory_aspectj_AbstractDependencyInjectionAspect$3$6aa27052(java.lang.Object)
2026-02-09 13:30:37 - DEBUG - sun.rmi.transport.tcp - RMI TCP Connection(2)-127.0.0.1: (port 61316) op = 82
2026-02-09 13:30:37 - DEBUG - sun.rmi.transport.tcp - RMI TCP Connection(2)-127.0.0.1: (port 61316) op = 80
2026-02-09 13:30:37 - DEBUG - sun.rmi.loader - RMI TCP Connection(2)-127.0.0.1: name = "javax.management.ObjectName", codebase = ""
2026-02-09 13:30:37 - DEBUG - javax.management.remote.rmi - connectionId=rmi://127.0.0.1  1, name=org.springframework.boot:type=Admin,name=SpringApplication, attribute=Ready
2026-02-09 13:30:37 - DEBUG - sun.rmi.server.call - RMI TCP Connection(2)-127.0.0.1: [127.0.0.1] exception: 
javax.management.InstanceNotFoundException: org.springframework.boot:type=Admin,name=SpringApplication
	at java.management/com.sun.jmx.interceptor.DefaultMBeanServerInterceptor.getMBean(DefaultMBeanServerInterceptor.java:1088)
	at java.management/com.sun.jmx.interceptor.DefaultMBeanServerInterceptor.getAttribute(DefaultMBeanServerInterceptor.java:640)
	at java.management/com.sun.jmx.mbeanserver.JmxMBeanServer.getAttribute(JmxMBeanServer.java:679)
	at java.management.rmi/javax.management.remote.rmi.RMIConnectionImpl.doOperation(RMIConnectionImpl.java:1449)
	at java.management.rmi/javax.management.remote.rmi.RMIConnectionImpl$PrivilegedOperation.run(RMIConnectionImpl.java:1310)
	at java.management.rmi/javax.management.remote.rmi.RMIConnectionImpl.doPrivilegedOperation(RMIConnectionImpl.java:1405)
	at java.management.rmi/javax.management.remote.rmi.RMIConnectionImpl.getAttribute(RMIConnectionImpl.java:639)
	at java.base/jdk.internal.reflect.NativeMethodAccessorImpl.invoke0(Native Method)
	at java.base/jdk.internal.reflect.NativeMethodAccessorImpl.invoke(NativeMethodAccessorImpl.java:77)
	at java.base/jdk.internal.reflect.DelegatingMethodAccessorImpl.invoke(DelegatingMethodAccessorImpl.java:43)
	at java.base/java.lang.reflect.Method.invoke(Method.java:568)
	at java.rmi/sun.rmi.server.UnicastServerRef.dispatch(UnicastServerRef.java:360)
	at java.rmi/sun.rmi.transport.Transport$1.run(Transport.java:200)
	at java.rmi/sun.rmi.transport.Transport$1.run(Transport.java:197)
	at java.base/java.security.AccessController.doPrivileged(AccessController.java:712)
	at java.rmi/sun.rmi.transport.Transport.serviceCall(Transport.java:196)
	at java.rmi/sun.rmi.transport.tcp.TCPTransport.handleMessages(TCPTransport.java:587)
	at java.rmi/sun.rmi.transport.tcp.TCPTransport$ConnectionHandler.run0(TCPTransport.java:828)
	at java.rmi/sun.rmi.transport.tcp.TCPTransport$ConnectionHandler.lambda$run$0(TCPTransport.java:705)
	at java.base/java.security.AccessController.doPrivileged(AccessController.java:399)
	at java.rmi/sun.rmi.transport.tcp.TCPTransport$ConnectionHandler.run(TCPTransport.java:704)
	at java.base/java.util.concurrent.ThreadPoolExecutor.runWorker(ThreadPoolExecutor.java:1136)
	at java.base/java.util.concurrent.ThreadPoolExecutor$Worker.run(ThreadPoolExecutor.java:635)
	at java.base/java.lang.Thread.run(Thread.java:842)
2026-02-09 13:30:37 - DEBUG - o.s.a.a.AspectJExpressionPointcut - Pointcut parser rejected expression [(beanConstruction(bean) && (preConstructionCondition() && inConfigurableBean()))]: java.lang.IllegalArgumentException: error Type referred to is not an annotation type: Configurable
2026-02-09 13:30:37 - DEBUG - o.s.a.a.AspectJExpressionPointcut - Pointcut parser rejected expression [(beanConstruction(bean) && (postConstructionCondition() && inConfigurableBean()))]: java.lang.IllegalArgumentException: error Type referred to is not an annotation type: Configurable
2026-02-09 13:30:37 - DEBUG - o.s.a.a.AspectJExpressionPointcut - Pointcut parser rejected expression [(beanDeserialization(bean) && inConfigurableBean())]: java.lang.IllegalArgumentException: error Type referred to is not an annotation type: Configurable
2026-02-09 13:30:37 - DEBUG - o.s.b.f.s.DefaultListableBeanFactory - Creating shared instance of singleton bean 'transactionAttributeSource'
2026-02-09 13:30:37 - DEBUG - o.s.b.f.s.DefaultListableBeanFactory - Creating shared instance of singleton bean 'transactionInterceptor'
2026-02-09 13:30:37 - DEBUG - o.s.b.f.s.DefaultListableBeanFactory - Autowiring by type from bean name 'transactionInterceptor' via factory method to bean named 'transactionAttributeSource'
2026-02-09 13:30:37 - DEBUG - o.s.b.f.s.DefaultListableBeanFactory - Autowiring by type from bean name 'org.springframework.transaction.config.internalTransactionAdvisor' via factory method to bean named 'transactionAttributeSource'
2026-02-09 13:30:37 - DEBUG - o.s.b.f.s.DefaultListableBeanFactory - Autowiring by type from bean name 'org.springframework.transaction.config.internalTransactionAdvisor' via factory method to bean named 'transactionInterceptor'
2026-02-09 13:30:37 - DEBUG - o.s.u.c.s.UiApplicationContextUtils - Unable to locate ThemeSource with name 'themeSource': using default [org.springframework.ui.context.support.ResourceBundleThemeSource@240b7484]
2026-02-09 13:30:37 - DEBUG - o.s.b.f.s.DefaultListableBeanFactory - Creating shared instance of singleton bean 'tomcatServletWebServerFactory'
2026-02-09 13:30:37 - DEBUG - o.s.b.f.s.DefaultListableBeanFactory - Creating shared instance of singleton bean 'org.springframework.boot.autoconfigure.web.servlet.ServletWebServerFactoryConfiguration$EmbeddedTomcat'
2026-02-09 13:30:37 - DEBUG - o.s.b.f.s.DefaultListableBeanFactory - Creating shared instance of singleton bean 'websocketServletWebServerCustomizer'
2026-02-09 13:30:37 - DEBUG - o.s.b.f.s.DefaultListableBeanFactory - Creating shared instance of singleton bean 'org.springframework.boot.autoconfigure.websocket.servlet.WebSocketServletAutoConfiguration$TomcatWebSocketConfiguration'
2026-02-09 13:30:37 - DEBUG - o.s.b.f.s.DefaultListableBeanFactory - Creating shared instance of singleton bean 'tomcatServletWebServerFactoryCustomizer'
2026-02-09 13:30:37 - DEBUG - o.s.b.f.s.DefaultListableBeanFactory - Creating shared instance of singleton bean 'org.springframework.boot.autoconfigure.web.servlet.ServletWebServerFactoryAutoConfiguration$TomcatConfiguration'
2026-02-09 13:30:37 - DEBUG - o.s.b.f.s.DefaultListableBeanFactory - Creating shared instance of singleton bean 'server-org.springframework.boot.autoconfigure.web.ServerProperties'
2026-02-09 13:30:37 - DEBUG - o.s.b.f.s.DefaultListableBeanFactory - Creating shared instance of singleton bean 'org.springframework.boot.context.properties.BoundConfigurationProperties'
2026-02-09 13:30:37 - DEBUG - o.s.b.f.s.DefaultListableBeanFactory - Autowiring by type from bean name 'tomcatServletWebServerFactoryCustomizer' via factory method to bean named 'server-org.springframework.boot.autoconfigure.web.ServerProperties'
2026-02-09 13:30:37 - DEBUG - o.s.b.f.s.DefaultListableBeanFactory - Creating shared instance of singleton bean 'servletWebServerFactoryCustomizer'
2026-02-09 13:30:37 - DEBUG - o.s.b.f.s.DefaultListableBeanFactory - Creating shared instance of singleton bean 'org.springframework.boot.autoconfigure.web.servlet.ServletWebServerFactoryAutoConfiguration'
2026-02-09 13:30:37 - DEBUG - o.s.b.f.s.DefaultListableBeanFactory - Autowiring by type from bean name 'servletWebServerFactoryCustomizer' via factory method to bean named 'server-org.springframework.boot.autoconfigure.web.ServerProperties'
2026-02-09 13:30:37 - DEBUG - o.s.b.f.s.DefaultListableBeanFactory - Creating shared instance of singleton bean 'sslBundleRegistry'
2026-02-09 13:30:37 - DEBUG - o.s.b.f.s.DefaultListableBeanFactory - Creating shared instance of singleton bean 'org.springframework.boot.autoconfigure.ssl.SslAutoConfiguration'
2026-02-09 13:30:37 - DEBUG - o.s.b.f.s.DefaultListableBeanFactory - Creating shared instance of singleton bean 'spring.ssl-org.springframework.boot.autoconfigure.ssl.SslProperties'
2026-02-09 13:30:37 - DEBUG - o.s.b.f.s.DefaultListableBeanFactory - Autowiring by type from bean name 'org.springframework.boot.autoconfigure.ssl.SslAutoConfiguration' via constructor to bean named 'org.springframework.boot.web.servlet.context.AnnotationConfigServletWebServerApplicationContext@4ca55f3f'
2026-02-09 13:30:37 - DEBUG - o.s.b.f.s.DefaultListableBeanFactory - Autowiring by type from bean name 'org.springframework.boot.autoconfigure.ssl.SslAutoConfiguration' via constructor to bean named 'spring.ssl-org.springframework.boot.autoconfigure.ssl.SslProperties'
2026-02-09 13:30:37 - DEBUG - o.s.b.f.s.DefaultListableBeanFactory - Creating shared instance of singleton bean 'sslPropertiesSslBundleRegistrar'
2026-02-09 13:30:37 - DEBUG - o.s.b.f.s.DefaultListableBeanFactory - Creating shared instance of singleton bean 'fileWatcher'
2026-02-09 13:30:37 - DEBUG - o.s.b.f.s.DefaultListableBeanFactory - Autowiring by type from bean name 'sslPropertiesSslBundleRegistrar' via factory method to bean named 'fileWatcher'
2026-02-09 13:30:37 - DEBUG - o.s.b.f.s.DefaultListableBeanFactory - Creating shared instance of singleton bean 'tomcatWebServerFactoryCustomizer'
2026-02-09 13:30:37 - DEBUG - o.s.b.f.s.DefaultListableBeanFactory - Creating shared instance of singleton bean 'org.springframework.boot.autoconfigure.web.embedded.EmbeddedWebServerFactoryCustomizerAutoConfiguration$TomcatWebServerFactoryCustomizerConfiguration'
2026-02-09 13:30:37 - DEBUG - o.s.b.f.s.DefaultListableBeanFactory - Autowiring by type from bean name 'tomcatWebServerFactoryCustomizer' via factory method to bean named 'environment'
2026-02-09 13:30:37 - DEBUG - o.s.b.f.s.DefaultListableBeanFactory - Autowiring by type from bean name 'tomcatWebServerFactoryCustomizer' via factory method to bean named 'server-org.springframework.boot.autoconfigure.web.ServerProperties'
2026-02-09 13:30:37 - DEBUG - o.s.b.f.s.DefaultListableBeanFactory - Creating shared instance of singleton bean 'localeCharsetMappingsCustomizer'
2026-02-09 13:30:37 - DEBUG - o.s.b.f.s.DefaultListableBeanFactory - Creating shared instance of singleton bean 'org.springframework.boot.autoconfigure.web.servlet.HttpEncodingAutoConfiguration'
2026-02-09 13:30:37 - DEBUG - o.s.b.f.s.DefaultListableBeanFactory - Autowiring by type from bean name 'org.springframework.boot.autoconfigure.web.servlet.HttpEncodingAutoConfiguration' via constructor to bean named 'server-org.springframework.boot.autoconfigure.web.ServerProperties'
2026-02-09 13:30:37 - DEBUG - o.s.b.f.s.DefaultListableBeanFactory - Creating shared instance of singleton bean 'errorPageCustomizer'
2026-02-09 13:30:37 - DEBUG - o.s.b.f.s.DefaultListableBeanFactory - Creating shared instance of singleton bean 'org.springframework.boot.autoconfigure.web.servlet.error.ErrorMvcAutoConfiguration'
2026-02-09 13:30:37 - DEBUG - o.s.b.f.s.DefaultListableBeanFactory - Autowiring by type from bean name 'org.springframework.boot.autoconfigure.web.servlet.error.ErrorMvcAutoConfiguration' via constructor to bean named 'server-org.springframework.boot.autoconfigure.web.ServerProperties'
2026-02-09 13:30:37 - DEBUG - o.s.b.f.s.DefaultListableBeanFactory - Creating shared instance of singleton bean 'dispatcherServletRegistration'
2026-02-09 13:30:37 - DEBUG - o.s.b.f.s.DefaultListableBeanFactory - Creating shared instance of singleton bean 'org.springframework.boot.autoconfigure.web.servlet.DispatcherServletAutoConfiguration$DispatcherServletRegistrationConfiguration'
2026-02-09 13:30:37 - DEBUG - o.s.b.f.s.DefaultListableBeanFactory - Creating shared instance of singleton bean 'dispatcherServlet'
2026-02-09 13:30:37 - DEBUG - o.s.b.f.s.DefaultListableBeanFactory - Creating shared instance of singleton bean 'org.springframework.boot.autoconfigure.web.servlet.DispatcherServletAutoConfiguration$DispatcherServletConfiguration'
2026-02-09 13:30:37 - DEBUG - o.s.b.f.s.DefaultListableBeanFactory - Creating shared instance of singleton bean 'spring.mvc-org.springframework.boot.autoconfigure.web.servlet.WebMvcProperties'
2026-02-09 13:30:37 - DEBUG - o.s.b.f.s.DefaultListableBeanFactory - Autowiring by type from bean name 'dispatcherServlet' via factory method to bean named 'spring.mvc-org.springframework.boot.autoconfigure.web.servlet.WebMvcProperties'
2026-02-09 13:30:37 - DEBUG - o.s.b.f.s.DefaultListableBeanFactory - Autowiring by type from bean name 'dispatcherServletRegistration' via factory method to bean named 'dispatcherServlet'
2026-02-09 13:30:37 - DEBUG - o.s.b.f.s.DefaultListableBeanFactory - Autowiring by type from bean name 'dispatcherServletRegistration' via factory method to bean named 'spring.mvc-org.springframework.boot.autoconfigure.web.servlet.WebMvcProperties'
2026-02-09 13:30:37 - DEBUG - o.s.b.f.s.DefaultListableBeanFactory - Creating shared instance of singleton bean 'multipartConfigElement'
2026-02-09 13:30:37 - DEBUG - o.s.b.f.s.DefaultListableBeanFactory - Creating shared instance of singleton bean 'org.springframework.boot.autoconfigure.web.servlet.MultipartAutoConfiguration'
2026-02-09 13:30:37 - DEBUG - o.s.b.f.s.DefaultListableBeanFactory - Creating shared instance of singleton bean 'spring.servlet.multipart-org.springframework.boot.autoconfigure.web.servlet.MultipartProperties'
2026-02-09 13:30:37 - DEBUG - o.s.b.f.s.DefaultListableBeanFactory - Autowiring by type from bean name 'org.springframework.boot.autoconfigure.web.servlet.MultipartAutoConfiguration' via constructor to bean named 'spring.servlet.multipart-org.springframework.boot.autoconfigure.web.servlet.MultipartProperties'
2026-02-09 13:30:37 - DEBUG - o.s.b.f.s.DefaultListableBeanFactory - Autowiring by type from bean name 'errorPageCustomizer' via factory method to bean named 'dispatcherServletRegistration'
2026-02-09 13:30:37 - DEBUG - o.a.tomcat.util.compat.Jre19Compat - Class not found so assuming code is running on a pre-Java 19 JVM
java.lang.ClassNotFoundException: java.lang.WrongThreadException
	at java.base/jdk.internal.loader.BuiltinClassLoader.loadClass(BuiltinClassLoader.java:641)
	at java.base/jdk.internal.loader.ClassLoaders$AppClassLoader.loadClass(ClassLoaders.java:188)
	at java.base/java.lang.ClassLoader.loadClass(ClassLoader.java:525)
	at java.base/java.lang.Class.forName0(Native Method)
	at java.base/java.lang.Class.forName(Class.java:375)
	at org.apache.tomcat.util.compat.Jre19Compat.<clinit>(Jre19Compat.java:37)
	at org.apache.tomcat.util.compat.JreCompat.<clinit>(JreCompat.java:75)
	at org.apache.catalina.startup.Tomcat.<clinit>(Tomcat.java:1196)
	at org.springframework.boot.web.embedded.tomcat.TomcatServletWebServerFactory.getWebServer(TomcatServletWebServerFactory.java:200)
	at org.springframework.boot.web.servlet.context.ServletWebServerApplicationContext.createWebServer(ServletWebServerApplicationContext.java:193)
	at org.springframework.boot.web.servlet.context.ServletWebServerApplicationContext.onRefresh(ServletWebServerApplicationContext.java:167)
	at org.springframework.context.support.AbstractApplicationContext.refresh(AbstractApplicationContext.java:621)
	at org.springframework.boot.web.servlet.context.ServletWebServerApplicationContext.refresh(ServletWebServerApplicationContext.java:146)
	at org.springframework.boot.SpringApplication.refresh(SpringApplication.java:752)
	at org.springframework.boot.SpringApplication.refreshContext(SpringApplication.java:439)
	at org.springframework.boot.SpringApplication.run(SpringApplication.java:318)
	at org.springframework.boot.SpringApplication.run(SpringApplication.java:1361)
	at org.springframework.boot.SpringApplication.run(SpringApplication.java:1350)
	at com.enterpriseflow.EnterpriseflowApplication.main(EnterpriseflowApplication.java:10)
	at java.base/jdk.internal.reflect.NativeMethodAccessorImpl.invoke0(Native Method)
	at java.base/jdk.internal.reflect.NativeMethodAccessorImpl.invoke(NativeMethodAccessorImpl.java:77)
	at java.base/jdk.internal.reflect.DelegatingMethodAccessorImpl.invoke(DelegatingMethodAccessorImpl.java:43)
	at java.base/java.lang.reflect.Method.invoke(Method.java:568)
	at org.springframework.boot.devtools.restart.RestartLauncher.run(RestartLauncher.java:50)
2026-02-09 13:30:37 - DEBUG - o.a.tomcat.util.compat.Jre20Compat - null
java.lang.NoSuchMethodException: javax.net.ssl.SSLParameters.setNamedGroups([Ljava.lang.String;)
	at java.base/java.lang.Class.getMethod(Class.java:2227)
	at org.apache.tomcat.util.compat.Jre20Compat.<clinit>(Jre20Compat.java:41)
	at org.apache.tomcat.util.compat.JreCompat.<clinit>(JreCompat.java:75)
	at org.apache.catalina.startup.Tomcat.<clinit>(Tomcat.java:1196)
	at org.springframework.boot.web.embedded.tomcat.TomcatServletWebServerFactory.getWebServer(TomcatServletWebServerFactory.java:200)
	at org.springframework.boot.web.servlet.context.ServletWebServerApplicationContext.createWebServer(ServletWebServerApplicationContext.java:193)
	at org.springframework.boot.web.servlet.context.ServletWebServerApplicationContext.onRefresh(ServletWebServerApplicationContext.java:167)
	at org.springframework.context.support.AbstractApplicationContext.refresh(AbstractApplicationContext.java:621)
	at org.springframework.boot.web.servlet.context.ServletWebServerApplicationContext.refresh(ServletWebServerApplicationContext.java:146)
	at org.springframework.boot.SpringApplication.refresh(SpringApplication.java:752)
	at org.springframework.boot.SpringApplication.refreshContext(SpringApplication.java:439)
	at org.springframework.boot.SpringApplication.run(SpringApplication.java:318)
	at org.springframework.boot.SpringApplication.run(SpringApplication.java:1361)
	at org.springframework.boot.SpringApplication.run(SpringApplication.java:1350)
	at com.enterpriseflow.EnterpriseflowApplication.main(EnterpriseflowApplication.java:10)
	at java.base/jdk.internal.reflect.NativeMethodAccessorImpl.invoke0(Native Method)
	at java.base/jdk.internal.reflect.NativeMethodAccessorImpl.invoke(NativeMethodAccessorImpl.java:77)
	at java.base/jdk.internal.reflect.DelegatingMethodAccessorImpl.invoke(DelegatingMethodAccessorImpl.java:43)
	at java.base/java.lang.reflect.Method.invoke(Method.java:568)
	at org.springframework.boot.devtools.restart.RestartLauncher.run(RestartLauncher.java:50)
2026-02-09 13:30:37 - DEBUG - o.a.tomcat.util.compat.Jre21Compat - Class not found so assuming code is running on a pre-Java 21 JVM
java.lang.ClassNotFoundException: java.util.SequencedCollection
	at java.base/jdk.internal.loader.BuiltinClassLoader.loadClass(BuiltinClassLoader.java:641)
	at java.base/jdk.internal.loader.ClassLoaders$AppClassLoader.loadClass(ClassLoaders.java:188)
	at java.base/java.lang.ClassLoader.loadClass(ClassLoader.java:525)
	at java.base/java.lang.Class.forName0(Native Method)
	at java.base/java.lang.Class.forName(Class.java:375)
	at org.apache.tomcat.util.compat.Jre21Compat.<clinit>(Jre21Compat.java:53)
	at org.apache.tomcat.util.compat.JreCompat.<clinit>(JreCompat.java:75)
	at org.apache.catalina.startup.Tomcat.<clinit>(Tomcat.java:1196)
	at org.springframework.boot.web.embedded.tomcat.TomcatServletWebServerFactory.getWebServer(TomcatServletWebServerFactory.java:200)
	at org.springframework.boot.web.servlet.context.ServletWebServerApplicationContext.createWebServer(ServletWebServerApplicationContext.java:193)
	at org.springframework.boot.web.servlet.context.ServletWebServerApplicationContext.onRefresh(ServletWebServerApplicationContext.java:167)
	at org.springframework.context.support.AbstractApplicationContext.refresh(AbstractApplicationContext.java:621)
	at org.springframework.boot.web.servlet.context.ServletWebServerApplicationContext.refresh(ServletWebServerApplicationContext.java:146)
	at org.springframework.boot.SpringApplication.refresh(SpringApplication.java:752)
	at org.springframework.boot.SpringApplication.refreshContext(SpringApplication.java:439)
	at org.springframework.boot.SpringApplication.run(SpringApplication.java:318)
	at org.springframework.boot.SpringApplication.run(SpringApplication.java:1361)
	at org.springframework.boot.SpringApplication.run(SpringApplication.java:1350)
	at com.enterpriseflow.EnterpriseflowApplication.main(EnterpriseflowApplication.java:10)
	at java.base/jdk.internal.reflect.NativeMethodAccessorImpl.invoke0(Native Method)
	at java.base/jdk.internal.reflect.NativeMethodAccessorImpl.invoke(NativeMethodAccessorImpl.java:77)
	at java.base/jdk.internal.reflect.DelegatingMethodAccessorImpl.invoke(DelegatingMethodAccessorImpl.java:43)
	at java.base/java.lang.reflect.Method.invoke(Method.java:568)
	at org.springframework.boot.devtools.restart.RestartLauncher.run(RestartLauncher.java:50)
2026-02-09 13:30:37 - DEBUG - o.a.tomcat.util.compat.Jre22Compat - Class not found so assuming code is running on a pre-Java 22 JVM
java.lang.ClassNotFoundException: java.text.ListFormat
	at java.base/jdk.internal.loader.BuiltinClassLoader.loadClass(BuiltinClassLoader.java:641)
	at java.base/jdk.internal.loader.ClassLoaders$AppClassLoader.loadClass(ClassLoaders.java:188)
	at java.base/java.lang.ClassLoader.loadClass(ClassLoader.java:525)
	at java.base/java.lang.Class.forName0(Native Method)
	at java.base/java.lang.Class.forName(Class.java:375)
	at org.apache.tomcat.util.compat.Jre22Compat.<clinit>(Jre22Compat.java:37)
	at org.apache.tomcat.util.compat.JreCompat.<clinit>(JreCompat.java:75)
	at org.apache.catalina.startup.Tomcat.<clinit>(Tomcat.java:1196)
	at org.springframework.boot.web.embedded.tomcat.TomcatServletWebServerFactory.getWebServer(TomcatServletWebServerFactory.java:200)
	at org.springframework.boot.web.servlet.context.ServletWebServerApplicationContext.createWebServer(ServletWebServerApplicationContext.java:193)
	at org.springframework.boot.web.servlet.context.ServletWebServerApplicationContext.onRefresh(ServletWebServerApplicationContext.java:167)
	at org.springframework.context.support.AbstractApplicationContext.refresh(AbstractApplicationContext.java:621)
	at org.springframework.boot.web.servlet.context.ServletWebServerApplicationContext.refresh(ServletWebServerApplicationContext.java:146)
	at org.springframework.boot.SpringApplication.refresh(SpringApplication.java:752)
	at org.springframework.boot.SpringApplication.refreshContext(SpringApplication.java:439)
	at org.springframework.boot.SpringApplication.run(SpringApplication.java:318)
	at org.springframework.boot.SpringApplication.run(SpringApplication.java:1361)
	at org.springframework.boot.SpringApplication.run(SpringApplication.java:1350)
	at com.enterpriseflow.EnterpriseflowApplication.main(EnterpriseflowApplication.java:10)
	at java.base/jdk.internal.reflect.NativeMethodAccessorImpl.invoke0(Native Method)
	at java.base/jdk.internal.reflect.NativeMethodAccessorImpl.invoke(NativeMethodAccessorImpl.java:77)
	at java.base/jdk.internal.reflect.DelegatingMethodAccessorImpl.invoke(DelegatingMethodAccessorImpl.java:43)
	at java.base/java.lang.reflect.Method.invoke(Method.java:568)
	at org.springframework.boot.devtools.restart.RestartLauncher.run(RestartLauncher.java:50)
2026-02-09 13:30:37 - DEBUG - o.apache.catalina.core.ContainerBase - Add container child [StandardHost[localhost]] to container [StandardEngine[Tomcat]]
2026-02-09 13:30:37 - DEBUG - o.s.b.w.e.t.TomcatServletWebServerFactory - Code archive: C:\Users\kalim\.m2\repository\org\springframework\boot\spring-boot\3.5.10\spring-boot-3.5.10.jar
2026-02-09 13:30:37 - DEBUG - sun.rmi.transport.tcp - RMI TCP Connection(2)-127.0.0.1: (port 61316) op = 82
2026-02-09 13:30:37 - DEBUG - o.s.b.w.e.t.TomcatServletWebServerFactory - Code archive: C:\Users\kalim\.m2\repository\org\springframework\boot\spring-boot\3.5.10\spring-boot-3.5.10.jar
2026-02-09 13:30:37 - DEBUG - sun.rmi.transport.tcp - RMI TCP Connection(2)-127.0.0.1: (port 61316) op = 80
2026-02-09 13:30:37 - DEBUG - sun.rmi.loader - RMI TCP Connection(2)-127.0.0.1: name = "javax.management.ObjectName", codebase = ""
2026-02-09 13:30:37 - DEBUG - javax.management.remote.rmi - connectionId=rmi://127.0.0.1  1, name=org.springframework.boot:type=Admin,name=SpringApplication, attribute=Ready
2026-02-09 13:30:37 - DEBUG - o.s.b.w.e.t.TomcatServletWebServerFactory - None of the document roots [src/main/webapp, public, static] point to a directory and will be ignored.
2026-02-09 13:30:37 - DEBUG - sun.rmi.server.call - RMI TCP Connection(2)-127.0.0.1: [127.0.0.1] exception: 
javax.management.InstanceNotFoundException: org.springframework.boot:type=Admin,name=SpringApplication
	at java.management/com.sun.jmx.interceptor.DefaultMBeanServerInterceptor.getMBean(DefaultMBeanServerInterceptor.java:1088)
	at java.management/com.sun.jmx.interceptor.DefaultMBeanServerInterceptor.getAttribute(DefaultMBeanServerInterceptor.java:640)
	at java.management/com.sun.jmx.mbeanserver.JmxMBeanServer.getAttribute(JmxMBeanServer.java:679)
	at java.management.rmi/javax.management.remote.rmi.RMIConnectionImpl.doOperation(RMIConnectionImpl.java:1449)
	at java.management.rmi/javax.management.remote.rmi.RMIConnectionImpl$PrivilegedOperation.run(RMIConnectionImpl.java:1310)
	at java.management.rmi/javax.management.remote.rmi.RMIConnectionImpl.doPrivilegedOperation(RMIConnectionImpl.java:1405)
	at java.management.rmi/javax.management.remote.rmi.RMIConnectionImpl.getAttribute(RMIConnectionImpl.java:639)
	at java.base/jdk.internal.reflect.NativeMethodAccessorImpl.invoke0(Native Method)
	at java.base/jdk.internal.reflect.NativeMethodAccessorImpl.invoke(NativeMethodAccessorImpl.java:77)
	at java.base/jdk.internal.reflect.DelegatingMethodAccessorImpl.invoke(DelegatingMethodAccessorImpl.java:43)
	at java.base/java.lang.reflect.Method.invoke(Method.java:568)
	at java.rmi/sun.rmi.server.UnicastServerRef.dispatch(UnicastServerRef.java:360)
	at java.rmi/sun.rmi.transport.Transport$1.run(Transport.java:200)
	at java.rmi/sun.rmi.transport.Transport$1.run(Transport.java:197)
	at java.base/java.security.AccessController.doPrivileged(AccessController.java:712)
	at java.rmi/sun.rmi.transport.Transport.serviceCall(Transport.java:196)
	at java.rmi/sun.rmi.transport.tcp.TCPTransport.handleMessages(TCPTransport.java:587)
	at java.rmi/sun.rmi.transport.tcp.TCPTransport$ConnectionHandler.run0(TCPTransport.java:828)
	at java.rmi/sun.rmi.transport.tcp.TCPTransport$ConnectionHandler.lambda$run$0(TCPTransport.java:705)
	at java.base/java.security.AccessController.doPrivileged(AccessController.java:399)
	at java.rmi/sun.rmi.transport.tcp.TCPTransport$ConnectionHandler.run(TCPTransport.java:704)
	at java.base/java.util.concurrent.ThreadPoolExecutor.runWorker(ThreadPoolExecutor.java:1136)
	at java.base/java.util.concurrent.ThreadPoolExecutor$Worker.run(ThreadPoolExecutor.java:635)
	at java.base/java.lang.Thread.run(Thread.java:842)
2026-02-09 13:30:37 - DEBUG - o.apache.catalina.core.ContainerBase - Add container child [TomcatEmbeddedContext[]] to container [StandardEngine[Tomcat].StandardHost[localhost]]
2026-02-09 13:30:38 - INFO - o.s.b.w.e.tomcat.TomcatWebServer - Tomcat initialized with port 8080 (http)
2026-02-09 13:30:38 - DEBUG - o.apache.catalina.util.LifecycleBase - Setting state for [StandardServer[-1]] to [INITIALIZING]
2026-02-09 13:30:38 - DEBUG - o.apache.catalina.util.LifecycleBase - Setting state for [org.apache.catalina.deploy.NamingResourcesImpl@695d25ab] to [INITIALIZING]
2026-02-09 13:30:38 - DEBUG - o.apache.catalina.util.LifecycleBase - Setting state for [org.apache.catalina.deploy.NamingResourcesImpl@695d25ab] to [INITIALIZED]
2026-02-09 13:30:38 - DEBUG - o.apache.catalina.util.LifecycleBase - Setting state for [StandardService[Tomcat]] to [INITIALIZING]
2026-02-09 13:30:38 - DEBUG - o.apache.catalina.util.LifecycleBase - Setting state for [StandardEngine[Tomcat]] to [INITIALIZING]
2026-02-09 13:30:38 - DEBUG - o.apache.catalina.util.LifecycleBase - Setting state for [StandardEngine[Tomcat]] to [INITIALIZED]
2026-02-09 13:30:38 - DEBUG - o.apache.catalina.util.LifecycleBase - Setting state for [org.apache.catalina.mapper.MapperListener@7e425031] to [INITIALIZING]
2026-02-09 13:30:38 - DEBUG - o.apache.catalina.util.LifecycleBase - Setting state for [org.apache.catalina.mapper.MapperListener@7e425031] to [INITIALIZED]
2026-02-09 13:30:38 - DEBUG - o.apache.catalina.util.LifecycleBase - Setting state for [Connector["http-nio-8080"]] to [INITIALIZING]
2026-02-09 13:30:38 - INFO - o.a.coyote.http11.Http11NioProtocol - Initializing ProtocolHandler ["http-nio-8080"]
2026-02-09 13:30:38 - DEBUG - o.apache.catalina.util.LifecycleBase - Setting state for [Connector["http-nio-8080"]] to [INITIALIZED]
2026-02-09 13:30:38 - DEBUG - o.apache.catalina.util.LifecycleBase - Setting state for [StandardService[Tomcat]] to [INITIALIZED]
2026-02-09 13:30:38 - DEBUG - o.apache.catalina.util.LifecycleBase - Setting state for [StandardServer[-1]] to [INITIALIZED]
2026-02-09 13:30:38 - DEBUG - o.apache.catalina.util.LifecycleBase - Setting state for [StandardServer[-1]] to [STARTING_PREP]
2026-02-09 13:30:38 - DEBUG - o.apache.catalina.util.LifecycleBase - Setting state for [StandardServer[-1]] to [STARTING]
2026-02-09 13:30:38 - DEBUG - o.apache.catalina.util.LifecycleBase - Setting state for [org.apache.catalina.deploy.NamingResourcesImpl@695d25ab] to [STARTING_PREP]
2026-02-09 13:30:38 - DEBUG - o.apache.catalina.util.LifecycleBase - Setting state for [org.apache.catalina.deploy.NamingResourcesImpl@695d25ab] to [STARTING]
2026-02-09 13:30:38 - DEBUG - o.apache.catalina.util.LifecycleBase - Setting state for [org.apache.catalina.deploy.NamingResourcesImpl@695d25ab] to [STARTED]
2026-02-09 13:30:38 - DEBUG - o.apache.catalina.util.LifecycleBase - Setting state for [StandardService[Tomcat]] to [STARTING_PREP]
2026-02-09 13:30:38 - INFO - o.a.catalina.core.StandardService - Starting service [Tomcat]
2026-02-09 13:30:38 - DEBUG - o.apache.catalina.util.LifecycleBase - Setting state for [StandardService[Tomcat]] to [STARTING]
2026-02-09 13:30:38 - DEBUG - o.apache.catalina.util.LifecycleBase - Setting state for [StandardEngine[Tomcat]] to [STARTING_PREP]
2026-02-09 13:30:38 - INFO - o.a.catalina.core.StandardEngine - Starting Servlet engine: [Apache Tomcat/10.1.50]
2026-02-09 13:30:38 - DEBUG - o.apache.catalina.util.LifecycleBase - Setting state for [SimpleRealm[StandardEngine[Tomcat]]] to [INITIALIZING]
2026-02-09 13:30:38 - DEBUG - o.apache.catalina.util.LifecycleBase - Setting state for [SimpleRealm[StandardEngine[Tomcat]]] to [INITIALIZED]
2026-02-09 13:30:38 - DEBUG - o.apache.catalina.util.LifecycleBase - Setting state for [SimpleRealm[StandardEngine[Tomcat]]] to [STARTING_PREP]
2026-02-09 13:30:38 - DEBUG - o.apache.catalina.util.LifecycleBase - Setting state for [SimpleRealm[StandardEngine[Tomcat]]] to [STARTING]
2026-02-09 13:30:38 - DEBUG - o.apache.catalina.util.LifecycleBase - Setting state for [SimpleRealm[StandardEngine[Tomcat]]] to [STARTED]
2026-02-09 13:30:38 - DEBUG - o.apache.catalina.util.LifecycleBase - Setting state for [StandardEngine[Tomcat].StandardHost[localhost]] to [INITIALIZING]
2026-02-09 13:30:38 - DEBUG - o.apache.catalina.util.LifecycleBase - Setting state for [StandardEngine[Tomcat].StandardHost[localhost]] to [INITIALIZED]
2026-02-09 13:30:38 - DEBUG - o.apache.catalina.util.LifecycleBase - Setting state for [StandardEngine[Tomcat].StandardHost[localhost]] to [STARTING_PREP]
2026-02-09 13:30:38 - DEBUG - o.apache.catalina.util.LifecycleBase - Setting state for [StandardEngine[Tomcat].StandardHost[localhost].TomcatEmbeddedContext[]] to [INITIALIZING]
2026-02-09 13:30:38 - DEBUG - o.apache.catalina.util.LifecycleBase - Setting state for [StandardEngine[Tomcat].StandardHost[localhost].TomcatEmbeddedContext[]] to [INITIALIZED]
2026-02-09 13:30:38 - DEBUG - o.apache.catalina.util.LifecycleBase - Setting state for [StandardEngine[Tomcat].StandardHost[localhost].TomcatEmbeddedContext[]] to [STARTING_PREP]
2026-02-09 13:30:38 - DEBUG - o.apache.catalina.util.LifecycleBase - Setting state for [org.apache.catalina.webresources.StandardRoot@6291f57d] to [INITIALIZING]
2026-02-09 13:30:38 - DEBUG - o.apache.catalina.util.LifecycleBase - Setting state for [org.apache.catalina.webresources.StandardRoot@6291f57d] to [INITIALIZED]
2026-02-09 13:30:38 - DEBUG - o.apache.catalina.util.LifecycleBase - Setting state for [org.apache.catalina.webresources.StandardRoot@6291f57d] to [STARTING_PREP]
2026-02-09 13:30:38 - DEBUG - o.apache.catalina.util.LifecycleBase - Setting state for [org.apache.catalina.webresources.DirResourceSet@1d105d09] to [INITIALIZING]
2026-02-09 13:30:38 - DEBUG - o.apache.catalina.util.LifecycleBase - Setting state for [org.apache.catalina.webresources.DirResourceSet@1d105d09] to [INITIALIZED]
2026-02-09 13:30:38 - DEBUG - o.apache.catalina.util.LifecycleBase - Setting state for [org.apache.catalina.webresources.DirResourceSet@1d105d09] to [STARTING_PREP]
2026-02-09 13:30:38 - DEBUG - o.apache.catalina.util.LifecycleBase - Setting state for [org.apache.catalina.webresources.DirResourceSet@1d105d09] to [STARTING]
2026-02-09 13:30:38 - DEBUG - o.apache.catalina.util.LifecycleBase - Setting state for [org.apache.catalina.webresources.DirResourceSet@1d105d09] to [STARTED]
2026-02-09 13:30:38 - DEBUG - o.apache.catalina.util.LifecycleBase - Setting state for [org.apache.catalina.webresources.StandardRoot@6291f57d] to [STARTING]
2026-02-09 13:30:38 - DEBUG - o.apache.catalina.util.LifecycleBase - Setting state for [org.apache.catalina.webresources.StandardRoot@6291f57d] to [STARTED]
2026-02-09 13:30:38 - DEBUG - o.apache.catalina.util.LifecycleBase - Setting state for [WebappLoader[StandardEngine[Tomcat].StandardHost[localhost].TomcatEmbeddedContext[]]] to [INITIALIZING]
2026-02-09 13:30:38 - DEBUG - o.apache.catalina.util.LifecycleBase - Setting state for [WebappLoader[StandardEngine[Tomcat].StandardHost[localhost].TomcatEmbeddedContext[]]] to [INITIALIZED]
2026-02-09 13:30:38 - DEBUG - o.apache.catalina.util.LifecycleBase - Setting state for [WebappLoader[StandardEngine[Tomcat].StandardHost[localhost].TomcatEmbeddedContext[]]] to [STARTING_PREP]
2026-02-09 13:30:38 - DEBUG - o.a.catalina.loader.WebappLoader - Starting this Loader
2026-02-09 13:30:38 - DEBUG - o.apache.catalina.webresources.Cache - Increased cache size by [531] for item [org.apache.catalina.webresources.CachedResource@2462b0b] at [/WEB-INF/classes] making total cache size [531]
2026-02-09 13:30:38 - DEBUG - o.apache.catalina.util.LifecycleBase - Setting state for [WebappLoader[StandardEngine[Tomcat].StandardHost[localhost].TomcatEmbeddedContext[]]] to [STARTING]
2026-02-09 13:30:38 - DEBUG - o.apache.catalina.util.LifecycleBase - Setting state for [WebappLoader[StandardEngine[Tomcat].StandardHost[localhost].TomcatEmbeddedContext[]]] to [STARTED]
2026-02-09 13:30:38 - DEBUG - o.apache.catalina.util.LifecycleBase - Setting state for [StandardPipeline[StandardEngine[Tomcat].StandardHost[localhost].TomcatEmbeddedContext[]]] to [INITIALIZING]
2026-02-09 13:30:38 - DEBUG - o.apache.catalina.util.LifecycleBase - Setting state for [StandardPipeline[StandardEngine[Tomcat].StandardHost[localhost].TomcatEmbeddedContext[]]] to [INITIALIZED]
2026-02-09 13:30:38 - DEBUG - o.apache.catalina.util.LifecycleBase - Setting state for [StandardPipeline[StandardEngine[Tomcat].StandardHost[localhost].TomcatEmbeddedContext[]]] to [STARTING_PREP]
2026-02-09 13:30:38 - DEBUG - o.apache.catalina.util.LifecycleBase - Setting state for [NonLoginAuthenticator[StandardEngine[Tomcat].StandardHost[localhost].TomcatEmbeddedContext[]]] to [INITIALIZING]
2026-02-09 13:30:38 - DEBUG - o.apache.catalina.util.LifecycleBase - Setting state for [NonLoginAuthenticator[StandardEngine[Tomcat].StandardHost[localhost].TomcatEmbeddedContext[]]] to [INITIALIZED]
2026-02-09 13:30:38 - DEBUG - o.apache.catalina.util.LifecycleBase - Setting state for [NonLoginAuthenticator[StandardEngine[Tomcat].StandardHost[localhost].TomcatEmbeddedContext[]]] to [STARTING_PREP]
2026-02-09 13:30:38 - DEBUG - o.apache.catalina.util.LifecycleBase - Setting state for [NonLoginAuthenticator[StandardEngine[Tomcat].StandardHost[localhost].TomcatEmbeddedContext[]]] to [STARTING]
2026-02-09 13:30:38 - DEBUG - o.apache.catalina.util.LifecycleBase - Setting state for [NonLoginAuthenticator[StandardEngine[Tomcat].StandardHost[localhost].TomcatEmbeddedContext[]]] to [STARTED]
2026-02-09 13:30:38 - DEBUG - o.apache.catalina.util.LifecycleBase - Setting state for [StandardContextValve[StandardEngine[Tomcat].StandardHost[localhost].TomcatEmbeddedContext[]]] to [INITIALIZING]
2026-02-09 13:30:38 - DEBUG - o.apache.catalina.util.LifecycleBase - Setting state for [StandardContextValve[StandardEngine[Tomcat].StandardHost[localhost].TomcatEmbeddedContext[]]] to [INITIALIZED]
2026-02-09 13:30:38 - DEBUG - o.apache.catalina.util.LifecycleBase - Setting state for [StandardContextValve[StandardEngine[Tomcat].StandardHost[localhost].TomcatEmbeddedContext[]]] to [STARTING_PREP]
2026-02-09 13:30:38 - DEBUG - o.apache.catalina.util.LifecycleBase - Setting state for [StandardContextValve[StandardEngine[Tomcat].StandardHost[localhost].TomcatEmbeddedContext[]]] to [STARTING]
2026-02-09 13:30:38 - DEBUG - o.apache.catalina.util.LifecycleBase - Setting state for [StandardContextValve[StandardEngine[Tomcat].StandardHost[localhost].TomcatEmbeddedContext[]]] to [STARTED]
2026-02-09 13:30:38 - DEBUG - o.apache.catalina.util.LifecycleBase - Setting state for [StandardPipeline[StandardEngine[Tomcat].StandardHost[localhost].TomcatEmbeddedContext[]]] to [STARTING]
2026-02-09 13:30:38 - DEBUG - o.apache.catalina.util.LifecycleBase - Setting state for [StandardPipeline[StandardEngine[Tomcat].StandardHost[localhost].TomcatEmbeddedContext[]]] to [STARTED]
2026-02-09 13:30:38 - DEBUG - o.apache.catalina.util.LifecycleBase - Setting state for [org.apache.catalina.deploy.NamingResourcesImpl@5cc94bf1] to [INITIALIZING]
2026-02-09 13:30:38 - DEBUG - o.apache.catalina.util.LifecycleBase - Setting state for [org.apache.catalina.deploy.NamingResourcesImpl@5cc94bf1] to [INITIALIZED]
2026-02-09 13:30:38 - DEBUG - o.apache.catalina.util.LifecycleBase - Setting state for [org.apache.catalina.deploy.NamingResourcesImpl@5cc94bf1] to [STARTING_PREP]
2026-02-09 13:30:38 - DEBUG - o.apache.catalina.util.LifecycleBase - Setting state for [org.apache.catalina.deploy.NamingResourcesImpl@5cc94bf1] to [STARTING]
2026-02-09 13:30:38 - DEBUG - o.apache.catalina.util.LifecycleBase - Setting state for [org.apache.catalina.deploy.NamingResourcesImpl@5cc94bf1] to [STARTED]
2026-02-09 13:30:38 - INFO - o.a.c.c.C.[Tomcat].[localhost].[/] - Initializing Spring embedded WebApplicationContext
2026-02-09 13:30:38 - DEBUG - o.s.b.w.s.c.ServletWebServerApplicationContext - Published root WebApplicationContext as ServletContext attribute with name [org.springframework.web.context.WebApplicationContext.ROOT]
2026-02-09 13:30:38 - INFO - o.s.b.w.s.c.ServletWebServerApplicationContext - Root WebApplicationContext: initialization completed in 3081 ms
2026-02-09 13:30:38 - DEBUG - o.s.b.f.s.DefaultListableBeanFactory - Creating shared instance of singleton bean 'securityFilterChainRegistration'
2026-02-09 13:30:38 - DEBUG - o.s.b.f.s.DefaultListableBeanFactory - Creating shared instance of singleton bean 'org.springframework.boot.autoconfigure.security.servlet.SecurityFilterAutoConfiguration'
2026-02-09 13:30:38 - DEBUG - o.s.b.f.s.DefaultListableBeanFactory - Creating shared instance of singleton bean 'spring.security-org.springframework.boot.autoconfigure.security.SecurityProperties'
2026-02-09 13:30:38 - DEBUG - o.s.b.f.s.DefaultListableBeanFactory - Autowiring by type from bean name 'securityFilterChainRegistration' via factory method to bean named 'spring.security-org.springframework.boot.autoconfigure.security.SecurityProperties'
2026-02-09 13:30:38 - DEBUG - o.s.b.f.s.DefaultListableBeanFactory - Creating shared instance of singleton bean 'requestContextFilter'
2026-02-09 13:30:38 - DEBUG - o.s.b.f.s.DefaultListableBeanFactory - Creating shared instance of singleton bean 'formContentFilter'
2026-02-09 13:30:38 - DEBUG - o.s.b.f.s.DefaultListableBeanFactory - Creating shared instance of singleton bean 'org.springframework.boot.autoconfigure.web.servlet.WebMvcAutoConfiguration'
2026-02-09 13:30:38 - DEBUG - o.s.b.f.s.DefaultListableBeanFactory - Creating shared instance of singleton bean 'characterEncodingFilter'
2026-02-09 13:30:38 - DEBUG - o.s.b.w.s.ServletContextInitializerBeans - Mapping filters: springSecurityFilterChain urls=[/*] order=-100, characterEncodingFilter urls=[/*] order=-2147483648, formContentFilter urls=[/*] order=-9900, requestContextFilter urls=[/*] order=-105
2026-02-09 13:30:38 - DEBUG - o.s.b.w.s.ServletContextInitializerBeans - Mapping servlets: dispatcherServlet urls=[/]
2026-02-09 13:30:38 - DEBUG - o.apache.catalina.core.ContainerBase - Add container child [StandardWrapper[dispatcherServlet]] to container [StandardEngine[Tomcat].StandardHost[localhost].TomcatEmbeddedContext[]]
2026-02-09 13:30:38 - DEBUG - o.apache.catalina.util.LifecycleBase - Setting state for [StandardEngine[Tomcat].StandardHost[localhost].TomcatEmbeddedContext[].StandardWrapper[dispatcherServlet]] to [INITIALIZING]
2026-02-09 13:30:38 - DEBUG - o.apache.catalina.util.LifecycleBase - Setting state for [StandardEngine[Tomcat].StandardHost[localhost].TomcatEmbeddedContext[].StandardWrapper[dispatcherServlet]] to [INITIALIZED]
2026-02-09 13:30:38 - DEBUG - o.apache.catalina.util.LifecycleBase - Setting state for [StandardEngine[Tomcat].StandardHost[localhost].TomcatEmbeddedContext[].StandardWrapper[dispatcherServlet]] to [STARTING_PREP]
2026-02-09 13:30:38 - DEBUG - o.apache.catalina.util.LifecycleBase - Setting state for [StandardPipeline[StandardEngine[Tomcat].StandardHost[localhost].TomcatEmbeddedContext[].StandardWrapper[dispatcherServlet]]] to [INITIALIZING]
2026-02-09 13:30:38 - DEBUG - o.apache.catalina.util.LifecycleBase - Setting state for [StandardPipeline[StandardEngine[Tomcat].StandardHost[localhost].TomcatEmbeddedContext[].StandardWrapper[dispatcherServlet]]] to [INITIALIZED]
2026-02-09 13:30:38 - DEBUG - o.apache.catalina.util.LifecycleBase - Setting state for [StandardPipeline[StandardEngine[Tomcat].StandardHost[localhost].TomcatEmbeddedContext[].StandardWrapper[dispatcherServlet]]] to [STARTING_PREP]
2026-02-09 13:30:38 - DEBUG - o.apache.catalina.util.LifecycleBase - Setting state for [StandardWrapperValve[StandardEngine[Tomcat].StandardHost[localhost].TomcatEmbeddedContext[].StandardWrapper[dispatcherServlet]]] to [INITIALIZING]
2026-02-09 13:30:38 - DEBUG - o.apache.catalina.util.LifecycleBase - Setting state for [StandardWrapperValve[StandardEngine[Tomcat].StandardHost[localhost].TomcatEmbeddedContext[].StandardWrapper[dispatcherServlet]]] to [INITIALIZED]
2026-02-09 13:30:38 - DEBUG - o.apache.catalina.util.LifecycleBase - Setting state for [StandardWrapperValve[StandardEngine[Tomcat].StandardHost[localhost].TomcatEmbeddedContext[].StandardWrapper[dispatcherServlet]]] to [STARTING_PREP]
2026-02-09 13:30:38 - DEBUG - o.apache.catalina.util.LifecycleBase - Setting state for [StandardWrapperValve[StandardEngine[Tomcat].StandardHost[localhost].TomcatEmbeddedContext[].StandardWrapper[dispatcherServlet]]] to [STARTING]
2026-02-09 13:30:38 - DEBUG - o.apache.catalina.util.LifecycleBase - Setting state for [StandardWrapperValve[StandardEngine[Tomcat].StandardHost[localhost].TomcatEmbeddedContext[].StandardWrapper[dispatcherServlet]]] to [STARTED]
2026-02-09 13:30:38 - DEBUG - o.apache.catalina.util.LifecycleBase - Setting state for [StandardPipeline[StandardEngine[Tomcat].StandardHost[localhost].TomcatEmbeddedContext[].StandardWrapper[dispatcherServlet]]] to [STARTING]
2026-02-09 13:30:38 - DEBUG - o.apache.catalina.util.LifecycleBase - Setting state for [StandardPipeline[StandardEngine[Tomcat].StandardHost[localhost].TomcatEmbeddedContext[].StandardWrapper[dispatcherServlet]]] to [STARTED]
2026-02-09 13:30:38 - DEBUG - o.apache.catalina.util.LifecycleBase - Setting state for [StandardEngine[Tomcat].StandardHost[localhost].TomcatEmbeddedContext[].StandardWrapper[dispatcherServlet]] to [STARTING]
2026-02-09 13:30:38 - DEBUG - o.apache.catalina.util.LifecycleBase - Setting state for [StandardEngine[Tomcat].StandardHost[localhost].TomcatEmbeddedContext[].StandardWrapper[dispatcherServlet]] to [STARTED]
2026-02-09 13:30:38 - DEBUG - o.apache.catalina.util.LifecycleBase - Setting state for [StandardManager[StandardEngine[Tomcat].StandardHost[localhost].TomcatEmbeddedContext[]]] to [INITIALIZING]
2026-02-09 13:30:38 - DEBUG - o.apache.catalina.util.LifecycleBase - Setting state for [StandardManager[StandardEngine[Tomcat].StandardHost[localhost].TomcatEmbeddedContext[]]] to [INITIALIZED]
2026-02-09 13:30:38 - DEBUG - o.apache.catalina.util.LifecycleBase - Setting state for [StandardManager[StandardEngine[Tomcat].StandardHost[localhost].TomcatEmbeddedContext[]]] to [STARTING_PREP]
2026-02-09 13:30:38 - DEBUG - o.apache.catalina.util.LifecycleBase - Setting state for [org.springframework.boot.web.embedded.tomcat.LazySessionIdGenerator@2c13dca4] to [INITIALIZING]
2026-02-09 13:30:38 - DEBUG - o.apache.catalina.util.LifecycleBase - Setting state for [org.springframework.boot.web.embedded.tomcat.LazySessionIdGenerator@2c13dca4] to [INITIALIZED]
2026-02-09 13:30:38 - DEBUG - o.apache.catalina.util.LifecycleBase - Setting state for [org.springframework.boot.web.embedded.tomcat.LazySessionIdGenerator@2c13dca4] to [STARTING_PREP]
2026-02-09 13:30:38 - DEBUG - o.apache.catalina.util.LifecycleBase - Setting state for [org.springframework.boot.web.embedded.tomcat.LazySessionIdGenerator@2c13dca4] to [STARTING]
2026-02-09 13:30:38 - DEBUG - o.apache.catalina.util.LifecycleBase - Setting state for [org.springframework.boot.web.embedded.tomcat.LazySessionIdGenerator@2c13dca4] to [STARTED]
2026-02-09 13:30:38 - DEBUG - o.a.catalina.session.StandardManager - Persisted data file [C:\Users\kalim\AppData\Local\Temp\616C89A12B38EE6BBBD7B03269DEC50F4DCC149F\servlet-sessions\SESSIONS.ser] was not found
java.io.FileNotFoundException: C:\Users\kalim\AppData\Local\Temp\616C89A12B38EE6BBBD7B03269DEC50F4DCC149F\servlet-sessions\SESSIONS.ser (The system cannot find the file specified)
	at java.base/java.io.FileInputStream.open0(Native Method)
	at java.base/java.io.FileInputStream.open(FileInputStream.java:216)
	at java.base/java.io.FileInputStream.<init>(FileInputStream.java:157)
	at java.base/java.io.FileInputStream.<init>(FileInputStream.java:111)
	at org.apache.catalina.session.StandardManager.doLoad(StandardManager.java:185)
	at org.apache.catalina.session.StandardManager.load(StandardManager.java:154)
	at org.apache.catalina.session.StandardManager.startInternal(StandardManager.java:343)
	at org.apache.catalina.util.LifecycleBase.start(LifecycleBase.java:164)
	at org.apache.catalina.core.StandardContext.startInternal(StandardContext.java:4479)
	at org.apache.catalina.util.LifecycleBase.start(LifecycleBase.java:164)
	at org.apache.catalina.core.ContainerBase$StartChild.call(ContainerBase.java:1201)
	at org.apache.catalina.core.ContainerBase$StartChild.call(ContainerBase.java:1191)
	at java.base/java.util.concurrent.FutureTask.run(FutureTask.java:264)
	at org.apache.tomcat.util.threads.InlineExecutorService.execute(InlineExecutorService.java:81)
	at java.base/java.util.concurrent.AbstractExecutorService.submit(AbstractExecutorService.java:145)
	at org.apache.catalina.core.ContainerBase.startInternal(ContainerBase.java:747)
	at org.apache.catalina.core.StandardHost.startInternal(StandardHost.java:783)
	at org.apache.catalina.util.LifecycleBase.start(LifecycleBase.java:164)
	at org.apache.catalina.core.ContainerBase$StartChild.call(ContainerBase.java:1201)
	at org.apache.catalina.core.ContainerBase$StartChild.call(ContainerBase.java:1191)
	at java.base/java.util.concurrent.FutureTask.run(FutureTask.java:264)
	at org.apache.tomcat.util.threads.InlineExecutorService.execute(InlineExecutorService.java:81)
	at java.base/java.util.concurrent.AbstractExecutorService.submit(AbstractExecutorService.java:145)
	at org.apache.catalina.core.ContainerBase.startInternal(ContainerBase.java:747)
	at org.apache.catalina.core.StandardEngine.startInternal(StandardEngine.java:201)
	at org.apache.catalina.util.LifecycleBase.start(LifecycleBase.java:164)
	at org.apache.catalina.core.StandardService.startInternal(StandardService.java:410)
	at org.apache.catalina.util.LifecycleBase.start(LifecycleBase.java:164)
	at org.apache.catalina.core.StandardServer.startInternal(StandardServer.java:868)
	at org.apache.catalina.util.LifecycleBase.start(LifecycleBase.java:164)
	at org.apache.catalina.startup.Tomcat.start(Tomcat.java:436)
	at org.springframework.boot.web.embedded.tomcat.TomcatWebServer.initialize(TomcatWebServer.java:128)
	at org.springframework.boot.web.embedded.tomcat.TomcatWebServer.<init>(TomcatWebServer.java:107)
	at org.springframework.boot.web.embedded.tomcat.TomcatServletWebServerFactory.getTomcatWebServer(TomcatServletWebServerFactory.java:517)
	at org.springframework.boot.web.embedded.tomcat.TomcatServletWebServerFactory.getWebServer(TomcatServletWebServerFactory.java:219)
	at org.springframework.boot.web.servlet.context.ServletWebServerApplicationContext.createWebServer(ServletWebServerApplicationContext.java:193)
	at org.springframework.boot.web.servlet.context.ServletWebServerApplicationContext.onRefresh(ServletWebServerApplicationContext.java:167)
	at org.springframework.context.support.AbstractApplicationContext.refresh(AbstractApplicationContext.java:621)
	at org.springframework.boot.web.servlet.context.ServletWebServerApplicationContext.refresh(ServletWebServerApplicationContext.java:146)
	at org.springframework.boot.SpringApplication.refresh(SpringApplication.java:752)
	at org.springframework.boot.SpringApplication.refreshContext(SpringApplication.java:439)
	at org.springframework.boot.SpringApplication.run(SpringApplication.java:318)
	at org.springframework.boot.SpringApplication.run(SpringApplication.java:1361)
	at org.springframework.boot.SpringApplication.run(SpringApplication.java:1350)
	at com.enterpriseflow.EnterpriseflowApplication.main(EnterpriseflowApplication.java:10)
	at java.base/jdk.internal.reflect.NativeMethodAccessorImpl.invoke0(Native Method)
	at java.base/jdk.internal.reflect.NativeMethodAccessorImpl.invoke(NativeMethodAccessorImpl.java:77)
	at java.base/jdk.internal.reflect.DelegatingMethodAccessorImpl.invoke(DelegatingMethodAccessorImpl.java:43)
	at java.base/java.lang.reflect.Method.invoke(Method.java:568)
	at org.springframework.boot.devtools.restart.RestartLauncher.run(RestartLauncher.java:50)
2026-02-09 13:30:38 - DEBUG - o.apache.catalina.util.LifecycleBase - Setting state for [StandardManager[StandardEngine[Tomcat].StandardHost[localhost].TomcatEmbeddedContext[]]] to [STARTING]
2026-02-09 13:30:38 - DEBUG - o.apache.catalina.util.LifecycleBase - Setting state for [StandardManager[StandardEngine[Tomcat].StandardHost[localhost].TomcatEmbeddedContext[]]] to [STARTED]
2026-02-09 13:30:38 - DEBUG - o.s.b.w.s.f.OrderedRequestContextFilter - Filter 'requestContextFilter' configured for use
2026-02-09 13:30:38 - DEBUG - o.s.b.w.s.f.OrderedCharacterEncodingFilter - Filter 'characterEncodingFilter' configured for use
2026-02-09 13:30:38 - DEBUG - o.s.b.w.s.DelegatingFilterProxyRegistrationBean$1 - Filter 'springSecurityFilterChain' configured for use
2026-02-09 13:30:38 - DEBUG - o.s.b.w.s.f.OrderedFormContentFilter - Filter 'formContentFilter' configured for use
2026-02-09 13:30:38 - DEBUG - o.apache.catalina.util.LifecycleBase - Setting state for [StandardEngine[Tomcat].StandardHost[localhost].TomcatEmbeddedContext[]] to [STARTING]
2026-02-09 13:30:38 - DEBUG - o.apache.catalina.util.LifecycleBase - Setting state for [StandardEngine[Tomcat].StandardHost[localhost].TomcatEmbeddedContext[]] to [STARTED]
2026-02-09 13:30:38 - DEBUG - o.apache.catalina.util.LifecycleBase - Setting state for [StandardPipeline[StandardEngine[Tomcat].StandardHost[localhost]]] to [INITIALIZING]
2026-02-09 13:30:38 - DEBUG - o.apache.catalina.util.LifecycleBase - Setting state for [StandardPipeline[StandardEngine[Tomcat].StandardHost[localhost]]] to [INITIALIZED]
2026-02-09 13:30:38 - DEBUG - o.apache.catalina.util.LifecycleBase - Setting state for [StandardPipeline[StandardEngine[Tomcat].StandardHost[localhost]]] to [STARTING_PREP]
2026-02-09 13:30:38 - DEBUG - o.apache.catalina.util.LifecycleBase - Setting state for [ErrorReportValve[StandardEngine[Tomcat].StandardHost[localhost]]] to [INITIALIZING]
2026-02-09 13:30:38 - DEBUG - o.apache.catalina.util.LifecycleBase - Setting state for [ErrorReportValve[StandardEngine[Tomcat].StandardHost[localhost]]] to [INITIALIZED]
2026-02-09 13:30:38 - DEBUG - o.apache.catalina.util.LifecycleBase - Setting state for [ErrorReportValve[StandardEngine[Tomcat].StandardHost[localhost]]] to [STARTING_PREP]
2026-02-09 13:30:38 - DEBUG - o.apache.catalina.util.LifecycleBase - Setting state for [ErrorReportValve[StandardEngine[Tomcat].StandardHost[localhost]]] to [STARTING]
2026-02-09 13:30:38 - DEBUG - o.apache.catalina.util.LifecycleBase - Setting state for [ErrorReportValve[StandardEngine[Tomcat].StandardHost[localhost]]] to [STARTED]
2026-02-09 13:30:38 - DEBUG - o.apache.catalina.util.LifecycleBase - Setting state for [StandardHostValve[StandardEngine[Tomcat].StandardHost[localhost]]] to [INITIALIZING]
2026-02-09 13:30:38 - DEBUG - o.apache.catalina.util.LifecycleBase - Setting state for [StandardHostValve[StandardEngine[Tomcat].StandardHost[localhost]]] to [INITIALIZED]
2026-02-09 13:30:38 - DEBUG - o.apache.catalina.util.LifecycleBase - Setting state for [StandardHostValve[StandardEngine[Tomcat].StandardHost[localhost]]] to [STARTING_PREP]
2026-02-09 13:30:38 - DEBUG - o.apache.catalina.util.LifecycleBase - Setting state for [StandardHostValve[StandardEngine[Tomcat].StandardHost[localhost]]] to [STARTING]
2026-02-09 13:30:38 - DEBUG - o.apache.catalina.util.LifecycleBase - Setting state for [StandardHostValve[StandardEngine[Tomcat].StandardHost[localhost]]] to [STARTED]
2026-02-09 13:30:38 - DEBUG - o.apache.catalina.util.LifecycleBase - Setting state for [StandardPipeline[StandardEngine[Tomcat].StandardHost[localhost]]] to [STARTING]
2026-02-09 13:30:38 - DEBUG - o.apache.catalina.util.LifecycleBase - Setting state for [StandardPipeline[StandardEngine[Tomcat].StandardHost[localhost]]] to [STARTED]
2026-02-09 13:30:38 - DEBUG - o.apache.catalina.util.LifecycleBase - Setting state for [StandardEngine[Tomcat].StandardHost[localhost]] to [STARTING]
2026-02-09 13:30:38 - DEBUG - o.apache.catalina.util.LifecycleBase - Setting state for [StandardEngine[Tomcat].StandardHost[localhost]] to [STARTED]
2026-02-09 13:30:38 - DEBUG - o.apache.catalina.util.LifecycleBase - Setting state for [StandardPipeline[StandardEngine[Tomcat]]] to [INITIALIZING]
2026-02-09 13:30:38 - DEBUG - o.apache.catalina.util.LifecycleBase - Setting state for [StandardPipeline[StandardEngine[Tomcat]]] to [INITIALIZED]
2026-02-09 13:30:38 - DEBUG - o.apache.catalina.util.LifecycleBase - Setting state for [StandardPipeline[StandardEngine[Tomcat]]] to [STARTING_PREP]
2026-02-09 13:30:38 - DEBUG - o.apache.catalina.util.LifecycleBase - Setting state for [StandardEngineValve[StandardEngine[Tomcat]]] to [INITIALIZING]
2026-02-09 13:30:38 - DEBUG - o.apache.catalina.util.LifecycleBase - Setting state for [StandardEngineValve[StandardEngine[Tomcat]]] to [INITIALIZED]
2026-02-09 13:30:38 - DEBUG - o.apache.catalina.util.LifecycleBase - Setting state for [StandardEngineValve[StandardEngine[Tomcat]]] to [STARTING_PREP]
2026-02-09 13:30:38 - DEBUG - o.apache.catalina.util.LifecycleBase - Setting state for [StandardEngineValve[StandardEngine[Tomcat]]] to [STARTING]
2026-02-09 13:30:38 - DEBUG - o.apache.catalina.util.LifecycleBase - Setting state for [StandardEngineValve[StandardEngine[Tomcat]]] to [STARTED]
2026-02-09 13:30:38 - DEBUG - o.apache.catalina.util.LifecycleBase - Setting state for [StandardPipeline[StandardEngine[Tomcat]]] to [STARTING]
2026-02-09 13:30:38 - DEBUG - o.apache.catalina.util.LifecycleBase - Setting state for [StandardPipeline[StandardEngine[Tomcat]]] to [STARTED]
2026-02-09 13:30:38 - DEBUG - o.apache.catalina.util.LifecycleBase - Setting state for [StandardEngine[Tomcat]] to [STARTING]
2026-02-09 13:30:38 - DEBUG - o.apache.catalina.util.LifecycleBase - Setting state for [StandardEngine[Tomcat]] to [STARTED]
2026-02-09 13:30:38 - DEBUG - o.apache.catalina.util.LifecycleBase - Setting state for [org.apache.catalina.mapper.MapperListener@7e425031] to [STARTING_PREP]
2026-02-09 13:30:38 - DEBUG - o.apache.catalina.util.LifecycleBase - Setting state for [org.apache.catalina.mapper.MapperListener@7e425031] to [STARTING]
2026-02-09 13:30:38 - DEBUG - org.apache.catalina.mapper.Mapper - Registered host [localhost]
2026-02-09 13:30:38 - DEBUG - o.a.catalina.mapper.MapperListener - Register Wrapper [dispatcherServlet] in Context [] for service [StandardService[Tomcat]]
2026-02-09 13:30:38 - DEBUG - o.a.catalina.mapper.MapperListener - Register Context [] for service [StandardService[Tomcat]]
2026-02-09 13:30:38 - DEBUG - o.a.catalina.mapper.MapperListener - Register host [localhost] at domain [null] for service [StandardService[Tomcat]]
2026-02-09 13:30:38 - DEBUG - o.apache.catalina.util.LifecycleBase - Setting state for [org.apache.catalina.mapper.MapperListener@7e425031] to [STARTED]
2026-02-09 13:30:38 - DEBUG - o.apache.catalina.util.LifecycleBase - Setting state for [StandardService[Tomcat]] to [STARTED]
2026-02-09 13:30:38 - DEBUG - o.apache.catalina.util.LifecycleBase - Setting state for [StandardServer[-1]] to [STARTED]
2026-02-09 13:30:38 - DEBUG - o.s.b.f.s.DefaultListableBeanFactory - Creating shared instance of singleton bean 'applicationTaskExecutor'
2026-02-09 13:30:38 - DEBUG - o.s.b.f.s.DefaultListableBeanFactory - Creating shared instance of singleton bean 'org.springframework.boot.autoconfigure.task.TaskExecutorConfigurations$TaskExecutorConfiguration'
2026-02-09 13:30:38 - DEBUG - o.s.b.f.s.DefaultListableBeanFactory - Creating shared instance of singleton bean 'threadPoolTaskExecutorBuilder'
2026-02-09 13:30:38 - DEBUG - o.s.b.f.s.DefaultListableBeanFactory - Creating shared instance of singleton bean 'org.springframework.boot.autoconfigure.task.TaskExecutorConfigurations$ThreadPoolTaskExecutorBuilderConfiguration'
2026-02-09 13:30:38 - DEBUG - o.s.b.f.s.DefaultListableBeanFactory - Creating shared instance of singleton bean 'spring.task.execution-org.springframework.boot.autoconfigure.task.TaskExecutionProperties'
2026-02-09 13:30:38 - DEBUG - o.s.b.f.s.DefaultListableBeanFactory - Autowiring by type from bean name 'threadPoolTaskExecutorBuilder' via factory method to bean named 'spring.task.execution-org.springframework.boot.autoconfigure.task.TaskExecutionProperties'
2026-02-09 13:30:38 - DEBUG - o.s.b.f.s.DefaultListableBeanFactory - Autowiring by type from bean name 'applicationTaskExecutor' via factory method to bean named 'threadPoolTaskExecutorBuilder'
2026-02-09 13:30:38 - DEBUG - o.s.s.c.ThreadPoolTaskExecutor - Initializing ExecutorService 'applicationTaskExecutor'
2026-02-09 13:30:38 - DEBUG - o.s.b.f.s.DefaultListableBeanFactory - Creating shared instance of singleton bean 'dataSourceScriptDatabaseInitializer'
2026-02-09 13:30:38 - DEBUG - o.s.b.f.s.DefaultListableBeanFactory - Creating shared instance of singleton bean 'org.springframework.boot.autoconfigure.sql.init.DataSourceInitializationConfiguration'
2026-02-09 13:30:38 - DEBUG - o.s.b.f.s.DefaultListableBeanFactory - Creating shared instance of singleton bean 'dataSource'
2026-02-09 13:30:38 - DEBUG - o.s.b.f.s.DefaultListableBeanFactory - Creating shared instance of singleton bean 'org.springframework.boot.autoconfigure.jdbc.DataSourceConfiguration$Hikari'
2026-02-09 13:30:38 - DEBUG - o.s.b.f.s.DefaultListableBeanFactory - Creating shared instance of singleton bean 'spring.datasource-org.springframework.boot.autoconfigure.jdbc.DataSourceProperties'
2026-02-09 13:30:38 - DEBUG - o.s.b.f.s.DefaultListableBeanFactory - Creating shared instance of singleton bean 'jdbcConnectionDetails'
2026-02-09 13:30:38 - DEBUG - o.s.b.f.s.DefaultListableBeanFactory - Creating shared instance of singleton bean 'org.springframework.boot.autoconfigure.jdbc.DataSourceAutoConfiguration$PooledDataSourceConfiguration'
2026-02-09 13:30:38 - DEBUG - o.s.b.f.s.DefaultListableBeanFactory - Autowiring by type from bean name 'jdbcConnectionDetails' via factory method to bean named 'spring.datasource-org.springframework.boot.autoconfigure.jdbc.DataSourceProperties'
2026-02-09 13:30:38 - DEBUG - o.s.b.f.s.DefaultListableBeanFactory - Autowiring by type from bean name 'dataSource' via factory method to bean named 'spring.datasource-org.springframework.boot.autoconfigure.jdbc.DataSourceProperties'
2026-02-09 13:30:38 - DEBUG - o.s.b.f.s.DefaultListableBeanFactory - Autowiring by type from bean name 'dataSource' via factory method to bean named 'jdbcConnectionDetails'
2026-02-09 13:30:38 - DEBUG - o.s.b.f.s.DefaultListableBeanFactory - Autowiring by type from bean name 'dataSource' via factory method to bean named 'environment'
2026-02-09 13:30:38 - DEBUG - sun.rmi.transport.tcp - RMI TCP Connection(2)-127.0.0.1: (port 61316) op = 82
2026-02-09 13:30:38 - DEBUG - com.zaxxer.hikari.HikariConfig - Class com.mysql.cj.jdbc.Driver found in Thread context class loader org.springframework.boot.devtools.restart.classloader.RestartClassLoader@d09bf91
2026-02-09 13:30:38 - DEBUG - sun.rmi.transport.tcp - RMI TCP Connection(2)-127.0.0.1: (port 61316) op = 80
2026-02-09 13:30:38 - DEBUG - sun.rmi.loader - RMI TCP Connection(2)-127.0.0.1: name = "javax.management.ObjectName", codebase = ""
2026-02-09 13:30:38 - DEBUG - javax.management.remote.rmi - connectionId=rmi://127.0.0.1  1, name=org.springframework.boot:type=Admin,name=SpringApplication, attribute=Ready
2026-02-09 13:30:38 - DEBUG - sun.rmi.server.call - RMI TCP Connection(2)-127.0.0.1: [127.0.0.1] exception: 
javax.management.InstanceNotFoundException: org.springframework.boot:type=Admin,name=SpringApplication
	at java.management/com.sun.jmx.interceptor.DefaultMBeanServerInterceptor.getMBean(DefaultMBeanServerInterceptor.java:1088)
	at java.management/com.sun.jmx.interceptor.DefaultMBeanServerInterceptor.getAttribute(DefaultMBeanServerInterceptor.java:640)
	at java.management/com.sun.jmx.mbeanserver.JmxMBeanServer.getAttribute(JmxMBeanServer.java:679)
	at java.management.rmi/javax.management.remote.rmi.RMIConnectionImpl.doOperation(RMIConnectionImpl.java:1449)
	at java.management.rmi/javax.management.remote.rmi.RMIConnectionImpl$PrivilegedOperation.run(RMIConnectionImpl.java:1310)
	at java.management.rmi/javax.management.remote.rmi.RMIConnectionImpl.doPrivilegedOperation(RMIConnectionImpl.java:1405)
	at java.management.rmi/javax.management.remote.rmi.RMIConnectionImpl.getAttribute(RMIConnectionImpl.java:639)
	at java.base/jdk.internal.reflect.NativeMethodAccessorImpl.invoke0(Native Method)
	at java.base/jdk.internal.reflect.NativeMethodAccessorImpl.invoke(NativeMethodAccessorImpl.java:77)
	at java.base/jdk.internal.reflect.DelegatingMethodAccessorImpl.invoke(DelegatingMethodAccessorImpl.java:43)
	at java.base/java.lang.reflect.Method.invoke(Method.java:568)
	at java.rmi/sun.rmi.server.UnicastServerRef.dispatch(UnicastServerRef.java:360)
	at java.rmi/sun.rmi.transport.Transport$1.run(Transport.java:200)
	at java.rmi/sun.rmi.transport.Transport$1.run(Transport.java:197)
	at java.base/java.security.AccessController.doPrivileged(AccessController.java:712)
	at java.rmi/sun.rmi.transport.Transport.serviceCall(Transport.java:196)
	at java.rmi/sun.rmi.transport.tcp.TCPTransport.handleMessages(TCPTransport.java:587)
	at java.rmi/sun.rmi.transport.tcp.TCPTransport$ConnectionHandler.run0(TCPTransport.java:828)
	at java.rmi/sun.rmi.transport.tcp.TCPTransport$ConnectionHandler.lambda$run$0(TCPTransport.java:705)
	at java.base/java.security.AccessController.doPrivileged(AccessController.java:399)
	at java.rmi/sun.rmi.transport.tcp.TCPTransport$ConnectionHandler.run(TCPTransport.java:704)
	at java.base/java.util.concurrent.ThreadPoolExecutor.runWorker(ThreadPoolExecutor.java:1136)
	at java.base/java.util.concurrent.ThreadPoolExecutor$Worker.run(ThreadPoolExecutor.java:635)
	at java.base/java.lang.Thread.run(Thread.java:842)
2026-02-09 13:30:38 - DEBUG - o.s.b.f.s.DefaultListableBeanFactory - Creating shared instance of singleton bean 'spring.sql.init-org.springframework.boot.autoconfigure.sql.init.SqlInitializationProperties'
2026-02-09 13:30:38 - DEBUG - o.s.b.f.s.DefaultListableBeanFactory - Autowiring by type from bean name 'dataSourceScriptDatabaseInitializer' via factory method to bean named 'dataSource'
2026-02-09 13:30:38 - DEBUG - o.s.b.f.s.DefaultListableBeanFactory - Autowiring by type from bean name 'dataSourceScriptDatabaseInitializer' via factory method to bean named 'spring.sql.init-org.springframework.boot.autoconfigure.sql.init.SqlInitializationProperties'
2026-02-09 13:30:38 - DEBUG - o.s.b.f.s.DefaultListableBeanFactory - Creating shared instance of singleton bean 'inMemoryDatabaseShutdownExecutor'
2026-02-09 13:30:38 - DEBUG - o.s.b.f.s.DefaultListableBeanFactory - Creating shared instance of singleton bean 'org.springframework.boot.devtools.autoconfigure.DevToolsDataSourceAutoConfiguration'
2026-02-09 13:30:38 - DEBUG - o.s.b.f.s.DefaultListableBeanFactory - Autowiring by type from bean name 'inMemoryDatabaseShutdownExecutor' via factory method to bean named 'dataSource'
2026-02-09 13:30:38 - DEBUG - o.s.b.f.s.DefaultListableBeanFactory - Autowiring by type from bean name 'inMemoryDatabaseShutdownExecutor' via factory method to bean named 'spring.datasource-org.springframework.boot.autoconfigure.jdbc.DataSourceProperties'
2026-02-09 13:30:38 - DEBUG - o.s.b.f.s.DefaultListableBeanFactory - Creating shared instance of singleton bean 'org.springframework.context.config.internalBeanConfigurerAspect'
2026-02-09 13:30:38 - DEBUG - o.s.b.f.s.DefaultListableBeanFactory - Creating shared instance of singleton bean 'entityManagerFactory'
2026-02-09 13:30:38 - DEBUG - o.s.b.f.s.DefaultListableBeanFactory - Creating shared instance of singleton bean 'org.springframework.boot.autoconfigure.orm.jpa.HibernateJpaConfiguration'
2026-02-09 13:30:38 - DEBUG - o.s.b.f.s.DefaultListableBeanFactory - Creating shared instance of singleton bean 'spring.jpa-org.springframework.boot.autoconfigure.orm.jpa.JpaProperties'
2026-02-09 13:30:38 - DEBUG - o.s.b.f.s.DefaultListableBeanFactory - Creating shared instance of singleton bean 'spring.jpa.hibernate-org.springframework.boot.autoconfigure.orm.jpa.HibernateProperties'
2026-02-09 13:30:38 - DEBUG - o.s.b.f.s.DefaultListableBeanFactory - Autowiring by type from bean name 'org.springframework.boot.autoconfigure.orm.jpa.HibernateJpaConfiguration' via constructor to bean named 'dataSource'
2026-02-09 13:30:38 - DEBUG - o.s.b.f.s.DefaultListableBeanFactory - Autowiring by type from bean name 'org.springframework.boot.autoconfigure.orm.jpa.HibernateJpaConfiguration' via constructor to bean named 'spring.jpa-org.springframework.boot.autoconfigure.orm.jpa.JpaProperties'
2026-02-09 13:30:38 - DEBUG - o.s.b.f.s.DefaultListableBeanFactory - Autowiring by type from bean name 'org.springframework.boot.autoconfigure.orm.jpa.HibernateJpaConfiguration' via constructor to bean named 'org.springframework.beans.factory.support.DefaultListableBeanFactory@2a1ffe15'
2026-02-09 13:30:38 - DEBUG - o.s.b.f.s.DefaultListableBeanFactory - Autowiring by type from bean name 'org.springframework.boot.autoconfigure.orm.jpa.HibernateJpaConfiguration' via constructor to bean named 'spring.jpa.hibernate-org.springframework.boot.autoconfigure.orm.jpa.HibernateProperties'
2026-02-09 13:30:38 - DEBUG - o.s.b.f.s.DefaultListableBeanFactory - Creating shared instance of singleton bean 'hikariPoolDataSourceMetadataProvider'
2026-02-09 13:30:38 - DEBUG - o.s.b.f.s.DefaultListableBeanFactory - Creating shared instance of singleton bean 'org.springframework.boot.autoconfigure.jdbc.metadata.DataSourcePoolMetadataProvidersConfiguration$HikariPoolDataSourceMetadataProviderConfiguration'
2026-02-09 13:30:38 - DEBUG - o.s.b.f.s.DefaultListableBeanFactory - Creating shared instance of singleton bean 'entityManagerFactoryBuilder'
2026-02-09 13:30:38 - DEBUG - o.s.b.f.s.DefaultListableBeanFactory - Creating shared instance of singleton bean 'jpaVendorAdapter'
2026-02-09 13:30:38 - DEBUG - o.s.b.f.s.DefaultListableBeanFactory - Autowiring by type from bean name 'entityManagerFactoryBuilder' via factory method to bean named 'jpaVendorAdapter'
2026-02-09 13:30:38 - DEBUG - o.s.b.f.s.DefaultListableBeanFactory - Creating shared instance of singleton bean 'persistenceManagedTypes'
2026-02-09 13:30:38 - DEBUG - o.s.b.f.s.DefaultListableBeanFactory - Autowiring by type from bean name 'persistenceManagedTypes' via factory method to bean named 'org.springframework.beans.factory.support.DefaultListableBeanFactory@2a1ffe15'
2026-02-09 13:30:38 - DEBUG - o.s.b.f.s.DefaultListableBeanFactory - Autowiring by type from bean name 'persistenceManagedTypes' via factory method to bean named 'org.springframework.boot.web.servlet.context.AnnotationConfigServletWebServerApplicationContext@4ca55f3f'
2026-02-09 13:30:38 - DEBUG - o.s.b.f.s.DefaultListableBeanFactory - Autowiring by type from bean name 'entityManagerFactory' via factory method to bean named 'entityManagerFactoryBuilder'
2026-02-09 13:30:38 - DEBUG - o.s.b.f.s.DefaultListableBeanFactory - Autowiring by type from bean name 'entityManagerFactory' via factory method to bean named 'persistenceManagedTypes'
2026-02-09 13:30:38 - DEBUG - o.s.o.j.LocalContainerEntityManagerFactoryBean - Building JPA container EntityManagerFactory for persistence unit 'default'
2026-02-09 13:30:38 - DEBUG - o.h.jpa.internal.util.LogHelper - PersistenceUnitInfo [
	name: default
	persistence provider classname: null
	classloader: org.springframework.boot.devtools.restart.classloader.RestartClassLoader@d09bf91
	excludeUnlistedClasses: true
	JTA datasource: null
	Non JTA datasource: HikariDataSource (null)
	Transaction type: RESOURCE_LOCAL
	PU root URL: file:/F:/projects2025/EnterpriseFlow/enterpriseflow/target/classes/
	Shared Cache Mode: UNSPECIFIED
	Validation Mode: AUTO
	Jar files URLs []
	Managed classes names [
		com.enterpriseflow.entity.auth.Role
		com.enterpriseflow.entity.auth.User
		com.enterpriseflow.entity.BaseEntity]
	Mapping files names []
	Properties []
2026-02-09 13:30:38 - DEBUG - o.h.i.internal.IntegratorServiceImpl - Adding Integrator [org.hibernate.boot.beanvalidation.BeanValidationIntegrator].
2026-02-09 13:30:38 - DEBUG - o.h.i.internal.IntegratorServiceImpl - Adding Integrator [org.hibernate.cache.internal.CollectionCacheInvalidator].
2026-02-09 13:30:38 - INFO - org.hibernate.Version - HHH000412: Hibernate ORM core version 6.6.41.Final
2026-02-09 13:30:38 - DEBUG - org.hibernate.cfg.Environment - HHH000206: 'hibernate.properties' not found
2026-02-09 13:30:38 - DEBUG - org.hibernate.orm.idgen.factory - Registering IdentifierGenerator strategy [uuid2] -> [org.hibernate.id.UUIDGenerator]
2026-02-09 13:30:38 - DEBUG - org.hibernate.orm.idgen.factory - Registering IdentifierGenerator strategy [guid] -> [org.hibernate.id.GUIDGenerator]
2026-02-09 13:30:38 - DEBUG - org.hibernate.orm.idgen.factory - Registering IdentifierGenerator strategy [uuid] -> [org.hibernate.id.UUIDHexGenerator]
2026-02-09 13:30:38 - DEBUG - org.hibernate.orm.idgen.factory - Registering IdentifierGenerator strategy [uuid.hex] -> [org.hibernate.id.UUIDHexGenerator]
2026-02-09 13:30:38 - DEBUG - org.hibernate.orm.idgen.factory - Registering IdentifierGenerator strategy [assigned] -> [org.hibernate.id.Assigned]
2026-02-09 13:30:38 - DEBUG - org.hibernate.orm.idgen.factory - Registering IdentifierGenerator strategy [identity] -> [org.hibernate.id.IdentityGenerator]
2026-02-09 13:30:38 - DEBUG - org.hibernate.orm.idgen.factory - Registering IdentifierGenerator strategy [select] -> [org.hibernate.id.SelectGenerator]
2026-02-09 13:30:38 - DEBUG - org.hibernate.orm.idgen.factory - Registering IdentifierGenerator strategy [sequence] -> [org.hibernate.id.enhanced.SequenceStyleGenerator]
2026-02-09 13:30:38 - DEBUG - org.hibernate.orm.idgen.factory - Registering IdentifierGenerator strategy [increment] -> [org.hibernate.id.IncrementGenerator]
2026-02-09 13:30:38 - DEBUG - org.hibernate.orm.idgen.factory - Registering IdentifierGenerator strategy [foreign] -> [org.hibernate.id.ForeignGenerator]
2026-02-09 13:30:38 - DEBUG - org.hibernate.orm.idgen.factory - Registering IdentifierGenerator strategy [enhanced-sequence] -> [org.hibernate.id.enhanced.SequenceStyleGenerator]
2026-02-09 13:30:38 - DEBUG - org.hibernate.orm.idgen.factory - Registering IdentifierGenerator strategy [enhanced-table] -> [org.hibernate.id.enhanced.TableGenerator]
2026-02-09 13:30:38 - DEBUG - o.h.c.i.RegionFactoryInitiator - Cannot default RegionFactory based on registered strategies as `[]` RegionFactory strategies were registered
2026-02-09 13:30:38 - INFO - o.h.c.i.RegionFactoryInitiator - HHH000026: Second-level cache disabled
2026-02-09 13:30:39 - DEBUG - sun.rmi.transport.tcp - RMI TCP Connection(2)-127.0.0.1: (port 61316) op = 82
2026-02-09 13:30:39 - DEBUG - sun.rmi.transport.tcp - RMI TCP Connection(2)-127.0.0.1: (port 61316) op = 80
2026-02-09 13:30:39 - DEBUG - sun.rmi.loader - RMI TCP Connection(2)-127.0.0.1: name = "javax.management.ObjectName", codebase = ""
2026-02-09 13:30:39 - DEBUG - javax.management.remote.rmi - connectionId=rmi://127.0.0.1  1, name=org.springframework.boot:type=Admin,name=SpringApplication, attribute=Ready
2026-02-09 13:30:39 - DEBUG - sun.rmi.server.call - RMI TCP Connection(2)-127.0.0.1: [127.0.0.1] exception: 
javax.management.InstanceNotFoundException: org.springframework.boot:type=Admin,name=SpringApplication
	at java.management/com.sun.jmx.interceptor.DefaultMBeanServerInterceptor.getMBean(DefaultMBeanServerInterceptor.java:1088)
	at java.management/com.sun.jmx.interceptor.DefaultMBeanServerInterceptor.getAttribute(DefaultMBeanServerInterceptor.java:640)
	at java.management/com.sun.jmx.mbeanserver.JmxMBeanServer.getAttribute(JmxMBeanServer.java:679)
	at java.management.rmi/javax.management.remote.rmi.RMIConnectionImpl.doOperation(RMIConnectionImpl.java:1449)
	at java.management.rmi/javax.management.remote.rmi.RMIConnectionImpl$PrivilegedOperation.run(RMIConnectionImpl.java:1310)
	at java.management.rmi/javax.management.remote.rmi.RMIConnectionImpl.doPrivilegedOperation(RMIConnectionImpl.java:1405)
	at java.management.rmi/javax.management.remote.rmi.RMIConnectionImpl.getAttribute(RMIConnectionImpl.java:639)
	at java.base/jdk.internal.reflect.NativeMethodAccessorImpl.invoke0(Native Method)
	at java.base/jdk.internal.reflect.NativeMethodAccessorImpl.invoke(NativeMethodAccessorImpl.java:77)
	at java.base/jdk.internal.reflect.DelegatingMethodAccessorImpl.invoke(DelegatingMethodAccessorImpl.java:43)
	at java.base/java.lang.reflect.Method.invoke(Method.java:568)
	at java.rmi/sun.rmi.server.UnicastServerRef.dispatch(UnicastServerRef.java:360)
	at java.rmi/sun.rmi.transport.Transport$1.run(Transport.java:200)
	at java.rmi/sun.rmi.transport.Transport$1.run(Transport.java:197)
	at java.base/java.security.AccessController.doPrivileged(AccessController.java:712)
	at java.rmi/sun.rmi.transport.Transport.serviceCall(Transport.java:196)
	at java.rmi/sun.rmi.transport.tcp.TCPTransport.handleMessages(TCPTransport.java:587)
	at java.rmi/sun.rmi.transport.tcp.TCPTransport$ConnectionHandler.run0(TCPTransport.java:828)
	at java.rmi/sun.rmi.transport.tcp.TCPTransport$ConnectionHandler.lambda$run$0(TCPTransport.java:705)
	at java.base/java.security.AccessController.doPrivileged(AccessController.java:399)
	at java.rmi/sun.rmi.transport.tcp.TCPTransport$ConnectionHandler.run(TCPTransport.java:704)
	at java.base/java.util.concurrent.ThreadPoolExecutor.runWorker(ThreadPoolExecutor.java:1136)
	at java.base/java.util.concurrent.ThreadPoolExecutor$Worker.run(ThreadPoolExecutor.java:635)
	at java.base/java.lang.Thread.run(Thread.java:842)
2026-02-09 13:30:39 - DEBUG - o.hibernate.type.BasicTypeRegistry - Adding type registration boolean -> org.hibernate.type.BasicTypeReference@2c0ff63a
2026-02-09 13:30:39 - DEBUG - o.hibernate.type.BasicTypeRegistry - Adding type registration boolean -> org.hibernate.type.BasicTypeReference@2c0ff63a
2026-02-09 13:30:39 - DEBUG - o.hibernate.type.BasicTypeRegistry - Adding type registration java.lang.Boolean -> org.hibernate.type.BasicTypeReference@2c0ff63a
2026-02-09 13:30:39 - DEBUG - o.hibernate.type.BasicTypeRegistry - Adding type registration numeric_boolean -> org.hibernate.type.BasicTypeReference@378374c4
2026-02-09 13:30:39 - DEBUG - o.hibernate.type.BasicTypeRegistry - Adding type registration org.hibernate.type.NumericBooleanConverter -> org.hibernate.type.BasicTypeReference@378374c4
2026-02-09 13:30:39 - DEBUG - o.hibernate.type.BasicTypeRegistry - Adding type registration true_false -> org.hibernate.type.BasicTypeReference@2775a14a
2026-02-09 13:30:39 - DEBUG - o.hibernate.type.BasicTypeRegistry - Adding type registration org.hibernate.type.TrueFalseConverter -> org.hibernate.type.BasicTypeReference@2775a14a
2026-02-09 13:30:39 - DEBUG - o.hibernate.type.BasicTypeRegistry - Adding type registration yes_no -> org.hibernate.type.BasicTypeReference@78d78209
2026-02-09 13:30:39 - DEBUG - o.hibernate.type.BasicTypeRegistry - Adding type registration org.hibernate.type.YesNoConverter -> org.hibernate.type.BasicTypeReference@78d78209
2026-02-09 13:30:39 - DEBUG - o.hibernate.type.BasicTypeRegistry - Adding type registration byte -> org.hibernate.type.BasicTypeReference@2bba150f
2026-02-09 13:30:39 - DEBUG - o.hibernate.type.BasicTypeRegistry - Adding type registration byte -> org.hibernate.type.BasicTypeReference@2bba150f
2026-02-09 13:30:39 - DEBUG - o.hibernate.type.BasicTypeRegistry - Adding type registration java.lang.Byte -> org.hibernate.type.BasicTypeReference@2bba150f
2026-02-09 13:30:39 - DEBUG - o.hibernate.type.BasicTypeRegistry - Adding type registration binary -> org.hibernate.type.BasicTypeReference@73371e8
2026-02-09 13:30:39 - DEBUG - o.hibernate.type.BasicTypeRegistry - Adding type registration byte[] -> org.hibernate.type.BasicTypeReference@73371e8
2026-02-09 13:30:39 - DEBUG - o.hibernate.type.BasicTypeRegistry - Adding type registration [B -> org.hibernate.type.BasicTypeReference@73371e8
2026-02-09 13:30:39 - DEBUG - o.hibernate.type.BasicTypeRegistry - Adding type registration binary_wrapper -> org.hibernate.type.BasicTypeReference@dc6ffb5
2026-02-09 13:30:39 - DEBUG - o.hibernate.type.BasicTypeRegistry - Adding type registration wrapper-binary -> org.hibernate.type.BasicTypeReference@dc6ffb5
2026-02-09 13:30:39 - DEBUG - o.hibernate.type.BasicTypeRegistry - Adding type registration image -> org.hibernate.type.BasicTypeReference@49c5e3ce
2026-02-09 13:30:39 - DEBUG - o.hibernate.type.BasicTypeRegistry - Adding type registration blob -> org.hibernate.type.BasicTypeReference@32ac9594
2026-02-09 13:30:39 - DEBUG - o.hibernate.type.BasicTypeRegistry - Adding type registration java.sql.Blob -> org.hibernate.type.BasicTypeReference@32ac9594
2026-02-09 13:30:39 - DEBUG - o.hibernate.type.BasicTypeRegistry - Adding type registration materialized_blob -> org.hibernate.type.BasicTypeReference@2e8c1e18
2026-02-09 13:30:39 - DEBUG - o.hibernate.type.BasicTypeRegistry - Adding type registration materialized_blob_wrapper -> org.hibernate.type.BasicTypeReference@140d672b
2026-02-09 13:30:39 - DEBUG - o.hibernate.type.BasicTypeRegistry - Adding type registration short -> org.hibernate.type.BasicTypeReference@72b02df7
2026-02-09 13:30:39 - DEBUG - o.hibernate.type.BasicTypeRegistry - Adding type registration short -> org.hibernate.type.BasicTypeReference@72b02df7
2026-02-09 13:30:39 - DEBUG - o.hibernate.type.BasicTypeRegistry - Adding type registration java.lang.Short -> org.hibernate.type.BasicTypeReference@72b02df7
2026-02-09 13:30:39 - DEBUG - o.hibernate.type.BasicTypeRegistry - Adding type registration integer -> org.hibernate.type.BasicTypeReference@24e61600
2026-02-09 13:30:39 - DEBUG - o.hibernate.type.BasicTypeRegistry - Adding type registration int -> org.hibernate.type.BasicTypeReference@24e61600
2026-02-09 13:30:39 - DEBUG - o.hibernate.type.BasicTypeRegistry - Adding type registration java.lang.Integer -> org.hibernate.type.BasicTypeReference@24e61600
2026-02-09 13:30:39 - DEBUG - o.hibernate.type.BasicTypeRegistry - Adding type registration long -> org.hibernate.type.BasicTypeReference@6a54b05a
2026-02-09 13:30:39 - DEBUG - o.hibernate.type.BasicTypeRegistry - Adding type registration long -> org.hibernate.type.BasicTypeReference@6a54b05a
2026-02-09 13:30:39 - DEBUG - o.hibernate.type.BasicTypeRegistry - Adding type registration java.lang.Long -> org.hibernate.type.BasicTypeReference@6a54b05a
2026-02-09 13:30:39 - DEBUG - o.hibernate.type.BasicTypeRegistry - Adding type registration float -> org.hibernate.type.BasicTypeReference@151fa604
2026-02-09 13:30:39 - DEBUG - o.hibernate.type.BasicTypeRegistry - Adding type registration float -> org.hibernate.type.BasicTypeReference@151fa604
2026-02-09 13:30:39 - DEBUG - o.hibernate.type.BasicTypeRegistry - Adding type registration java.lang.Float -> org.hibernate.type.BasicTypeReference@151fa604
2026-02-09 13:30:39 - DEBUG - o.hibernate.type.BasicTypeRegistry - Adding type registration double -> org.hibernate.type.BasicTypeReference@6633fec5
2026-02-09 13:30:39 - DEBUG - o.hibernate.type.BasicTypeRegistry - Adding type registration double -> org.hibernate.type.BasicTypeReference@6633fec5
2026-02-09 13:30:39 - DEBUG - o.hibernate.type.BasicTypeRegistry - Adding type registration java.lang.Double -> org.hibernate.type.BasicTypeReference@6633fec5
2026-02-09 13:30:39 - DEBUG - o.hibernate.type.BasicTypeRegistry - Adding type registration big_integer -> org.hibernate.type.BasicTypeReference@7271b215
2026-02-09 13:30:39 - DEBUG - o.hibernate.type.BasicTypeRegistry - Adding type registration java.math.BigInteger -> org.hibernate.type.BasicTypeReference@7271b215
2026-02-09 13:30:39 - DEBUG - o.hibernate.type.BasicTypeRegistry - Adding type registration big_decimal -> org.hibernate.type.BasicTypeReference@3de80a61
2026-02-09 13:30:39 - DEBUG - o.hibernate.type.BasicTypeRegistry - Adding type registration java.math.BigDecimal -> org.hibernate.type.BasicTypeReference@3de80a61
2026-02-09 13:30:39 - DEBUG - o.hibernate.type.BasicTypeRegistry - Adding type registration character -> org.hibernate.type.BasicTypeReference@55afa45e
2026-02-09 13:30:39 - DEBUG - o.hibernate.type.BasicTypeRegistry - Adding type registration char -> org.hibernate.type.BasicTypeReference@55afa45e
2026-02-09 13:30:39 - DEBUG - o.hibernate.type.BasicTypeRegistry - Adding type registration java.lang.Character -> org.hibernate.type.BasicTypeReference@55afa45e
2026-02-09 13:30:39 - DEBUG - o.hibernate.type.BasicTypeRegistry - Adding type registration character_nchar -> org.hibernate.type.BasicTypeReference@2c93bdf8
2026-02-09 13:30:39 - DEBUG - o.hibernate.type.BasicTypeRegistry - Adding type registration string -> org.hibernate.type.BasicTypeReference@538d5365
2026-02-09 13:30:39 - DEBUG - o.hibernate.type.BasicTypeRegistry - Adding type registration java.lang.String -> org.hibernate.type.BasicTypeReference@538d5365
2026-02-09 13:30:39 - DEBUG - o.hibernate.type.BasicTypeRegistry - Adding type registration nstring -> org.hibernate.type.BasicTypeReference@2e4be077
2026-02-09 13:30:39 - DEBUG - o.hibernate.type.BasicTypeRegistry - Adding type registration characters -> org.hibernate.type.BasicTypeReference@6ee3cb4
2026-02-09 13:30:39 - DEBUG - o.hibernate.type.BasicTypeRegistry - Adding type registration char[] -> org.hibernate.type.BasicTypeReference@6ee3cb4
2026-02-09 13:30:39 - DEBUG - o.hibernate.type.BasicTypeRegistry - Adding type registration [C -> org.hibernate.type.BasicTypeReference@6ee3cb4
2026-02-09 13:30:39 - DEBUG - o.hibernate.type.BasicTypeRegistry - Adding type registration wrapper-characters -> org.hibernate.type.BasicTypeReference@37a33dec
2026-02-09 13:30:39 - DEBUG - o.hibernate.type.BasicTypeRegistry - Adding type registration text -> org.hibernate.type.BasicTypeReference@e8c5606
2026-02-09 13:30:39 - DEBUG - o.hibernate.type.BasicTypeRegistry - Adding type registration ntext -> org.hibernate.type.BasicTypeReference@7fb547f8
2026-02-09 13:30:39 - DEBUG - o.hibernate.type.BasicTypeRegistry - Adding type registration clob -> org.hibernate.type.BasicTypeReference@8c9df26
2026-02-09 13:30:39 - DEBUG - o.hibernate.type.BasicTypeRegistry - Adding type registration java.sql.Clob -> org.hibernate.type.BasicTypeReference@8c9df26
2026-02-09 13:30:39 - DEBUG - o.hibernate.type.BasicTypeRegistry - Adding type registration nclob -> org.hibernate.type.BasicTypeReference@26abcf8e
2026-02-09 13:30:39 - DEBUG - o.hibernate.type.BasicTypeRegistry - Adding type registration java.sql.NClob -> org.hibernate.type.BasicTypeReference@26abcf8e
2026-02-09 13:30:39 - DEBUG - o.hibernate.type.BasicTypeRegistry - Adding type registration materialized_clob -> org.hibernate.type.BasicTypeReference@4afb913b
2026-02-09 13:30:39 - DEBUG - o.hibernate.type.BasicTypeRegistry - Adding type registration materialized_clob_char_array -> org.hibernate.type.BasicTypeReference@1fa4951b
2026-02-09 13:30:39 - DEBUG - o.hibernate.type.BasicTypeRegistry - Adding type registration materialized_clob_character_array -> org.hibernate.type.BasicTypeReference@59d25926
2026-02-09 13:30:39 - DEBUG - o.hibernate.type.BasicTypeRegistry - Adding type registration materialized_nclob -> org.hibernate.type.BasicTypeReference@217d2a2d
2026-02-09 13:30:39 - DEBUG - o.hibernate.type.BasicTypeRegistry - Adding type registration materialized_nclob_character_array -> org.hibernate.type.BasicTypeReference@37990570
2026-02-09 13:30:39 - DEBUG - o.hibernate.type.BasicTypeRegistry - Adding type registration materialized_nclob_char_array -> org.hibernate.type.BasicTypeReference@c2e42d5
2026-02-09 13:30:39 - DEBUG - o.hibernate.type.BasicTypeRegistry - Adding type registration Duration -> org.hibernate.type.BasicTypeReference@477e211f
2026-02-09 13:30:39 - DEBUG - o.hibernate.type.BasicTypeRegistry - Adding type registration java.time.Duration -> org.hibernate.type.BasicTypeReference@477e211f
2026-02-09 13:30:39 - DEBUG - o.hibernate.type.BasicTypeRegistry - Adding type registration LocalDateTime -> org.hibernate.type.BasicTypeReference@f1a579f
2026-02-09 13:30:39 - DEBUG - o.hibernate.type.BasicTypeRegistry - Adding type registration java.time.LocalDateTime -> org.hibernate.type.BasicTypeReference@f1a579f
2026-02-09 13:30:39 - DEBUG - o.hibernate.type.BasicTypeRegistry - Adding type registration LocalDate -> org.hibernate.type.BasicTypeReference@70577189
2026-02-09 13:30:39 - DEBUG - o.hibernate.type.BasicTypeRegistry - Adding type registration java.time.LocalDate -> org.hibernate.type.BasicTypeReference@70577189
2026-02-09 13:30:39 - DEBUG - o.hibernate.type.BasicTypeRegistry - Adding type registration LocalTime -> org.hibernate.type.BasicTypeReference@e91adbc
2026-02-09 13:30:39 - DEBUG - o.hibernate.type.BasicTypeRegistry - Adding type registration java.time.LocalTime -> org.hibernate.type.BasicTypeReference@e91adbc
2026-02-09 13:30:39 - DEBUG - o.hibernate.type.BasicTypeRegistry - Adding type registration OffsetDateTime -> org.hibernate.type.BasicTypeReference@38d113a8
2026-02-09 13:30:39 - DEBUG - o.hibernate.type.BasicTypeRegistry - Adding type registration java.time.OffsetDateTime -> org.hibernate.type.BasicTypeReference@38d113a8
2026-02-09 13:30:39 - DEBUG - o.hibernate.type.BasicTypeRegistry - Adding type registration OffsetDateTimeWithTimezone -> org.hibernate.type.BasicTypeReference@652a0d82
2026-02-09 13:30:39 - DEBUG - o.hibernate.type.BasicTypeRegistry - Adding type registration OffsetDateTimeWithoutTimezone -> org.hibernate.type.BasicTypeReference@2e3af397
2026-02-09 13:30:39 - DEBUG - o.hibernate.type.BasicTypeRegistry - Adding type registration OffsetTime -> org.hibernate.type.BasicTypeReference@2dc547a1
2026-02-09 13:30:39 - DEBUG - o.hibernate.type.BasicTypeRegistry - Adding type registration java.time.OffsetTime -> org.hibernate.type.BasicTypeReference@2dc547a1
2026-02-09 13:30:39 - DEBUG - o.hibernate.type.BasicTypeRegistry - Adding type registration OffsetTimeUtc -> org.hibernate.type.BasicTypeReference@1db95de2
2026-02-09 13:30:39 - DEBUG - o.hibernate.type.BasicTypeRegistry - Adding type registration OffsetTimeWithTimezone -> org.hibernate.type.BasicTypeReference@284a05ca
2026-02-09 13:30:39 - DEBUG - o.hibernate.type.BasicTypeRegistry - Adding type registration OffsetTimeWithoutTimezone -> org.hibernate.type.BasicTypeReference@5115fd1f
2026-02-09 13:30:39 - DEBUG - o.hibernate.type.BasicTypeRegistry - Adding type registration ZonedDateTime -> org.hibernate.type.BasicTypeReference@56ea40d3
2026-02-09 13:30:39 - DEBUG - o.hibernate.type.BasicTypeRegistry - Adding type registration java.time.ZonedDateTime -> org.hibernate.type.BasicTypeReference@56ea40d3
2026-02-09 13:30:39 - DEBUG - o.hibernate.type.BasicTypeRegistry - Adding type registration ZonedDateTimeWithTimezone -> org.hibernate.type.BasicTypeReference@16b51a1
2026-02-09 13:30:39 - DEBUG - o.hibernate.type.BasicTypeRegistry - Adding type registration ZonedDateTimeWithoutTimezone -> org.hibernate.type.BasicTypeReference@79f77013
2026-02-09 13:30:39 - DEBUG - o.hibernate.type.BasicTypeRegistry - Adding type registration date -> org.hibernate.type.BasicTypeReference@7f48737
2026-02-09 13:30:39 - DEBUG - o.hibernate.type.BasicTypeRegistry - Adding type registration java.sql.Date -> org.hibernate.type.BasicTypeReference@7f48737
2026-02-09 13:30:39 - DEBUG - o.hibernate.type.BasicTypeRegistry - Adding type registration time -> org.hibernate.type.BasicTypeReference@31ca3c2
2026-02-09 13:30:39 - DEBUG - o.hibernate.type.BasicTypeRegistry - Adding type registration java.sql.Time -> org.hibernate.type.BasicTypeReference@31ca3c2
2026-02-09 13:30:39 - DEBUG - o.hibernate.type.BasicTypeRegistry - Adding type registration timestamp -> org.hibernate.type.BasicTypeReference@58210c59
2026-02-09 13:30:39 - DEBUG - o.hibernate.type.BasicTypeRegistry - Adding type registration java.sql.Timestamp -> org.hibernate.type.BasicTypeReference@58210c59
2026-02-09 13:30:39 - DEBUG - o.hibernate.type.BasicTypeRegistry - Adding type registration java.util.Date -> org.hibernate.type.BasicTypeReference@58210c59
2026-02-09 13:30:39 - DEBUG - o.hibernate.type.BasicTypeRegistry - Adding type registration calendar -> org.hibernate.type.BasicTypeReference@1a9498a6
2026-02-09 13:30:39 - DEBUG - o.hibernate.type.BasicTypeRegistry - Adding type registration java.util.Calendar -> org.hibernate.type.BasicTypeReference@1a9498a6
2026-02-09 13:30:39 - DEBUG - o.hibernate.type.BasicTypeRegistry - Adding type registration java.util.GregorianCalendar -> org.hibernate.type.BasicTypeReference@1a9498a6
2026-02-09 13:30:39 - DEBUG - o.hibernate.type.BasicTypeRegistry - Adding type registration calendar_date -> org.hibernate.type.BasicTypeReference@397a79fc
2026-02-09 13:30:39 - DEBUG - o.hibernate.type.BasicTypeRegistry - Adding type registration calendar_time -> org.hibernate.type.BasicTypeReference@5f1edfa2
2026-02-09 13:30:39 - DEBUG - o.hibernate.type.BasicTypeRegistry - Adding type registration instant -> org.hibernate.type.BasicTypeReference@f0d43dc
2026-02-09 13:30:39 - DEBUG - o.hibernate.type.BasicTypeRegistry - Adding type registration java.time.Instant -> org.hibernate.type.BasicTypeReference@f0d43dc
2026-02-09 13:30:39 - DEBUG - o.hibernate.type.BasicTypeRegistry - Adding type registration uuid -> org.hibernate.type.BasicTypeReference@3162ab33
2026-02-09 13:30:39 - DEBUG - o.hibernate.type.BasicTypeRegistry - Adding type registration java.util.UUID -> org.hibernate.type.BasicTypeReference@3162ab33
2026-02-09 13:30:39 - DEBUG - o.hibernate.type.BasicTypeRegistry - Adding type registration pg-uuid -> org.hibernate.type.BasicTypeReference@3162ab33
2026-02-09 13:30:39 - DEBUG - o.hibernate.type.BasicTypeRegistry - Adding type registration uuid-binary -> org.hibernate.type.BasicTypeReference@5bbd917a
2026-02-09 13:30:39 - DEBUG - o.hibernate.type.BasicTypeRegistry - Adding type registration uuid-char -> org.hibernate.type.BasicTypeReference@7277a660
2026-02-09 13:30:39 - DEBUG - o.hibernate.type.BasicTypeRegistry - Adding type registration class -> org.hibernate.type.BasicTypeReference@17810851
2026-02-09 13:30:39 - DEBUG - o.hibernate.type.BasicTypeRegistry - Adding type registration java.lang.Class -> org.hibernate.type.BasicTypeReference@17810851
2026-02-09 13:30:39 - DEBUG - o.hibernate.type.BasicTypeRegistry - Adding type registration currency -> org.hibernate.type.BasicTypeReference@331e02a1
2026-02-09 13:30:39 - DEBUG - o.hibernate.type.BasicTypeRegistry - Adding type registration Currency -> org.hibernate.type.BasicTypeReference@331e02a1
2026-02-09 13:30:39 - DEBUG - o.hibernate.type.BasicTypeRegistry - Adding type registration java.util.Currency -> org.hibernate.type.BasicTypeReference@331e02a1
2026-02-09 13:30:39 - DEBUG - o.hibernate.type.BasicTypeRegistry - Adding type registration locale -> org.hibernate.type.BasicTypeReference@41f63f9
2026-02-09 13:30:39 - DEBUG - o.hibernate.type.BasicTypeRegistry - Adding type registration java.util.Locale -> org.hibernate.type.BasicTypeReference@41f63f9
2026-02-09 13:30:39 - DEBUG - o.hibernate.type.BasicTypeRegistry - Adding type registration serializable -> org.hibernate.type.BasicTypeReference@4b1491bc
2026-02-09 13:30:39 - DEBUG - o.hibernate.type.BasicTypeRegistry - Adding type registration java.io.Serializable -> org.hibernate.type.BasicTypeReference@4b1491bc
2026-02-09 13:30:39 - DEBUG - o.hibernate.type.BasicTypeRegistry - Adding type registration timezone -> org.hibernate.type.BasicTypeReference@54c8cb0f
2026-02-09 13:30:39 - DEBUG - o.hibernate.type.BasicTypeRegistry - Adding type registration java.util.TimeZone -> org.hibernate.type.BasicTypeReference@54c8cb0f
2026-02-09 13:30:39 - DEBUG - o.hibernate.type.BasicTypeRegistry - Adding type registration ZoneOffset -> org.hibernate.type.BasicTypeReference@1780d03d
2026-02-09 13:30:39 - DEBUG - o.hibernate.type.BasicTypeRegistry - Adding type registration java.time.ZoneOffset -> org.hibernate.type.BasicTypeReference@1780d03d
2026-02-09 13:30:39 - DEBUG - o.hibernate.type.BasicTypeRegistry - Adding type registration url -> org.hibernate.type.BasicTypeReference@68ff699f
2026-02-09 13:30:39 - DEBUG - o.hibernate.type.BasicTypeRegistry - Adding type registration java.net.URL -> org.hibernate.type.BasicTypeReference@68ff699f
2026-02-09 13:30:39 - DEBUG - o.hibernate.type.BasicTypeRegistry - Adding type registration vector -> org.hibernate.type.BasicTypeReference@7099c4d
2026-02-09 13:30:39 - DEBUG - o.hibernate.type.BasicTypeRegistry - Adding type registration float_vector -> org.hibernate.type.BasicTypeReference@150baf10
2026-02-09 13:30:39 - DEBUG - o.hibernate.type.BasicTypeRegistry - Adding type registration double_vector -> org.hibernate.type.BasicTypeReference@49b94b4
2026-02-09 13:30:39 - DEBUG - o.hibernate.type.BasicTypeRegistry - Adding type registration byte_vector -> org.hibernate.type.BasicTypeReference@173ba629
2026-02-09 13:30:39 - DEBUG - o.hibernate.type.BasicTypeRegistry - Adding type registration row_version -> org.hibernate.type.BasicTypeReference@5c1bab77
2026-02-09 13:30:39 - DEBUG - o.hibernate.type.BasicTypeRegistry - Adding type registration object -> org.hibernate.type.JavaObjectType@908c7fa
2026-02-09 13:30:39 - DEBUG - o.hibernate.type.BasicTypeRegistry - Adding type registration java.lang.Object -> org.hibernate.type.JavaObjectType@908c7fa
2026-02-09 13:30:39 - DEBUG - o.hibernate.type.BasicTypeRegistry - Adding type registration null -> org.hibernate.type.NullType@c1f9b65
2026-02-09 13:30:39 - DEBUG - o.hibernate.type.BasicTypeRegistry - Adding type registration imm_date -> org.hibernate.type.BasicTypeReference@6e89e60d
2026-02-09 13:30:39 - DEBUG - o.hibernate.type.BasicTypeRegistry - Adding type registration imm_time -> org.hibernate.type.BasicTypeReference@265087f9
2026-02-09 13:30:39 - DEBUG - o.hibernate.type.BasicTypeRegistry - Adding type registration imm_timestamp -> org.hibernate.type.BasicTypeReference@13e751eb
2026-02-09 13:30:39 - DEBUG - o.hibernate.type.BasicTypeRegistry - Adding type registration imm_calendar -> org.hibernate.type.BasicTypeReference@63d33441
2026-02-09 13:30:39 - DEBUG - o.hibernate.type.BasicTypeRegistry - Adding type registration imm_calendar_date -> org.hibernate.type.BasicTypeReference@424b0fb8
2026-02-09 13:30:39 - DEBUG - o.hibernate.type.BasicTypeRegistry - Adding type registration imm_calendar_time -> org.hibernate.type.BasicTypeReference@60862747
2026-02-09 13:30:39 - DEBUG - o.hibernate.type.BasicTypeRegistry - Adding type registration imm_binary -> org.hibernate.type.BasicTypeReference@49475ab5
2026-02-09 13:30:39 - DEBUG - o.hibernate.type.BasicTypeRegistry - Adding type registration imm_serializable -> org.hibernate.type.BasicTypeReference@33cc1ee0
2026-02-09 13:30:39 - DEBUG - o.h.b.internal.BootstrapContextImpl - Injecting JPA temp ClassLoader [org.springframework.instrument.classloading.SimpleThrowawayClassLoader@3735eb4] into BootstrapContext; was [null]
2026-02-09 13:30:39 - DEBUG - o.h.b.internal.ClassLoaderAccessImpl - ClassLoaderAccessImpl#injectTempClassLoader(org.springframework.instrument.classloading.SimpleThrowawayClassLoader@3735eb4) [was null]
2026-02-09 13:30:39 - DEBUG - o.h.b.internal.BootstrapContextImpl - Injecting ScanEnvironment [org.hibernate.jpa.boot.internal.StandardJpaScanEnvironmentImpl@c4e6f61] into BootstrapContext; was [null]
2026-02-09 13:30:39 - DEBUG - o.h.b.internal.BootstrapContextImpl - Injecting ScanOptions [org.hibernate.boot.archive.scan.internal.StandardScanOptions@b4f8cb7] into BootstrapContext; was [org.hibernate.boot.archive.scan.internal.StandardScanOptions@526b8d6c]
2026-02-09 13:30:39 - DEBUG - o.h.j.b.i.PersistenceUnitInfoDescriptor - Pushing class transformers for PU named 'default' on loading classloader jdk.internal.loader.ClassLoaders$AppClassLoader@1d44bcfa
2026-02-09 13:30:39 - INFO - o.s.o.j.p.SpringPersistenceUnitInfo - No LoadTimeWeaver setup: ignoring JPA class transformer
2026-02-09 13:30:39 - DEBUG - o.h.b.internal.BootstrapContextImpl - Injecting JPA temp ClassLoader [null] into BootstrapContext; was [org.springframework.instrument.classloading.SimpleThrowawayClassLoader@3735eb4]
2026-02-09 13:30:39 - DEBUG - o.h.b.internal.ClassLoaderAccessImpl - ClassLoaderAccessImpl#injectTempClassLoader(null) [was org.springframework.instrument.classloading.SimpleThrowawayClassLoader@3735eb4]
2026-02-09 13:30:39 - DEBUG - com.zaxxer.hikari.HikariConfig - HikariPool-1 - configuration:
2026-02-09 13:30:39 - DEBUG - com.zaxxer.hikari.HikariConfig - allowPoolSuspension.............false
2026-02-09 13:30:39 - DEBUG - com.zaxxer.hikari.HikariConfig - autoCommit......................true
2026-02-09 13:30:39 - DEBUG - com.zaxxer.hikari.HikariConfig - catalog.........................none
2026-02-09 13:30:39 - DEBUG - com.zaxxer.hikari.HikariConfig - connectionInitSql...............none
2026-02-09 13:30:39 - DEBUG - com.zaxxer.hikari.HikariConfig - connectionTestQuery.............none
2026-02-09 13:30:39 - DEBUG - com.zaxxer.hikari.HikariConfig - connectionTimeout...............30000
2026-02-09 13:30:39 - DEBUG - com.zaxxer.hikari.HikariConfig - credentials.....................com.zaxxer.hikari.util.Credentials@75293a57
2026-02-09 13:30:39 - DEBUG - com.zaxxer.hikari.HikariConfig - dataSource......................none
2026-02-09 13:30:39 - DEBUG - com.zaxxer.hikari.HikariConfig - dataSourceClassName.............none
2026-02-09 13:30:39 - DEBUG - com.zaxxer.hikari.HikariConfig - dataSourceJNDI..................none
2026-02-09 13:30:39 - DEBUG - com.zaxxer.hikari.HikariConfig - dataSourceProperties............{password=<masked>}
2026-02-09 13:30:39 - DEBUG - com.zaxxer.hikari.HikariConfig - driverClassName................."com.mysql.cj.jdbc.Driver"
2026-02-09 13:30:39 - DEBUG - com.zaxxer.hikari.HikariConfig - exceptionOverride...............none
2026-02-09 13:30:39 - DEBUG - com.zaxxer.hikari.HikariConfig - exceptionOverrideClassName......none
2026-02-09 13:30:39 - DEBUG - com.zaxxer.hikari.HikariConfig - healthCheckProperties...........{}
2026-02-09 13:30:39 - DEBUG - com.zaxxer.hikari.HikariConfig - healthCheckRegistry.............none
2026-02-09 13:30:39 - DEBUG - com.zaxxer.hikari.HikariConfig - idleTimeout.....................600000
2026-02-09 13:30:39 - DEBUG - com.zaxxer.hikari.HikariConfig - initializationFailTimeout.......1
2026-02-09 13:30:39 - DEBUG - com.zaxxer.hikari.HikariConfig - isolateInternalQueries..........false
2026-02-09 13:30:39 - DEBUG - com.zaxxer.hikari.HikariConfig - jdbcUrl.........................jdbc:mysql://localhost:3306/enterpriseflow_dev
2026-02-09 13:30:39 - DEBUG - com.zaxxer.hikari.HikariConfig - keepaliveTime...................120000
2026-02-09 13:30:39 - DEBUG - com.zaxxer.hikari.HikariConfig - leakDetectionThreshold..........0
2026-02-09 13:30:39 - DEBUG - com.zaxxer.hikari.HikariConfig - maxLifetime.....................1800000
2026-02-09 13:30:39 - DEBUG - com.zaxxer.hikari.HikariConfig - maximumPoolSize.................10
2026-02-09 13:30:39 - DEBUG - com.zaxxer.hikari.HikariConfig - metricRegistry..................none
2026-02-09 13:30:39 - DEBUG - com.zaxxer.hikari.HikariConfig - metricsTrackerFactory...........none
2026-02-09 13:30:39 - DEBUG - com.zaxxer.hikari.HikariConfig - minimumIdle.....................10
2026-02-09 13:30:39 - DEBUG - com.zaxxer.hikari.HikariConfig - password........................<masked>
2026-02-09 13:30:39 - DEBUG - com.zaxxer.hikari.HikariConfig - poolName........................"HikariPool-1"
2026-02-09 13:30:39 - DEBUG - com.zaxxer.hikari.HikariConfig - readOnly........................false
2026-02-09 13:30:39 - DEBUG - com.zaxxer.hikari.HikariConfig - registerMbeans..................false
2026-02-09 13:30:39 - DEBUG - com.zaxxer.hikari.HikariConfig - scheduledExecutor...............none
2026-02-09 13:30:39 - DEBUG - com.zaxxer.hikari.HikariConfig - schema..........................none
2026-02-09 13:30:39 - DEBUG - com.zaxxer.hikari.HikariConfig - threadFactory...................internal
2026-02-09 13:30:39 - DEBUG - com.zaxxer.hikari.HikariConfig - transactionIsolation............default
2026-02-09 13:30:39 - DEBUG - com.zaxxer.hikari.HikariConfig - username........................"root"
2026-02-09 13:30:39 - DEBUG - com.zaxxer.hikari.HikariConfig - validationTimeout...............5000
2026-02-09 13:30:39 - INFO - com.zaxxer.hikari.HikariDataSource - HikariPool-1 - Starting...
2026-02-09 13:30:39 - DEBUG - com.zaxxer.hikari.pool.PoolBase - HikariPool-1 - Attempting to create/setup new connection (ceb42eab-b246-4c89-af29-8875079381ad)
2026-02-09 13:30:39 - DEBUG - sun.rmi.transport.tcp - RMI TCP Connection(2)-127.0.0.1: (port 61316) op = 82
2026-02-09 13:30:39 - DEBUG - sun.rmi.transport.tcp - RMI TCP Connection(2)-127.0.0.1: (port 61316) op = 80
2026-02-09 13:30:39 - DEBUG - sun.rmi.loader - RMI TCP Connection(2)-127.0.0.1: name = "javax.management.ObjectName", codebase = ""
2026-02-09 13:30:39 - DEBUG - javax.management.remote.rmi - connectionId=rmi://127.0.0.1  1, name=org.springframework.boot:type=Admin,name=SpringApplication, attribute=Ready
2026-02-09 13:30:39 - DEBUG - sun.rmi.server.call - RMI TCP Connection(2)-127.0.0.1: [127.0.0.1] exception: 
javax.management.InstanceNotFoundException: org.springframework.boot:type=Admin,name=SpringApplication
	at java.management/com.sun.jmx.interceptor.DefaultMBeanServerInterceptor.getMBean(DefaultMBeanServerInterceptor.java:1088)
	at java.management/com.sun.jmx.interceptor.DefaultMBeanServerInterceptor.getAttribute(DefaultMBeanServerInterceptor.java:640)
	at java.management/com.sun.jmx.mbeanserver.JmxMBeanServer.getAttribute(JmxMBeanServer.java:679)
	at java.management.rmi/javax.management.remote.rmi.RMIConnectionImpl.doOperation(RMIConnectionImpl.java:1449)
	at java.management.rmi/javax.management.remote.rmi.RMIConnectionImpl$PrivilegedOperation.run(RMIConnectionImpl.java:1310)
	at java.management.rmi/javax.management.remote.rmi.RMIConnectionImpl.doPrivilegedOperation(RMIConnectionImpl.java:1405)
	at java.management.rmi/javax.management.remote.rmi.RMIConnectionImpl.getAttribute(RMIConnectionImpl.java:639)
	at java.base/jdk.internal.reflect.NativeMethodAccessorImpl.invoke0(Native Method)
	at java.base/jdk.internal.reflect.NativeMethodAccessorImpl.invoke(NativeMethodAccessorImpl.java:77)
	at java.base/jdk.internal.reflect.DelegatingMethodAccessorImpl.invoke(DelegatingMethodAccessorImpl.java:43)
	at java.base/java.lang.reflect.Method.invoke(Method.java:568)
	at java.rmi/sun.rmi.server.UnicastServerRef.dispatch(UnicastServerRef.java:360)
	at java.rmi/sun.rmi.transport.Transport$1.run(Transport.java:200)
	at java.rmi/sun.rmi.transport.Transport$1.run(Transport.java:197)
	at java.base/java.security.AccessController.doPrivileged(AccessController.java:712)
	at java.rmi/sun.rmi.transport.Transport.serviceCall(Transport.java:196)
	at java.rmi/sun.rmi.transport.tcp.TCPTransport.handleMessages(TCPTransport.java:587)
	at java.rmi/sun.rmi.transport.tcp.TCPTransport$ConnectionHandler.run0(TCPTransport.java:828)
	at java.rmi/sun.rmi.transport.tcp.TCPTransport$ConnectionHandler.lambda$run$0(TCPTransport.java:705)
	at java.base/java.security.AccessController.doPrivileged(AccessController.java:399)
	at java.rmi/sun.rmi.transport.tcp.TCPTransport$ConnectionHandler.run(TCPTransport.java:704)
	at java.base/java.util.concurrent.ThreadPoolExecutor.runWorker(ThreadPoolExecutor.java:1136)
	at java.base/java.util.concurrent.ThreadPoolExecutor$Worker.run(ThreadPoolExecutor.java:635)
	at java.base/java.lang.Thread.run(Thread.java:842)
2026-02-09 13:30:39 - DEBUG - jdk.event.security - X509Certificate: Alg:SHA256withRSA, Serial:2, Subject:CN=MySQL_Server_8.0.44_Auto_Generated_Server_Certificate, Issuer:CN=MySQL_Server_8.0.44_Auto_Generated_CA_Certificate, Key type:RSA, Length:2048, Cert Id:-2083527354, Valid from:18/11/25, 1:08 am, Valid until:16/11/35, 1:08 am
2026-02-09 13:30:39 - DEBUG - jdk.event.security - X509Certificate: Alg:SHA256withRSA, Serial:1, Subject:CN=MySQL_Server_8.0.44_Auto_Generated_CA_Certificate, Issuer:CN=MySQL_Server_8.0.44_Auto_Generated_CA_Certificate, Key type:RSA, Length:2048, Cert Id:2001388535, Valid from:18/11/25, 1:08 am, Valid until:16/11/35, 1:08 am
2026-02-09 13:30:39 - DEBUG - jdk.event.security -  TLSHandshake: localhost:3306, TLSv1.3, TLS_AES_256_GCM_SHA384, -2083527354
2026-02-09 13:30:40 - DEBUG - com.zaxxer.hikari.pool.PoolBase - HikariPool-1 - Established new connection (ceb42eab-b246-4c89-af29-8875079381ad)
2026-02-09 13:30:40 - INFO - com.zaxxer.hikari.pool.HikariPool - HikariPool-1 - Added connection com.mysql.cj.jdbc.ConnectionImpl@7da2ad5d
2026-02-09 13:30:40 - INFO - com.zaxxer.hikari.HikariDataSource - HikariPool-1 - Start completed.
2026-02-09 13:30:40 - DEBUG - o.h.e.j.e.i.JdbcEnvironmentInitiator - Database ->
	   name : MySQL
	version : 8.0.44
	  major : 8
	  minor : 0
2026-02-09 13:30:40 - DEBUG - o.h.e.j.e.i.JdbcEnvironmentInitiator - Driver ->
	   name : MySQL Connector/J
	version : mysql-connector-j-9.5.0 (Revision: a7b3c94f50efbddb9f0dd69b3e0d1aaa25305cd6)
	  major : 9
	  minor : 5
2026-02-09 13:30:40 - DEBUG - o.h.e.j.e.i.JdbcEnvironmentInitiator - JDBC version : 4.2
2026-02-09 13:30:40 - DEBUG - sun.rmi.transport.tcp - RMI TCP Connection(2)-127.0.0.1: (port 61316) op = 82
2026-02-09 13:30:40 - DEBUG - sun.rmi.transport.tcp - RMI TCP Connection(2)-127.0.0.1: (port 61316) op = 80
2026-02-09 13:30:40 - DEBUG - sun.rmi.loader - RMI TCP Connection(2)-127.0.0.1: name = "javax.management.ObjectName", codebase = ""
2026-02-09 13:30:40 - DEBUG - javax.management.remote.rmi - connectionId=rmi://127.0.0.1  1, name=org.springframework.boot:type=Admin,name=SpringApplication, attribute=Ready
2026-02-09 13:30:40 - DEBUG - sun.rmi.server.call - RMI TCP Connection(2)-127.0.0.1: [127.0.0.1] exception: 
javax.management.InstanceNotFoundException: org.springframework.boot:type=Admin,name=SpringApplication
	at java.management/com.sun.jmx.interceptor.DefaultMBeanServerInterceptor.getMBean(DefaultMBeanServerInterceptor.java:1088)
	at java.management/com.sun.jmx.interceptor.DefaultMBeanServerInterceptor.getAttribute(DefaultMBeanServerInterceptor.java:640)
	at java.management/com.sun.jmx.mbeanserver.JmxMBeanServer.getAttribute(JmxMBeanServer.java:679)
	at java.management.rmi/javax.management.remote.rmi.RMIConnectionImpl.doOperation(RMIConnectionImpl.java:1449)
	at java.management.rmi/javax.management.remote.rmi.RMIConnectionImpl$PrivilegedOperation.run(RMIConnectionImpl.java:1310)
	at java.management.rmi/javax.management.remote.rmi.RMIConnectionImpl.doPrivilegedOperation(RMIConnectionImpl.java:1405)
	at java.management.rmi/javax.management.remote.rmi.RMIConnectionImpl.getAttribute(RMIConnectionImpl.java:639)
	at java.base/jdk.internal.reflect.NativeMethodAccessorImpl.invoke0(Native Method)
	at java.base/jdk.internal.reflect.NativeMethodAccessorImpl.invoke(NativeMethodAccessorImpl.java:77)
	at java.base/jdk.internal.reflect.DelegatingMethodAccessorImpl.invoke(DelegatingMethodAccessorImpl.java:43)
	at java.base/java.lang.reflect.Method.invoke(Method.java:568)
	at java.rmi/sun.rmi.server.UnicastServerRef.dispatch(UnicastServerRef.java:360)
	at java.rmi/sun.rmi.transport.Transport$1.run(Transport.java:200)
	at java.rmi/sun.rmi.transport.Transport$1.run(Transport.java:197)
	at java.base/java.security.AccessController.doPrivileged(AccessController.java:712)
	at java.rmi/sun.rmi.transport.Transport.serviceCall(Transport.java:196)
	at java.rmi/sun.rmi.transport.tcp.TCPTransport.handleMessages(TCPTransport.java:587)
	at java.rmi/sun.rmi.transport.tcp.TCPTransport$ConnectionHandler.run0(TCPTransport.java:828)
	at java.rmi/sun.rmi.transport.tcp.TCPTransport$ConnectionHandler.lambda$run$0(TCPTransport.java:705)
	at java.base/java.security.AccessController.doPrivileged(AccessController.java:399)
	at java.rmi/sun.rmi.transport.tcp.TCPTransport$ConnectionHandler.run(TCPTransport.java:704)
	at java.base/java.util.concurrent.ThreadPoolExecutor.runWorker(ThreadPoolExecutor.java:1136)
	at java.base/java.util.concurrent.ThreadPoolExecutor$Worker.run(ThreadPoolExecutor.java:635)
	at java.base/java.lang.Thread.run(Thread.java:842)
2026-02-09 13:30:40 - DEBUG - com.zaxxer.hikari.pool.HikariPool - HikariPool-1 - Pool stats (total=1/10, idle=0/10, active=1, waiting=0)
2026-02-09 13:30:40 - DEBUG - com.zaxxer.hikari.pool.PoolBase - HikariPool-1 - Attempting to create/setup new connection (508bc145-3db0-45a6-b4ce-a97cfd4e97df)
2026-02-09 13:30:40 - DEBUG - jdk.event.security - X509Certificate: Alg:SHA256withRSA, Serial:2, Subject:CN=MySQL_Server_8.0.44_Auto_Generated_Server_Certificate, Issuer:CN=MySQL_Server_8.0.44_Auto_Generated_CA_Certificate, Key type:RSA, Length:2048, Cert Id:-2083527354, Valid from:18/11/25, 1:08 am, Valid until:16/11/35, 1:08 am
2026-02-09 13:30:40 - DEBUG - jdk.event.security - X509Certificate: Alg:SHA256withRSA, Serial:1, Subject:CN=MySQL_Server_8.0.44_Auto_Generated_CA_Certificate, Issuer:CN=MySQL_Server_8.0.44_Auto_Generated_CA_Certificate, Key type:RSA, Length:2048, Cert Id:2001388535, Valid from:18/11/25, 1:08 am, Valid until:16/11/35, 1:08 am
2026-02-09 13:30:40 - DEBUG - jdk.event.security -  TLSHandshake: localhost:3306, TLSv1.3, TLS_AES_256_GCM_SHA384, -2083527354
2026-02-09 13:30:40 - DEBUG - com.zaxxer.hikari.pool.PoolBase - HikariPool-1 - Established new connection (508bc145-3db0-45a6-b4ce-a97cfd4e97df)
2026-02-09 13:30:40 - DEBUG - com.zaxxer.hikari.pool.HikariPool - HikariPool-1 - Added connection com.mysql.cj.jdbc.ConnectionImpl@1112c4f6
2026-02-09 13:30:40 - DEBUG - org.hibernate.orm.dialect - HHH035001: Using dialect: org.hibernate.dialect.MySQLDialect, version: 8.0.44
2026-02-09 13:30:40 - DEBUG - com.zaxxer.hikari.pool.HikariPool - HikariPool-1 - After adding stats (total=2/10, idle=1/10, active=1, waiting=0)
2026-02-09 13:30:40 - DEBUG - com.zaxxer.hikari.pool.PoolBase - HikariPool-1 - Attempting to create/setup new connection (afedcdad-e83b-4dd7-9136-86652150d64b)
2026-02-09 13:30:40 - DEBUG - o.h.e.j.e.s.IdentifierHelperBuilder - IdentifierCaseStrategy for both quoted and unquoted identifiers was set to the same strategy [LOWER]; that will likely lead to problems in schema update and validation if using quoted identifiers
2026-02-09 13:30:40 - DEBUG - jdk.event.security - X509Certificate: Alg:SHA256withRSA, Serial:2, Subject:CN=MySQL_Server_8.0.44_Auto_Generated_Server_Certificate, Issuer:CN=MySQL_Server_8.0.44_Auto_Generated_CA_Certificate, Key type:RSA, Length:2048, Cert Id:-2083527354, Valid from:18/11/25, 1:08 am, Valid until:16/11/35, 1:08 am
2026-02-09 13:30:40 - DEBUG - jdk.event.security - X509Certificate: Alg:SHA256withRSA, Serial:1, Subject:CN=MySQL_Server_8.0.44_Auto_Generated_CA_Certificate, Issuer:CN=MySQL_Server_8.0.44_Auto_Generated_CA_Certificate, Key type:RSA, Length:2048, Cert Id:2001388535, Valid from:18/11/25, 1:08 am, Valid until:16/11/35, 1:08 am
2026-02-09 13:30:40 - DEBUG - jdk.event.security -  TLSHandshake: localhost:3306, TLSv1.3, TLS_AES_256_GCM_SHA384, -2083527354
2026-02-09 13:30:40 - DEBUG - com.zaxxer.hikari.pool.PoolBase - HikariPool-1 - Established new connection (afedcdad-e83b-4dd7-9136-86652150d64b)
2026-02-09 13:30:40 - DEBUG - com.zaxxer.hikari.pool.HikariPool - HikariPool-1 - Added connection com.mysql.cj.jdbc.ConnectionImpl@40d71caf
2026-02-09 13:30:40 - INFO - o.hibernate.orm.connections.pooling - HHH10001005: Database info:
	Database JDBC URL [Connecting through datasource 'HikariDataSource (HikariPool-1)']
	Database driver: undefined/unknown
	Database version: 8.0.44
	Autocommit mode: undefined/unknown
	Isolation level: undefined/unknown
	Minimum pool size: undefined/unknown
	Maximum pool size: undefined/unknown
2026-02-09 13:30:40 - DEBUG - com.zaxxer.hikari.pool.HikariPool - HikariPool-1 - After adding stats (total=3/10, idle=3/10, active=0, waiting=0)
2026-02-09 13:30:40 - DEBUG - com.zaxxer.hikari.pool.PoolBase - HikariPool-1 - Attempting to create/setup new connection (d5031a2b-bc42-4809-aa8f-c899cdbc5e6e)
2026-02-09 13:30:40 - DEBUG - jdk.event.security - X509Certificate: Alg:SHA256withRSA, Serial:2, Subject:CN=MySQL_Server_8.0.44_Auto_Generated_Server_Certificate, Issuer:CN=MySQL_Server_8.0.44_Auto_Generated_CA_Certificate, Key type:RSA, Length:2048, Cert Id:-2083527354, Valid from:18/11/25, 1:08 am, Valid until:16/11/35, 1:08 am
2026-02-09 13:30:40 - DEBUG - jdk.event.security - X509Certificate: Alg:SHA256withRSA, Serial:1, Subject:CN=MySQL_Server_8.0.44_Auto_Generated_CA_Certificate, Issuer:CN=MySQL_Server_8.0.44_Auto_Generated_CA_Certificate, Key type:RSA, Length:2048, Cert Id:2001388535, Valid from:18/11/25, 1:08 am, Valid until:16/11/35, 1:08 am
2026-02-09 13:30:40 - DEBUG - o.h.t.d.sql.spi.DdlTypeRegistry - addDescriptor(12, org.hibernate.type.descriptor.sql.internal.CapacityDependentDdlType@203065f1) replaced previous registration(org.hibernate.type.descriptor.sql.internal.CapacityDependentDdlType@55f0d377)
2026-02-09 13:30:40 - DEBUG - o.h.t.d.sql.spi.DdlTypeRegistry - addDescriptor(-9, org.hibernate.type.descriptor.sql.internal.CapacityDependentDdlType@16dd75f9) replaced previous registration(org.hibernate.type.descriptor.sql.internal.CapacityDependentDdlType@2ed8992f)
2026-02-09 13:30:40 - DEBUG - o.h.t.d.sql.spi.DdlTypeRegistry - addDescriptor(-3, org.hibernate.type.descriptor.sql.internal.CapacityDependentDdlType@de46ee8) replaced previous registration(org.hibernate.type.descriptor.sql.internal.CapacityDependentDdlType@5e5c6f48)
2026-02-09 13:30:40 - DEBUG - o.h.t.d.sql.spi.DdlTypeRegistry - addDescriptor(4003, org.hibernate.type.descriptor.sql.internal.DdlTypeImpl@23d3bbc7) replaced previous registration(org.hibernate.type.descriptor.sql.internal.DdlTypeImpl@49284f73)
2026-02-09 13:30:40 - DEBUG - o.h.t.d.sql.spi.DdlTypeRegistry - addDescriptor(4001, org.hibernate.type.descriptor.sql.internal.DdlTypeImpl@6795eb90) replaced previous registration(org.hibernate.type.descriptor.sql.internal.DdlTypeImpl@5a8efe05)
2026-02-09 13:30:40 - DEBUG - o.h.t.d.sql.spi.DdlTypeRegistry - addDescriptor(4002, org.hibernate.type.descriptor.sql.internal.DdlTypeImpl@643d6b10) replaced previous registration(org.hibernate.type.descriptor.sql.internal.DdlTypeImpl@6fe5e333)
2026-02-09 13:30:40 - DEBUG - o.h.t.d.sql.spi.DdlTypeRegistry - addDescriptor(2004, org.hibernate.type.descriptor.sql.internal.CapacityDependentDdlType@27645c34) replaced previous registration(org.hibernate.type.descriptor.sql.internal.DdlTypeImpl@ab7e00b)
2026-02-09 13:30:40 - DEBUG - o.h.t.d.sql.spi.DdlTypeRegistry - addDescriptor(2005, org.hibernate.type.descriptor.sql.internal.CapacityDependentDdlType@55d6fa6) replaced previous registration(org.hibernate.type.descriptor.sql.internal.DdlTypeImpl@4561f845)
2026-02-09 13:30:40 - DEBUG - o.h.t.d.sql.spi.DdlTypeRegistry - addDescriptor(2011, org.hibernate.type.descriptor.sql.internal.CapacityDependentDdlType@40618921) replaced previous registration(org.hibernate.type.descriptor.sql.internal.DdlTypeImpl@75639e9e)
2026-02-09 13:30:40 - DEBUG - jdk.event.security -  TLSHandshake: localhost:3306, TLSv1.3, TLS_AES_256_GCM_SHA384, -2083527354
2026-02-09 13:30:40 - DEBUG - com.zaxxer.hikari.pool.PoolBase - HikariPool-1 - Established new connection (d5031a2b-bc42-4809-aa8f-c899cdbc5e6e)
2026-02-09 13:30:40 - DEBUG - com.zaxxer.hikari.pool.HikariPool - HikariPool-1 - Added connection com.mysql.cj.jdbc.ConnectionImpl@2379fc8d
2026-02-09 13:30:40 - DEBUG - o.h.t.d.jdbc.spi.JdbcTypeRegistry - addDescriptor(NCharTypeDescriptor) replaced previous registration(CharTypeDescriptor)
2026-02-09 13:30:40 - DEBUG - o.h.t.d.jdbc.spi.JdbcTypeRegistry - addDescriptor(NVarcharTypeDescriptor) replaced previous registration(VarcharTypeDescriptor)
2026-02-09 13:30:40 - DEBUG - o.h.t.d.jdbc.spi.JdbcTypeRegistry - addDescriptor(LongNVarcharTypeDescriptor) replaced previous registration(LongVarcharTypeDescriptor)
2026-02-09 13:30:40 - DEBUG - o.h.t.d.jdbc.spi.JdbcTypeRegistry - addDescriptor(NClobTypeDescriptor(DEFAULT)) replaced previous registration(ClobTypeDescriptor(DEFAULT))
2026-02-09 13:30:40 - DEBUG - o.hibernate.type.BasicTypeRegistry - Adding type registration null -> org.hibernate.type.NullType@d49ab2f
2026-02-09 13:30:40 - DEBUG - o.hibernate.type.BasicTypeRegistry - Type registration key [null] overrode previous entry : `org.hibernate.type.NullType@c1f9b65`
2026-02-09 13:30:40 - DEBUG - com.zaxxer.hikari.pool.HikariPool - HikariPool-1 - After adding stats (total=4/10, idle=4/10, active=0, waiting=0)
2026-02-09 13:30:40 - DEBUG - com.zaxxer.hikari.pool.PoolBase - HikariPool-1 - Attempting to create/setup new connection (2a1fcb9e-e68c-4910-9ef7-980e47ca8012)
2026-02-09 13:30:40 - DEBUG - o.hibernate.type.BasicTypeRegistry - Adding type registration org.hibernate.type.DurationType -> basicType@1(java.time.Duration,3015)
2026-02-09 13:30:40 - DEBUG - o.hibernate.type.BasicTypeRegistry - Adding type registration Duration -> basicType@1(java.time.Duration,3015)
2026-02-09 13:30:40 - DEBUG - o.hibernate.type.BasicTypeRegistry - Adding type registration java.time.Duration -> basicType@1(java.time.Duration,3015)
2026-02-09 13:30:40 - DEBUG - o.hibernate.type.BasicTypeRegistry - Adding type registration org.hibernate.type.OffsetDateTimeType -> basicType@2(java.time.OffsetDateTime,3003)
2026-02-09 13:30:40 - DEBUG - o.hibernate.type.BasicTypeRegistry - Adding type registration OffsetDateTime -> basicType@2(java.time.OffsetDateTime,3003)
2026-02-09 13:30:40 - DEBUG - o.hibernate.type.BasicTypeRegistry - Adding type registration java.time.OffsetDateTime -> basicType@2(java.time.OffsetDateTime,3003)
2026-02-09 13:30:40 - DEBUG - o.hibernate.type.BasicTypeRegistry - Adding type registration org.hibernate.type.ZonedDateTimeType -> basicType@3(java.time.ZonedDateTime,3003)
2026-02-09 13:30:40 - DEBUG - o.hibernate.type.BasicTypeRegistry - Adding type registration ZonedDateTime -> basicType@3(java.time.ZonedDateTime,3003)
2026-02-09 13:30:40 - DEBUG - o.hibernate.type.BasicTypeRegistry - Adding type registration java.time.ZonedDateTime -> basicType@3(java.time.ZonedDateTime,3003)
2026-02-09 13:30:40 - DEBUG - o.hibernate.type.BasicTypeRegistry - Adding type registration org.hibernate.type.OffsetTimeType -> basicType@4(java.time.OffsetTime,3007)
2026-02-09 13:30:40 - DEBUG - o.hibernate.type.BasicTypeRegistry - Adding type registration OffsetTime -> basicType@4(java.time.OffsetTime,3007)
2026-02-09 13:30:40 - DEBUG - o.hibernate.type.BasicTypeRegistry - Adding type registration java.time.OffsetTime -> basicType@4(java.time.OffsetTime,3007)
2026-02-09 13:30:40 - DEBUG - o.h.type.spi.TypeConfiguration$Scope - Scoping TypeConfiguration [org.hibernate.type.spi.TypeConfiguration@4421bc8c] to MetadataBuildingContext [org.hibernate.boot.internal.MetadataBuildingContextRootImpl@79608090]
2026-02-09 13:30:40 - DEBUG - jdk.event.security - X509Certificate: Alg:SHA256withRSA, Serial:2, Subject:CN=MySQL_Server_8.0.44_Auto_Generated_Server_Certificate, Issuer:CN=MySQL_Server_8.0.44_Auto_Generated_CA_Certificate, Key type:RSA, Length:2048, Cert Id:-2083527354, Valid from:18/11/25, 1:08 am, Valid until:16/11/35, 1:08 am
2026-02-09 13:30:40 - DEBUG - jdk.event.security - X509Certificate: Alg:SHA256withRSA, Serial:1, Subject:CN=MySQL_Server_8.0.44_Auto_Generated_CA_Certificate, Issuer:CN=MySQL_Server_8.0.44_Auto_Generated_CA_Certificate, Key type:RSA, Length:2048, Cert Id:2001388535, Valid from:18/11/25, 1:08 am, Valid until:16/11/35, 1:08 am
2026-02-09 13:30:40 - DEBUG - jdk.event.security -  TLSHandshake: localhost:3306, TLSv1.3, TLS_AES_256_GCM_SHA384, -2083527354
2026-02-09 13:30:40 - DEBUG - com.zaxxer.hikari.pool.PoolBase - HikariPool-1 - Established new connection (2a1fcb9e-e68c-4910-9ef7-980e47ca8012)
2026-02-09 13:30:40 - DEBUG - com.zaxxer.hikari.pool.HikariPool - HikariPool-1 - Added connection com.mysql.cj.jdbc.ConnectionImpl@449920c9
2026-02-09 13:30:40 - DEBUG - com.zaxxer.hikari.pool.HikariPool - HikariPool-1 - After adding stats (total=5/10, idle=5/10, active=0, waiting=0)
2026-02-09 13:30:40 - DEBUG - com.zaxxer.hikari.pool.PoolBase - HikariPool-1 - Attempting to create/setup new connection (3ca87350-096e-4a68-9bae-7346c180fd71)
2026-02-09 13:30:40 - DEBUG - jdk.event.security - X509Certificate: Alg:SHA256withRSA, Serial:2, Subject:CN=MySQL_Server_8.0.44_Auto_Generated_Server_Certificate, Issuer:CN=MySQL_Server_8.0.44_Auto_Generated_CA_Certificate, Key type:RSA, Length:2048, Cert Id:-2083527354, Valid from:18/11/25, 1:08 am, Valid until:16/11/35, 1:08 am
2026-02-09 13:30:40 - DEBUG - jdk.event.security - X509Certificate: Alg:SHA256withRSA, Serial:1, Subject:CN=MySQL_Server_8.0.44_Auto_Generated_CA_Certificate, Issuer:CN=MySQL_Server_8.0.44_Auto_Generated_CA_Certificate, Key type:RSA, Length:2048, Cert Id:2001388535, Valid from:18/11/25, 1:08 am, Valid until:16/11/35, 1:08 am
2026-02-09 13:30:40 - DEBUG - jdk.event.security -  TLSHandshake: localhost:3306, TLSv1.3, TLS_AES_256_GCM_SHA384, -2083527354
2026-02-09 13:30:40 - DEBUG - o.h.boot.model.relational.Namespace - Created database namespace [logicalName=Name{catalog=null, schema=null}, physicalName=Name{catalog=null, schema=null}]
2026-02-09 13:30:40 - DEBUG - com.zaxxer.hikari.pool.PoolBase - HikariPool-1 - Established new connection (3ca87350-096e-4a68-9bae-7346c180fd71)
2026-02-09 13:30:40 - DEBUG - com.zaxxer.hikari.pool.HikariPool - HikariPool-1 - Added connection com.mysql.cj.jdbc.ConnectionImpl@51162860
2026-02-09 13:30:40 - DEBUG - o.h.b.m.s.i.a.AnnotationMetadataSourceProcessorImpl - Skipping explicit MappedSuperclass com.enterpriseflow.entity.BaseEntity, the class will be discovered analyzing the implementing class
2026-02-09 13:30:40 - DEBUG - com.zaxxer.hikari.pool.HikariPool - HikariPool-1 - After adding stats (total=6/10, idle=6/10, active=0, waiting=0)
2026-02-09 13:30:40 - DEBUG - com.zaxxer.hikari.pool.PoolBase - HikariPool-1 - Attempting to create/setup new connection (6254924c-5435-4ea8-8731-acdf48af32f2)
2026-02-09 13:30:40 - DEBUG - o.h.boot.model.internal.EntityBinder - Binding entity from annotated class: com.enterpriseflow.entity.auth.Role
2026-02-09 13:30:40 - DEBUG - jdk.event.security - X509Certificate: Alg:SHA256withRSA, Serial:2, Subject:CN=MySQL_Server_8.0.44_Auto_Generated_Server_Certificate, Issuer:CN=MySQL_Server_8.0.44_Auto_Generated_CA_Certificate, Key type:RSA, Length:2048, Cert Id:-2083527354, Valid from:18/11/25, 1:08 am, Valid until:16/11/35, 1:08 am
2026-02-09 13:30:40 - DEBUG - jdk.event.security - X509Certificate: Alg:SHA256withRSA, Serial:1, Subject:CN=MySQL_Server_8.0.44_Auto_Generated_CA_Certificate, Issuer:CN=MySQL_Server_8.0.44_Auto_Generated_CA_Certificate, Key type:RSA, Length:2048, Cert Id:2001388535, Valid from:18/11/25, 1:08 am, Valid until:16/11/35, 1:08 am
2026-02-09 13:30:40 - DEBUG - jdk.event.security -  TLSHandshake: localhost:3306, TLSv1.3, TLS_AES_256_GCM_SHA384, -2083527354
2026-02-09 13:30:40 - DEBUG - sun.rmi.transport.tcp - RMI TCP Connection(2)-127.0.0.1: (port 61316) op = 82
2026-02-09 13:30:40 - DEBUG - sun.rmi.transport.tcp - RMI TCP Connection(2)-127.0.0.1: (port 61316) op = 80
2026-02-09 13:30:40 - DEBUG - sun.rmi.loader - RMI TCP Connection(2)-127.0.0.1: name = "javax.management.ObjectName", codebase = ""
2026-02-09 13:30:40 - DEBUG - javax.management.remote.rmi - connectionId=rmi://127.0.0.1  1, name=org.springframework.boot:type=Admin,name=SpringApplication, attribute=Ready
2026-02-09 13:30:40 - DEBUG - sun.rmi.server.call - RMI TCP Connection(2)-127.0.0.1: [127.0.0.1] exception: 
javax.management.InstanceNotFoundException: org.springframework.boot:type=Admin,name=SpringApplication
	at java.management/com.sun.jmx.interceptor.DefaultMBeanServerInterceptor.getMBean(DefaultMBeanServerInterceptor.java:1088)
	at java.management/com.sun.jmx.interceptor.DefaultMBeanServerInterceptor.getAttribute(DefaultMBeanServerInterceptor.java:640)
	at java.management/com.sun.jmx.mbeanserver.JmxMBeanServer.getAttribute(JmxMBeanServer.java:679)
	at java.management.rmi/javax.management.remote.rmi.RMIConnectionImpl.doOperation(RMIConnectionImpl.java:1449)
	at java.management.rmi/javax.management.remote.rmi.RMIConnectionImpl$PrivilegedOperation.run(RMIConnectionImpl.java:1310)
	at java.management.rmi/javax.management.remote.rmi.RMIConnectionImpl.doPrivilegedOperation(RMIConnectionImpl.java:1405)
	at java.management.rmi/javax.management.remote.rmi.RMIConnectionImpl.getAttribute(RMIConnectionImpl.java:639)
	at java.base/jdk.internal.reflect.NativeMethodAccessorImpl.invoke0(Native Method)
	at java.base/jdk.internal.reflect.NativeMethodAccessorImpl.invoke(NativeMethodAccessorImpl.java:77)
	at java.base/jdk.internal.reflect.DelegatingMethodAccessorImpl.invoke(DelegatingMethodAccessorImpl.java:43)
	at java.base/java.lang.reflect.Method.invoke(Method.java:568)
	at java.rmi/sun.rmi.server.UnicastServerRef.dispatch(UnicastServerRef.java:360)
	at java.rmi/sun.rmi.transport.Transport$1.run(Transport.java:200)
	at java.rmi/sun.rmi.transport.Transport$1.run(Transport.java:197)
	at java.base/java.security.AccessController.doPrivileged(AccessController.java:712)
	at java.rmi/sun.rmi.transport.Transport.serviceCall(Transport.java:196)
	at java.rmi/sun.rmi.transport.tcp.TCPTransport.handleMessages(TCPTransport.java:587)
	at java.rmi/sun.rmi.transport.tcp.TCPTransport$ConnectionHandler.run0(TCPTransport.java:828)
	at java.rmi/sun.rmi.transport.tcp.TCPTransport$ConnectionHandler.lambda$run$0(TCPTransport.java:705)
	at java.base/java.security.AccessController.doPrivileged(AccessController.java:399)
	at java.rmi/sun.rmi.transport.tcp.TCPTransport$ConnectionHandler.run(TCPTransport.java:704)
	at java.base/java.util.concurrent.ThreadPoolExecutor.runWorker(ThreadPoolExecutor.java:1136)
	at java.base/java.util.concurrent.ThreadPoolExecutor$Worker.run(ThreadPoolExecutor.java:635)
	at java.base/java.lang.Thread.run(Thread.java:842)
2026-02-09 13:30:40 - DEBUG - com.zaxxer.hikari.pool.PoolBase - HikariPool-1 - Established new connection (6254924c-5435-4ea8-8731-acdf48af32f2)
2026-02-09 13:30:40 - DEBUG - com.zaxxer.hikari.pool.HikariPool - HikariPool-1 - Added connection com.mysql.cj.jdbc.ConnectionImpl@7bfc2597
2026-02-09 13:30:40 - DEBUG - o.h.boot.model.internal.EntityBinder - Import with entity name Role
2026-02-09 13:30:40 - DEBUG - o.h.boot.model.internal.EntityBinder - Bind entity com.enterpriseflow.entity.auth.Role on table roles
2026-02-09 13:30:40 - DEBUG - com.zaxxer.hikari.pool.HikariPool - HikariPool-1 - After adding stats (total=7/10, idle=7/10, active=0, waiting=0)
2026-02-09 13:30:40 - DEBUG - com.zaxxer.hikari.pool.PoolBase - HikariPool-1 - Attempting to create/setup new connection (c5942eaa-30d4-40fa-9236-0105abd1edf2)
2026-02-09 13:30:40 - DEBUG - o.h.b.model.internal.AnnotatedColumn - Binding column: AnnotatedDiscriminatorColumn(column='DTYPE')
2026-02-09 13:30:40 - DEBUG - jdk.event.security - X509Certificate: Alg:SHA256withRSA, Serial:2, Subject:CN=MySQL_Server_8.0.44_Auto_Generated_Server_Certificate, Issuer:CN=MySQL_Server_8.0.44_Auto_Generated_CA_Certificate, Key type:RSA, Length:2048, Cert Id:-2083527354, Valid from:18/11/25, 1:08 am, Valid until:16/11/35, 1:08 am
2026-02-09 13:30:40 - DEBUG - jdk.event.security - X509Certificate: Alg:SHA256withRSA, Serial:1, Subject:CN=MySQL_Server_8.0.44_Auto_Generated_CA_Certificate, Issuer:CN=MySQL_Server_8.0.44_Auto_Generated_CA_Certificate, Key type:RSA, Length:2048, Cert Id:2001388535, Valid from:18/11/25, 1:08 am, Valid until:16/11/35, 1:08 am
2026-02-09 13:30:40 - DEBUG - jdk.event.security -  TLSHandshake: localhost:3306, TLSv1.3, TLS_AES_256_GCM_SHA384, -2083527354
2026-02-09 13:30:40 - DEBUG - com.zaxxer.hikari.pool.PoolBase - HikariPool-1 - Established new connection (c5942eaa-30d4-40fa-9236-0105abd1edf2)
2026-02-09 13:30:40 - DEBUG - com.zaxxer.hikari.pool.HikariPool - HikariPool-1 - Added connection com.mysql.cj.jdbc.ConnectionImpl@5dfc77a
2026-02-09 13:30:40 - DEBUG - o.h.b.model.internal.AnnotatedColumn - Binding column: AnnotatedColumn()
2026-02-09 13:30:40 - DEBUG - o.h.b.internal.ClassLoaderAccessImpl - Not known whether passed class name [com.enterpriseflow.entity.auth.Role] is safe
2026-02-09 13:30:40 - DEBUG - o.h.b.internal.ClassLoaderAccessImpl - No temp ClassLoader provided; using live ClassLoader for loading potentially unsafe class : com.enterpriseflow.entity.auth.Role
2026-02-09 13:30:40 - DEBUG - o.h.b.model.internal.PropertyBinder - MetadataSourceProcessor property id with lazy=false
2026-02-09 13:30:40 - DEBUG - com.zaxxer.hikari.pool.HikariPool - HikariPool-1 - After adding stats (total=8/10, idle=8/10, active=0, waiting=0)
2026-02-09 13:30:40 - DEBUG - com.zaxxer.hikari.pool.PoolBase - HikariPool-1 - Attempting to create/setup new connection (b15d12b6-4475-4503-81d8-d6214921cb4a)
2026-02-09 13:30:40 - DEBUG - o.h.b.m.i.AbstractPropertyHolder - Attempting to locate auto-apply AttributeConverter for property [com.enterpriseflow.entity.auth.Role:id]
2026-02-09 13:30:40 - DEBUG - jdk.event.security - X509Certificate: Alg:SHA256withRSA, Serial:2, Subject:CN=MySQL_Server_8.0.44_Auto_Generated_Server_Certificate, Issuer:CN=MySQL_Server_8.0.44_Auto_Generated_CA_Certificate, Key type:RSA, Length:2048, Cert Id:-2083527354, Valid from:18/11/25, 1:08 am, Valid until:16/11/35, 1:08 am
2026-02-09 13:30:40 - DEBUG - jdk.event.security - X509Certificate: Alg:SHA256withRSA, Serial:1, Subject:CN=MySQL_Server_8.0.44_Auto_Generated_CA_Certificate, Issuer:CN=MySQL_Server_8.0.44_Auto_Generated_CA_Certificate, Key type:RSA, Length:2048, Cert Id:2001388535, Valid from:18/11/25, 1:08 am, Valid until:16/11/35, 1:08 am
2026-02-09 13:30:40 - DEBUG - o.h.b.m.internal.BasicValueBinder - building BasicValue for id
2026-02-09 13:30:40 - DEBUG - jdk.event.security -  TLSHandshake: localhost:3306, TLSv1.3, TLS_AES_256_GCM_SHA384, -2083527354
2026-02-09 13:30:40 - DEBUG - com.zaxxer.hikari.pool.PoolBase - HikariPool-1 - Established new connection (b15d12b6-4475-4503-81d8-d6214921cb4a)
2026-02-09 13:30:40 - DEBUG - com.zaxxer.hikari.pool.HikariPool - HikariPool-1 - Added connection com.mysql.cj.jdbc.ConnectionImpl@4e34fb4b
2026-02-09 13:30:40 - DEBUG - org.hibernate.mapping.BasicValue - Skipping column re-registration: roles.id
2026-02-09 13:30:40 - DEBUG - o.h.b.model.internal.PropertyBinder - Building property id
2026-02-09 13:30:40 - DEBUG - o.h.boot.model.internal.BinderHelper - #makeIdGenerator(BasicValue([Column(id)]), id, identity, , ...)
2026-02-09 13:30:40 - DEBUG - o.h.b.model.internal.AnnotatedColumn - Binding column: AnnotatedColumn(column='created_by')
2026-02-09 13:30:40 - DEBUG - o.h.b.model.internal.PropertyBinder - MetadataSourceProcessor property createBy with lazy=false
2026-02-09 13:30:40 - DEBUG - o.h.b.m.i.AbstractPropertyHolder - Attempting to locate auto-apply AttributeConverter for property [com.enterpriseflow.entity.auth.Role:createBy]
2026-02-09 13:30:40 - DEBUG - o.h.b.m.internal.BasicValueBinder - building BasicValue for createBy
2026-02-09 13:30:40 - DEBUG - org.hibernate.mapping.BasicValue - Skipping column re-registration: roles.created_by
2026-02-09 13:30:40 - DEBUG - o.h.b.model.internal.PropertyBinder - Building property createBy
2026-02-09 13:30:40 - DEBUG - o.h.b.model.internal.AnnotatedColumn - Binding column: AnnotatedColumn(column='created_at')
2026-02-09 13:30:40 - DEBUG - o.h.b.model.internal.PropertyBinder - MetadataSourceProcessor property createdAt with lazy=false
2026-02-09 13:30:40 - DEBUG - o.h.b.m.i.AbstractPropertyHolder - Attempting to locate auto-apply AttributeConverter for property [com.enterpriseflow.entity.auth.Role:createdAt]
2026-02-09 13:30:40 - DEBUG - o.h.b.m.internal.BasicValueBinder - building BasicValue for createdAt
2026-02-09 13:30:40 - DEBUG - org.hibernate.mapping.BasicValue - Skipping column re-registration: roles.created_at
2026-02-09 13:30:40 - DEBUG - o.h.b.model.internal.PropertyBinder - Building property createdAt
2026-02-09 13:30:40 - DEBUG - o.h.b.model.internal.AnnotatedColumn - Binding column: AnnotatedColumn(column='is_deleted')
2026-02-09 13:30:40 - DEBUG - o.h.b.model.internal.PropertyBinder - MetadataSourceProcessor property isDeleted with lazy=false
2026-02-09 13:30:40 - DEBUG - o.h.b.m.i.AbstractPropertyHolder - Attempting to locate auto-apply AttributeConverter for property [com.enterpriseflow.entity.auth.Role:isDeleted]
2026-02-09 13:30:40 - DEBUG - o.h.b.m.internal.BasicValueBinder - building BasicValue for isDeleted
2026-02-09 13:30:40 - DEBUG - org.hibernate.mapping.BasicValue - Skipping column re-registration: roles.is_deleted
2026-02-09 13:30:40 - DEBUG - o.h.b.model.internal.PropertyBinder - Building property isDeleted
2026-02-09 13:30:40 - DEBUG - o.h.b.model.internal.AnnotatedColumn - Binding column: AnnotatedColumn(column='updated_at')
2026-02-09 13:30:40 - DEBUG - o.h.b.model.internal.PropertyBinder - MetadataSourceProcessor property updatedAt with lazy=false
2026-02-09 13:30:40 - DEBUG - o.h.b.m.i.AbstractPropertyHolder - Attempting to locate auto-apply AttributeConverter for property [com.enterpriseflow.entity.auth.Role:updatedAt]
2026-02-09 13:30:40 - DEBUG - o.h.b.m.internal.BasicValueBinder - building BasicValue for updatedAt
2026-02-09 13:30:40 - DEBUG - org.hibernate.mapping.BasicValue - Skipping column re-registration: roles.updated_at
2026-02-09 13:30:40 - DEBUG - o.h.b.model.internal.PropertyBinder - Building property updatedAt
2026-02-09 13:30:40 - DEBUG - o.h.b.model.internal.AnnotatedColumn - Binding column: AnnotatedColumn(column='updated_by')
2026-02-09 13:30:40 - DEBUG - o.h.b.model.internal.PropertyBinder - MetadataSourceProcessor property updatedBy with lazy=false
2026-02-09 13:30:40 - DEBUG - o.h.b.m.i.AbstractPropertyHolder - Attempting to locate auto-apply AttributeConverter for property [com.enterpriseflow.entity.auth.Role:updatedBy]
2026-02-09 13:30:40 - DEBUG - o.h.b.m.internal.BasicValueBinder - building BasicValue for updatedBy
2026-02-09 13:30:40 - DEBUG - org.hibernate.mapping.BasicValue - Skipping column re-registration: roles.updated_by
2026-02-09 13:30:40 - DEBUG - o.h.b.model.internal.PropertyBinder - Building property updatedBy
2026-02-09 13:30:40 - DEBUG - o.h.b.model.internal.AnnotatedColumn - Binding column: AnnotatedColumn()
2026-02-09 13:30:40 - DEBUG - o.h.b.model.internal.PropertyBinder - MetadataSourceProcessor property description with lazy=false
2026-02-09 13:30:40 - DEBUG - o.h.b.m.i.AbstractPropertyHolder - Attempting to locate auto-apply AttributeConverter for property [com.enterpriseflow.entity.auth.Role:description]
2026-02-09 13:30:40 - DEBUG - o.h.b.m.internal.BasicValueBinder - building BasicValue for description
2026-02-09 13:30:40 - DEBUG - org.hibernate.mapping.BasicValue - Skipping column re-registration: roles.description
2026-02-09 13:30:40 - DEBUG - o.h.b.model.internal.PropertyBinder - Building property description
2026-02-09 13:30:40 - DEBUG - com.zaxxer.hikari.pool.HikariPool - HikariPool-1 - After adding stats (total=9/10, idle=9/10, active=0, waiting=0)
2026-02-09 13:30:40 - DEBUG - com.zaxxer.hikari.pool.PoolBase - HikariPool-1 - Attempting to create/setup new connection (af3be135-a48a-4e9a-945c-1977fc634372)
2026-02-09 13:30:40 - DEBUG - o.h.b.model.internal.AnnotatedColumn - Binding column: AnnotatedColumn()
2026-02-09 13:30:40 - DEBUG - o.h.b.model.internal.PropertyBinder - MetadataSourceProcessor property name with lazy=false
2026-02-09 13:30:40 - DEBUG - o.h.b.m.i.AbstractPropertyHolder - Attempting to locate auto-apply AttributeConverter for property [com.enterpriseflow.entity.auth.Role:name]
2026-02-09 13:30:40 - DEBUG - o.h.b.m.internal.BasicValueBinder - building BasicValue for name
2026-02-09 13:30:40 - DEBUG - org.hibernate.mapping.BasicValue - Skipping column re-registration: roles.name
2026-02-09 13:30:40 - DEBUG - o.h.b.model.internal.PropertyBinder - Building property name
2026-02-09 13:30:40 - DEBUG - o.h.b.r.c.i.ClassLoaderServiceImpl - HHH000194: Package not found or no package-info.java: com.enterpriseflow.entity.auth
2026-02-09 13:30:40 - DEBUG - o.h.j.e.i.CallbackDefinitionResolverLegacyImpl - Adding touchForUpdate as PreUpdate callback for entity com.enterpriseflow.entity.auth.Role
2026-02-09 13:30:40 - DEBUG - o.h.j.e.i.CallbackDefinitionResolverLegacyImpl - Adding touchForCreate as PrePersist callback for entity com.enterpriseflow.entity.auth.Role
2026-02-09 13:30:40 - DEBUG - o.h.boot.model.internal.EntityBinder - Binding entity from annotated class: com.enterpriseflow.entity.auth.User
2026-02-09 13:30:40 - DEBUG - o.h.boot.model.internal.EntityBinder - Import with entity name User
2026-02-09 13:30:40 - DEBUG - o.h.boot.model.internal.EntityBinder - Bind entity com.enterpriseflow.entity.auth.User on table users
2026-02-09 13:30:40 - DEBUG - o.h.b.model.internal.AnnotatedColumn - Binding column: AnnotatedDiscriminatorColumn(column='DTYPE')
2026-02-09 13:30:40 - DEBUG - jdk.event.security - X509Certificate: Alg:SHA256withRSA, Serial:2, Subject:CN=MySQL_Server_8.0.44_Auto_Generated_Server_Certificate, Issuer:CN=MySQL_Server_8.0.44_Auto_Generated_CA_Certificate, Key type:RSA, Length:2048, Cert Id:-2083527354, Valid from:18/11/25, 1:08 am, Valid until:16/11/35, 1:08 am
2026-02-09 13:30:40 - DEBUG - jdk.event.security - X509Certificate: Alg:SHA256withRSA, Serial:1, Subject:CN=MySQL_Server_8.0.44_Auto_Generated_CA_Certificate, Issuer:CN=MySQL_Server_8.0.44_Auto_Generated_CA_Certificate, Key type:RSA, Length:2048, Cert Id:2001388535, Valid from:18/11/25, 1:08 am, Valid until:16/11/35, 1:08 am
2026-02-09 13:30:40 - DEBUG - jdk.event.security -  TLSHandshake: localhost:3306, TLSv1.3, TLS_AES_256_GCM_SHA384, -2083527354
2026-02-09 13:30:40 - DEBUG - com.zaxxer.hikari.pool.PoolBase - HikariPool-1 - Established new connection (af3be135-a48a-4e9a-945c-1977fc634372)
2026-02-09 13:30:40 - DEBUG - com.zaxxer.hikari.pool.HikariPool - HikariPool-1 - Added connection com.mysql.cj.jdbc.ConnectionImpl@641de40
2026-02-09 13:30:40 - DEBUG - o.h.b.model.internal.AnnotatedColumn - Binding column: AnnotatedColumn()
2026-02-09 13:30:40 - DEBUG - o.h.b.internal.ClassLoaderAccessImpl - Not known whether passed class name [com.enterpriseflow.entity.auth.User] is safe
2026-02-09 13:30:40 - DEBUG - o.h.b.internal.ClassLoaderAccessImpl - No temp ClassLoader provided; using live ClassLoader for loading potentially unsafe class : com.enterpriseflow.entity.auth.User
2026-02-09 13:30:40 - DEBUG - o.h.b.model.internal.PropertyBinder - MetadataSourceProcessor property id with lazy=false
2026-02-09 13:30:40 - DEBUG - o.h.b.m.i.AbstractPropertyHolder - Attempting to locate auto-apply AttributeConverter for property [com.enterpriseflow.entity.auth.User:id]
2026-02-09 13:30:40 - DEBUG - o.h.b.m.internal.BasicValueBinder - building BasicValue for id
2026-02-09 13:30:40 - DEBUG - org.hibernate.mapping.BasicValue - Skipping column re-registration: users.id
2026-02-09 13:30:40 - DEBUG - o.h.b.model.internal.PropertyBinder - Building property id
2026-02-09 13:30:40 - DEBUG - o.h.boot.model.internal.BinderHelper - #makeIdGenerator(BasicValue([Column(id)]), id, identity, , ...)
2026-02-09 13:30:40 - DEBUG - o.h.b.model.internal.AnnotatedColumn - Binding column: AnnotatedColumn(column='created_by')
2026-02-09 13:30:40 - DEBUG - o.h.b.model.internal.PropertyBinder - MetadataSourceProcessor property createBy with lazy=false
2026-02-09 13:30:40 - DEBUG - o.h.b.m.i.AbstractPropertyHolder - Attempting to locate auto-apply AttributeConverter for property [com.enterpriseflow.entity.auth.User:createBy]
2026-02-09 13:30:40 - DEBUG - o.h.b.m.internal.BasicValueBinder - building BasicValue for createBy
2026-02-09 13:30:40 - DEBUG - org.hibernate.mapping.BasicValue - Skipping column re-registration: users.created_by
2026-02-09 13:30:40 - DEBUG - o.h.b.model.internal.PropertyBinder - Building property createBy
2026-02-09 13:30:40 - DEBUG - o.h.b.model.internal.AnnotatedColumn - Binding column: AnnotatedColumn(column='created_at')
2026-02-09 13:30:40 - DEBUG - o.h.b.model.internal.PropertyBinder - MetadataSourceProcessor property createdAt with lazy=false
2026-02-09 13:30:40 - DEBUG - o.h.b.m.i.AbstractPropertyHolder - Attempting to locate auto-apply AttributeConverter for property [com.enterpriseflow.entity.auth.User:createdAt]
2026-02-09 13:30:40 - DEBUG - o.h.b.m.internal.BasicValueBinder - building BasicValue for createdAt
2026-02-09 13:30:40 - DEBUG - org.hibernate.mapping.BasicValue - Skipping column re-registration: users.created_at
2026-02-09 13:30:40 - DEBUG - o.h.b.model.internal.PropertyBinder - Building property createdAt
2026-02-09 13:30:40 - DEBUG - o.h.b.model.internal.AnnotatedColumn - Binding column: AnnotatedColumn(column='is_deleted')
2026-02-09 13:30:40 - DEBUG - o.h.b.model.internal.PropertyBinder - MetadataSourceProcessor property isDeleted with lazy=false
2026-02-09 13:30:40 - DEBUG - o.h.b.m.i.AbstractPropertyHolder - Attempting to locate auto-apply AttributeConverter for property [com.enterpriseflow.entity.auth.User:isDeleted]
2026-02-09 13:30:40 - DEBUG - o.h.b.m.internal.BasicValueBinder - building BasicValue for isDeleted
2026-02-09 13:30:40 - DEBUG - org.hibernate.mapping.BasicValue - Skipping column re-registration: users.is_deleted
2026-02-09 13:30:40 - DEBUG - o.h.b.model.internal.PropertyBinder - Building property isDeleted
2026-02-09 13:30:40 - DEBUG - o.h.b.model.internal.AnnotatedColumn - Binding column: AnnotatedColumn(column='updated_at')
2026-02-09 13:30:40 - DEBUG - o.h.b.model.internal.PropertyBinder - MetadataSourceProcessor property updatedAt with lazy=false
2026-02-09 13:30:40 - DEBUG - o.h.b.m.i.AbstractPropertyHolder - Attempting to locate auto-apply AttributeConverter for property [com.enterpriseflow.entity.auth.User:updatedAt]
2026-02-09 13:30:40 - DEBUG - o.h.b.m.internal.BasicValueBinder - building BasicValue for updatedAt
2026-02-09 13:30:40 - DEBUG - org.hibernate.mapping.BasicValue - Skipping column re-registration: users.updated_at
2026-02-09 13:30:40 - DEBUG - o.h.b.model.internal.PropertyBinder - Building property updatedAt
2026-02-09 13:30:40 - DEBUG - o.h.b.model.internal.AnnotatedColumn - Binding column: AnnotatedColumn(column='updated_by')
2026-02-09 13:30:40 - DEBUG - o.h.b.model.internal.PropertyBinder - MetadataSourceProcessor property updatedBy with lazy=false
2026-02-09 13:30:40 - DEBUG - o.h.b.m.i.AbstractPropertyHolder - Attempting to locate auto-apply AttributeConverter for property [com.enterpriseflow.entity.auth.User:updatedBy]
2026-02-09 13:30:40 - DEBUG - o.h.b.m.internal.BasicValueBinder - building BasicValue for updatedBy
2026-02-09 13:30:40 - DEBUG - org.hibernate.mapping.BasicValue - Skipping column re-registration: users.updated_by
2026-02-09 13:30:40 - DEBUG - o.h.b.model.internal.PropertyBinder - Building property updatedBy
2026-02-09 13:30:40 - DEBUG - o.h.b.model.internal.AnnotatedColumn - Binding column: AnnotatedColumn()
2026-02-09 13:30:40 - DEBUG - o.h.b.model.internal.PropertyBinder - MetadataSourceProcessor property email with lazy=false
2026-02-09 13:30:40 - DEBUG - o.h.b.m.i.AbstractPropertyHolder - Attempting to locate auto-apply AttributeConverter for property [com.enterpriseflow.entity.auth.User:email]
2026-02-09 13:30:40 - DEBUG - o.h.b.m.internal.BasicValueBinder - building BasicValue for email
2026-02-09 13:30:40 - DEBUG - org.hibernate.mapping.BasicValue - Skipping column re-registration: users.email
2026-02-09 13:30:40 - DEBUG - o.h.b.model.internal.PropertyBinder - Building property email
2026-02-09 13:30:40 - DEBUG - o.h.b.model.internal.AnnotatedColumn - Binding column: AnnotatedColumn()
2026-02-09 13:30:40 - DEBUG - o.h.b.model.internal.PropertyBinder - MetadataSourceProcessor property fullName with lazy=false
2026-02-09 13:30:40 - DEBUG - o.h.b.m.i.AbstractPropertyHolder - Attempting to locate auto-apply AttributeConverter for property [com.enterpriseflow.entity.auth.User:fullName]
2026-02-09 13:30:40 - DEBUG - o.h.b.m.internal.BasicValueBinder - building BasicValue for fullName
2026-02-09 13:30:40 - DEBUG - org.hibernate.mapping.BasicValue - Skipping column re-registration: users.full_name
2026-02-09 13:30:40 - DEBUG - o.h.b.model.internal.PropertyBinder - Building property fullName
2026-02-09 13:30:40 - DEBUG - o.h.b.model.internal.AnnotatedColumn - Binding column: AnnotatedColumn()
2026-02-09 13:30:40 - DEBUG - o.h.b.model.internal.PropertyBinder - MetadataSourceProcessor property isAccountNonLocked with lazy=false
2026-02-09 13:30:40 - DEBUG - o.h.b.m.i.AbstractPropertyHolder - Attempting to locate auto-apply AttributeConverter for property [com.enterpriseflow.entity.auth.User:isAccountNonLocked]
2026-02-09 13:30:40 - DEBUG - o.h.b.m.internal.BasicValueBinder - building BasicValue for isAccountNonLocked
2026-02-09 13:30:40 - DEBUG - org.hibernate.mapping.BasicValue - Skipping column re-registration: users.is_account_non_locked
2026-02-09 13:30:40 - DEBUG - o.h.b.model.internal.PropertyBinder - Building property isAccountNonLocked
2026-02-09 13:30:40 - DEBUG - o.h.b.model.internal.AnnotatedColumn - Binding column: AnnotatedColumn()
2026-02-09 13:30:40 - DEBUG - o.h.b.model.internal.PropertyBinder - MetadataSourceProcessor property isActive with lazy=false
2026-02-09 13:30:40 - DEBUG - o.h.b.m.i.AbstractPropertyHolder - Attempting to locate auto-apply AttributeConverter for property [com.enterpriseflow.entity.auth.User:isActive]
2026-02-09 13:30:40 - DEBUG - o.h.b.m.internal.BasicValueBinder - building BasicValue for isActive
2026-02-09 13:30:40 - DEBUG - org.hibernate.mapping.BasicValue - Skipping column re-registration: users.is_active
2026-02-09 13:30:40 - DEBUG - o.h.b.model.internal.PropertyBinder - Building property isActive
2026-02-09 13:30:40 - DEBUG - o.h.b.model.internal.AnnotatedColumn - Binding column: AnnotatedColumn()
2026-02-09 13:30:40 - DEBUG - o.h.b.model.internal.PropertyBinder - MetadataSourceProcessor property password with lazy=false
2026-02-09 13:30:40 - DEBUG - o.h.b.m.i.AbstractPropertyHolder - Attempting to locate auto-apply AttributeConverter for property [com.enterpriseflow.entity.auth.User:password]
2026-02-09 13:30:40 - DEBUG - o.h.b.m.internal.BasicValueBinder - building BasicValue for password
2026-02-09 13:30:40 - DEBUG - org.hibernate.mapping.BasicValue - Skipping column re-registration: users.password
2026-02-09 13:30:40 - DEBUG - o.h.b.model.internal.PropertyBinder - Building property password
2026-02-09 13:30:40 - DEBUG - com.zaxxer.hikari.pool.HikariPool - HikariPool-1 - After adding stats (total=10/10, idle=10/10, active=0, waiting=0)
2026-02-09 13:30:40 - DEBUG - com.zaxxer.hikari.pool.HikariPool - HikariPool-1 - Connection not added, stats (total=10/10, idle=10/10, active=0, waiting=0)
2026-02-09 13:30:40 - DEBUG - o.h.b.model.internal.AnnotatedColumn - Binding column: IndexColumn(column='roles_ORDER')
2026-02-09 13:30:40 - DEBUG - o.h.b.model.internal.AnnotatedColumn - Binding column: AnnotatedColumn()
2026-02-09 13:30:40 - DEBUG - o.h.b.model.internal.AnnotatedColumn - Binding column: AnnotatedColumn(column='roles_KEY')
2026-02-09 13:30:40 - DEBUG - o.h.b.model.internal.AnnotatedColumn - Binding column: AnnotatedJoinColumn(column='roles_KEY')
2026-02-09 13:30:40 - DEBUG - o.h.b.model.internal.AnnotatedColumn - Binding column: AnnotatedJoinColumn(column='user_id')
2026-02-09 13:30:40 - DEBUG - o.h.b.model.internal.AnnotatedColumn - Binding column: AnnotatedJoinColumn(column='role_id')
2026-02-09 13:30:40 - DEBUG - o.h.b.m.internal.CollectionBinder - Collection role: com.enterpriseflow.entity.auth.User.roles
2026-02-09 13:30:40 - DEBUG - o.h.b.model.internal.PropertyBinder - Building property roles
2026-02-09 13:30:40 - DEBUG - o.h.b.r.c.i.ClassLoaderServiceImpl - HHH000194: Package not found or no package-info.java: com.enterpriseflow.entity.auth
2026-02-09 13:30:40 - DEBUG - o.h.j.e.i.CallbackDefinitionResolverLegacyImpl - Adding touchForUpdate as PreUpdate callback for entity com.enterpriseflow.entity.auth.User
2026-02-09 13:30:40 - DEBUG - o.h.j.e.i.CallbackDefinitionResolverLegacyImpl - Adding touchForCreate as PrePersist callback for entity com.enterpriseflow.entity.auth.User
2026-02-09 13:30:40 - DEBUG - o.h.b.m.internal.BasicValueBinder - Starting `BasicValueBinder#fillSimpleValue` for id
2026-02-09 13:30:40 - DEBUG - o.h.b.m.internal.BasicValueBinder - Starting `BasicValueBinder#fillSimpleValue` for createBy
2026-02-09 13:30:40 - DEBUG - o.h.b.m.internal.BasicValueBinder - Starting `BasicValueBinder#fillSimpleValue` for createdAt
2026-02-09 13:30:40 - DEBUG - o.h.b.m.internal.BasicValueBinder - Starting `BasicValueBinder#fillSimpleValue` for isDeleted
2026-02-09 13:30:40 - DEBUG - o.h.b.m.internal.BasicValueBinder - Starting `BasicValueBinder#fillSimpleValue` for updatedAt
2026-02-09 13:30:40 - DEBUG - o.h.b.m.internal.BasicValueBinder - Starting `BasicValueBinder#fillSimpleValue` for updatedBy
2026-02-09 13:30:40 - DEBUG - o.h.b.m.internal.BasicValueBinder - Starting `BasicValueBinder#fillSimpleValue` for description
2026-02-09 13:30:40 - DEBUG - o.h.b.m.internal.BasicValueBinder - Starting `BasicValueBinder#fillSimpleValue` for name
2026-02-09 13:30:40 - DEBUG - o.h.b.m.internal.BasicValueBinder - Starting `BasicValueBinder#fillSimpleValue` for id
2026-02-09 13:30:40 - DEBUG - o.h.b.m.internal.BasicValueBinder - Starting `BasicValueBinder#fillSimpleValue` for createBy
2026-02-09 13:30:40 - DEBUG - o.h.b.m.internal.BasicValueBinder - Starting `BasicValueBinder#fillSimpleValue` for createdAt
2026-02-09 13:30:40 - DEBUG - o.h.b.m.internal.BasicValueBinder - Starting `BasicValueBinder#fillSimpleValue` for isDeleted
2026-02-09 13:30:40 - DEBUG - o.h.b.m.internal.BasicValueBinder - Starting `BasicValueBinder#fillSimpleValue` for updatedAt
2026-02-09 13:30:40 - DEBUG - o.h.b.m.internal.BasicValueBinder - Starting `BasicValueBinder#fillSimpleValue` for updatedBy
2026-02-09 13:30:40 - DEBUG - o.h.b.m.internal.BasicValueBinder - Starting `BasicValueBinder#fillSimpleValue` for email
2026-02-09 13:30:40 - DEBUG - o.h.b.m.internal.BasicValueBinder - Starting `BasicValueBinder#fillSimpleValue` for fullName
2026-02-09 13:30:40 - DEBUG - o.h.b.m.internal.BasicValueBinder - Starting `BasicValueBinder#fillSimpleValue` for isAccountNonLocked
2026-02-09 13:30:40 - DEBUG - o.h.b.m.internal.BasicValueBinder - Starting `BasicValueBinder#fillSimpleValue` for isActive
2026-02-09 13:30:40 - DEBUG - o.h.b.m.internal.BasicValueBinder - Starting `BasicValueBinder#fillSimpleValue` for password
2026-02-09 13:30:40 - DEBUG - org.hibernate.mapping.PrimaryKey - Forcing column [id] to be non-null as it is part of the primary key for table [roles]
2026-02-09 13:30:40 - DEBUG - org.hibernate.mapping.PrimaryKey - Forcing column [id] to be non-null as it is part of the primary key for table [users]
2026-02-09 13:30:40 - DEBUG - o.h.b.m.i.CollectionSecondPass - Second pass for collection: com.enterpriseflow.entity.auth.User.roles
2026-02-09 13:30:40 - DEBUG - o.h.b.m.internal.CollectionBinder - Binding a ManyToMany: com.enterpriseflow.entity.auth.User.roles
2026-02-09 13:30:40 - DEBUG - o.h.b.r.c.i.ClassLoaderServiceImpl - HHH000194: Package not found or no package-info.java: com.enterpriseflow.entity.auth
2026-02-09 13:30:40 - DEBUG - org.hibernate.mapping.PrimaryKey - Forcing column [user_id] to be non-null as it is part of the primary key for table [user_roles]
2026-02-09 13:30:40 - DEBUG - org.hibernate.mapping.PrimaryKey - Forcing column [role_id] to be non-null as it is part of the primary key for table [user_roles]
2026-02-09 13:30:40 - DEBUG - o.h.b.m.i.CollectionSecondPass - Mapped collection key: user_id, element: role_id
2026-02-09 13:30:40 - DEBUG - o.h.internal.SessionFactoryImpl - Building session factory
2026-02-09 13:30:41 - DEBUG - o.h.s.i.SessionFactoryServiceRegistryImpl - EventListenerRegistry access via ServiceRegistry is deprecated.  Use `sessionFactory.getEventEngine().getListenerRegistry()` instead
2026-02-09 13:30:41 - DEBUG - o.h.internal.SessionFactoryImpl - Instantiating SessionFactory with settings: {hibernate.format_sql=true, java.specification.version=17, sun.cpu.isalist=amd64, hibernate.resource.beans.container=org.springframework.orm.hibernate5.SpringBeanContainer@1d017e33, hibernate.connection.handling_mode=DELAYED_ACQUISITION_AND_HOLD, sun.jnu.encoding=Cp1252, hibernate.implicit_naming_strategy=org.springframework.boot.orm.jpa.hibernate.SpringImplicitNamingStrategy, java.class.path=F:\projects2025\EnterpriseFlow\enterpriseflow\target\classes;C:\Users\kalim\.m2\repository\org\springframework\boot\spring-boot-starter-data-jpa\3.5.10\spring-boot-starter-data-jpa-3.5.10.jar;C:\Users\kalim\.m2\repository\org\springframework\boot\spring-boot-starter\3.5.10\spring-boot-starter-3.5.10.jar;C:\Users\kalim\.m2\repository\org\springframework\boot\spring-boot-starter-logging\3.5.10\spring-boot-starter-logging-3.5.10.jar;C:\Users\kalim\.m2\repository\ch\qos\logback\logback-classic\1.5.25\logback-classic-1.5.25.jar;C:\Users\kalim\.m2\repository\ch\qos\logback\logback-core\1.5.25\logback-core-1.5.25.jar;C:\Users\kalim\.m2\repository\org\apache\logging\log4j\log4j-to-slf4j\2.24.3\log4j-to-slf4j-2.24.3.jar;C:\Users\kalim\.m2\repository\org\apache\logging\log4j\log4j-api\2.24.3\log4j-api-2.24.3.jar;C:\Users\kalim\.m2\repository\org\slf4j\jul-to-slf4j\2.0.17\jul-to-slf4j-2.0.17.jar;C:\Users\kalim\.m2\repository\jakarta\annotation\jakarta.annotation-api\2.1.1\jakarta.annotation-api-2.1.1.jar;C:\Users\kalim\.m2\repository\org\yaml\snakeyaml\2.4\snakeyaml-2.4.jar;C:\Users\kalim\.m2\repository\org\springframework\boot\spring-boot-starter-jdbc\3.5.10\spring-boot-starter-jdbc-3.5.10.jar;C:\Users\kalim\.m2\repository\com\zaxxer\HikariCP\6.3.3\HikariCP-6.3.3.jar;C:\Users\kalim\.m2\repository\org\springframework\spring-jdbc\6.2.15\spring-jdbc-6.2.15.jar;C:\Users\kalim\.m2\repository\org\hibernate\orm\hibernate-core\6.6.41.Final\hibernate-core-6.6.41.Final.jar;C:\Users\kalim\.m2\repository\jakarta\persistence\jakarta.persistence-api\3.1.0\jakarta.persistence-api-3.1.0.jar;C:\Users\kalim\.m2\repository\jakarta\transaction\jakarta.transaction-api\2.0.1\jakarta.transaction-api-2.0.1.jar;C:\Users\kalim\.m2\repository\org\jboss\logging\jboss-logging\3.6.1.Final\jboss-logging-3.6.1.Final.jar;C:\Users\kalim\.m2\repository\org\hibernate\common\hibernate-commons-annotations\7.0.3.Final\hibernate-commons-annotations-7.0.3.Final.jar;C:\Users\kalim\.m2\repository\io\smallrye\jandex\3.2.0\jandex-3.2.0.jar;C:\Users\kalim\.m2\repository\com\fasterxml\classmate\1.7.3\classmate-1.7.3.jar;C:\Users\kalim\.m2\repository\net\bytebuddy\byte-buddy\1.17.8\byte-buddy-1.17.8.jar;C:\Users\kalim\.m2\repository\org\glassfish\jaxb\jaxb-runtime\4.0.6\jaxb-runtime-4.0.6.jar;C:\Users\kalim\.m2\repository\org\glassfish\jaxb\jaxb-core\4.0.6\jaxb-core-4.0.6.jar;C:\Users\kalim\.m2\repository\org\eclipse\angus\angus-activation\2.0.3\angus-activation-2.0.3.jar;C:\Users\kalim\.m2\repository\org\glassfish\jaxb\txw2\4.0.6\txw2-4.0.6.jar;C:\Users\kalim\.m2\repository\com\sun\istack\istack-commons-runtime\4.1.2\istack-commons-runtime-4.1.2.jar;C:\Users\kalim\.m2\repository\jakarta\inject\jakarta.inject-api\2.0.1\jakarta.inject-api-2.0.1.jar;C:\Users\kalim\.m2\repository\org\antlr\antlr4-runtime\4.13.0\antlr4-runtime-4.13.0.jar;C:\Users\kalim\.m2\repository\org\springframework\data\spring-data-jpa\3.5.8\spring-data-jpa-3.5.8.jar;C:\Users\kalim\.m2\repository\org\springframework\data\spring-data-commons\3.5.8\spring-data-commons-3.5.8.jar;C:\Users\kalim\.m2\repository\org\springframework\spring-orm\6.2.15\spring-orm-6.2.15.jar;C:\Users\kalim\.m2\repository\org\springframework\spring-context\6.2.15\spring-context-6.2.15.jar;C:\Users\kalim\.m2\repository\org\springframework\spring-tx\6.2.15\spring-tx-6.2.15.jar;C:\Users\kalim\.m2\repository\org\springframework\spring-beans\6.2.15\spring-beans-6.2.15.jar;C:\Users\kalim\.m2\repository\org\slf4j\slf4j-api\2.0.17\slf4j-api-2.0.17.jar;C:\Users\kalim\.m2\repository\org\springframework\spring-aspects\6.2.15\spring-aspects-6.2.15.jar;C:\Users\kalim\.m2\repository\org\aspectj\aspectjweaver\1.9.25.1\aspectjweaver-1.9.25.1.jar;C:\Users\kalim\.m2\repository\org\springframework\boot\spring-boot-starter-security\3.5.10\spring-boot-starter-security-3.5.10.jar;C:\Users\kalim\.m2\repository\org\springframework\spring-aop\6.2.15\spring-aop-6.2.15.jar;C:\Users\kalim\.m2\repository\org\springframework\security\spring-security-config\6.5.7\spring-security-config-6.5.7.jar;C:\Users\kalim\.m2\repository\org\springframework\security\spring-security-web\6.5.7\spring-security-web-6.5.7.jar;C:\Users\kalim\.m2\repository\org\springframework\spring-expression\6.2.15\spring-expression-6.2.15.jar;C:\Users\kalim\.m2\repository\org\springframework\boot\spring-boot-starter-validation\3.5.10\spring-boot-starter-validation-3.5.10.jar;C:\Users\kalim\.m2\repository\org\apache\tomcat\embed\tomcat-embed-el\10.1.50\tomcat-embed-el-10.1.50.jar;C:\Users\kalim\.m2\repository\org\hibernate\validator\hibernate-validator\8.0.3.Final\hibernate-validator-8.0.3.Final.jar;C:\Users\kalim\.m2\repository\jakarta\validation\jakarta.validation-api\3.0.2\jakarta.validation-api-3.0.2.jar;C:\Users\kalim\.m2\repository\org\springframework\boot\spring-boot-starter-web\3.5.10\spring-boot-starter-web-3.5.10.jar;C:\Users\kalim\.m2\repository\org\springframework\boot\spring-boot-starter-json\3.5.10\spring-boot-starter-json-3.5.10.jar;C:\Users\kalim\.m2\repository\com\fasterxml\jackson\core\jackson-databind\2.19.4\jackson-databind-2.19.4.jar;C:\Users\kalim\.m2\repository\com\fasterxml\jackson\core\jackson-annotations\2.19.4\jackson-annotations-2.19.4.jar;C:\Users\kalim\.m2\repository\com\fasterxml\jackson\core\jackson-core\2.19.4\jackson-core-2.19.4.jar;C:\Users\kalim\.m2\repository\com\fasterxml\jackson\datatype\jackson-datatype-jdk8\2.19.4\jackson-datatype-jdk8-2.19.4.jar;C:\Users\kalim\.m2\repository\com\fasterxml\jackson\datatype\jackson-datatype-jsr310\2.19.4\jackson-datatype-jsr310-2.19.4.jar;C:\Users\kalim\.m2\repository\com\fasterxml\jackson\module\jackson-module-parameter-names\2.19.4\jackson-module-parameter-names-2.19.4.jar;C:\Users\kalim\.m2\repository\org\springframework\boot\spring-boot-starter-tomcat\3.5.10\spring-boot-starter-tomcat-3.5.10.jar;C:\Users\kalim\.m2\repository\org\apache\tomcat\embed\tomcat-embed-core\10.1.50\tomcat-embed-core-10.1.50.jar;C:\Users\kalim\.m2\repository\org\apache\tomcat\embed\tomcat-embed-websocket\10.1.50\tomcat-embed-websocket-10.1.50.jar;C:\Users\kalim\.m2\repository\org\springframework\spring-web\6.2.15\spring-web-6.2.15.jar;C:\Users\kalim\.m2\repository\io\micrometer\micrometer-observation\1.15.8\micrometer-observation-1.15.8.jar;C:\Users\kalim\.m2\repository\io\micrometer\micrometer-commons\1.15.8\micrometer-commons-1.15.8.jar;C:\Users\kalim\.m2\repository\org\springframework\spring-webmvc\6.2.15\spring-webmvc-6.2.15.jar;C:\Users\kalim\.m2\repository\org\springframework\boot\spring-boot-devtools\3.5.10\spring-boot-devtools-3.5.10.jar;C:\Users\kalim\.m2\repository\org\springframework\boot\spring-boot\3.5.10\spring-boot-3.5.10.jar;C:\Users\kalim\.m2\repository\org\springframework\boot\spring-boot-autoconfigure\3.5.10\spring-boot-autoconfigure-3.5.10.jar;C:\Users\kalim\.m2\repository\com\mysql\mysql-connector-j\9.5.0\mysql-connector-j-9.5.0.jar;C:\Users\kalim\.m2\repository\org\projectlombok\lombok\1.18.42\lombok-1.18.42.jar;C:\Users\kalim\.m2\repository\jakarta\xml\bind\jakarta.xml.bind-api\4.0.4\jakarta.xml.bind-api-4.0.4.jar;C:\Users\kalim\.m2\repository\jakarta\activation\jakarta.activation-api\2.1.4\jakarta.activation-api-2.1.4.jar;C:\Users\kalim\.m2\repository\org\springframework\spring-core\6.2.15\spring-core-6.2.15.jar;C:\Users\kalim\.m2\repository\org\springframework\spring-jcl\6.2.15\spring-jcl-6.2.15.jar;C:\Users\kalim\.m2\repository\org\springframework\security\spring-security-core\6.5.7\spring-security-core-6.5.7.jar;C:\Users\kalim\.m2\repository\org\springframework\security\spring-security-crypto\6.5.7\spring-security-crypto-6.5.7.jar, com.sun.management.jmxremote.authenticate=false, java.vm.vendor=Oracle Corporation, sun.arch.data.model=64, user.variant=, java.vendor.url=https://java.oracle.com/, catalina.useNaming=false, user.timezone=Asia/Calcutta, jakarta.persistence.sharedCache.mode=UNSPECIFIED, org.jboss.logging.provider=slf4j, java.vm.specification.version=17, os.name=Windows 11, APPLICATION_NAME=enterpriseflow, jakarta.persistence.nonJtaDataSource=HikariDataSource (HikariPool-1), sun.java.launcher=SUN_STANDARD, user.country=IN, sun.boot.library.path=C:\Program Files\Java\jdk-17\bin, com.sun.management.jmxremote.ssl=false, sun.java.command=com.enterpriseflow.EnterpriseflowApplication, spring.application.admin.enabled=true, javax.persistence.nonJtaDataSource=HikariDataSource (HikariPool-1), hibernate.transaction.jta.platform=org.hibernate.engine.transaction.jta.platform.internal.NoJtaPlatform@6f9d219e, com.sun.management.jmxremote=, jdk.debug=release, sun.cpu.endian=little, hibernate.cdi.extensions=true, spring.boot.project.name=enterpriseflow, user.home=C:\Users\kalim, user.language=en, java.specification.vendor=Oracle Corporation, java.version.date=2024-07-16, java.home=C:\Program Files\Java\jdk-17, file.separator=\, spring.output.ansi.enabled=always, java.vm.compressedOopsMode=Zero based, line.separator=
, hibernate.persistenceUnitName=default, java.vm.specification.vendor=Oracle Corporation, java.specification.name=Java Platform API Specification, FILE_LOG_CHARSET=UTF-8, hibernate.transaction.coordinator_class=class org.hibernate.resource.transaction.backend.jdbc.internal.JdbcResourceLocalTransactionCoordinatorBuilderImpl, java.awt.headless=true, jakarta.persistence.validation.mode=AUTO, hibernate.hbm2ddl.auto=update, user.script=, sun.management.compiler=HotSpot 64-Bit Tiered Compilers, java.runtime.version=17.0.12+8-LTS-286, user.name=kalim, spring.jmx.enabled=true, stdout.encoding=UTF-8, path.separator=;, management.endpoints.jmx.exposure.include=*, os.version=10.0, java.runtime.name=Java(TM) SE Runtime Environment, file.encoding=UTF-8, java.vm.name=Java HotSpot(TM) 64-Bit Server VM, hibernate.show_sql=true, java.vendor.url.bug=https://bugreport.java.com/bugreport/, java.io.tmpdir=C:\Users\kalim\AppData\Local\Temp\, catalina.home=C:\Users\kalim\AppData\Local\Temp\tomcat.8080.8272817723098678930, com.sun.management.jmxremote.port=61313, java.version=17.0.12, hibernate.physical_naming_strategy=org.hibernate.boot.model.naming.CamelCaseToUnderscoresNamingStrategy, user.dir=F:\projects2025\EnterpriseFlow\enterpriseflow, os.arch=amd64, java.vm.specification.name=Java Virtual Machine Specification, PID=12988, sun.os.patch.level=, CONSOLE_LOG_CHARSET=UTF-8, catalina.base=C:\Users\kalim\AppData\Local\Temp\tomcat.8080.8272817723098678930, hibernate.boot.CfgXmlAccessService.key=org.hibernate.boot.registry.StandardServiceRegistryBuilder$1@12614851, native.encoding=Cp1252, java.library.path=C:\Program Files\Java\jdk-17\bin;C:\WINDOWS\Sun\Java\bin;C:\WINDOWS\system32;C:\WINDOWS;F:/STS/sts//plugins/org.eclipse.justj.openjdk.hotspot.jre.full.win32.x86_64_21.0.9.v20251105-0741/jre/bin/server;F:/STS/sts//plugins/org.eclipse.justj.openjdk.hotspot.jre.full.win32.x86_64_21.0.9.v20251105-0741/jre/bin;C:\Program Files\Common Files\Oracle\Java\javapath;C:\WINDOWS\system32;C:\WINDOWS;C:\WINDOWS\System32\Wbem;C:\WINDOWS\System32\WindowsPowerShell\v1.0\;C:\WINDOWS\System32\OpenSSH\;C:\Program Files\Git\cmd;C:\Program Files\Java\jdk-25\bin;C:\Program Files\MySQL\MySQL Server 8.0\bin;C:\Program Files\MySQL\MySQL Shell 8.0\bin\;C:\Users\kalim\AppData\Local\Microsoft\WindowsApps;C:\Users\kalim\AppData\Local\Programs\Microsoft VS Code\bin;C:\Program Files\Java\jdk-25\bin;;F:\STS\sts;;., stderr.encoding=UTF-8, java.vendor=Oracle Corporation, java.vm.info=mixed mode, emulated-client, sharing, java.vm.version=17.0.12+8-LTS-286, java.rmi.server.randomIDs=true, java.rmi.server.hostname=localhost, sun.io.unicode.encoding=UnicodeLittle, hibernate.archive.scanner=org.hibernate.boot.archive.scan.internal.DisabledScanner, hibernate.connection.datasource=HikariDataSource (HikariPool-1), java.class.version=61.0, LOGGED_APPLICATION_NAME=[enterpriseflow] }
2026-02-09 13:30:41 - DEBUG - o.h.internal.SessionFactoryImpl - Session factory constructed with filter configurations : {}
2026-02-09 13:30:41 - DEBUG - o.h.v.i.x.config.ValidationXmlParser - Trying to load META-INF/validation.xml for XML based Validator configuration.
2026-02-09 13:30:41 - DEBUG - o.h.v.i.x.c.ResourceLoaderHelper - Trying to load META-INF/validation.xml via TCCL
2026-02-09 13:30:41 - DEBUG - o.h.v.i.x.c.ResourceLoaderHelper - Trying to load META-INF/validation.xml via Hibernate Validator's class loader
2026-02-09 13:30:41 - DEBUG - o.h.v.i.x.config.ValidationXmlParser - No META-INF/validation.xml found. Using annotation based configuration only.
2026-02-09 13:30:41 - DEBUG - o.h.v.i.e.r.TraversableResolvers - Found jakarta.persistence.Persistence on classpath containing 'getPersistenceUtil'. Assuming JPA 2 environment. Trying to instantiate JPA aware TraversableResolver
2026-02-09 13:30:41 - DEBUG - o.h.v.i.e.r.TraversableResolvers - Instantiated JPA aware TraversableResolver of type org.hibernate.validator.internal.engine.resolver.JPATraversableResolver.
2026-02-09 13:30:41 - DEBUG - o.h.v.m.ResourceBundleMessageInterpolator - Loaded expression factory via original TCCL
2026-02-09 13:30:41 - DEBUG - sun.rmi.transport.tcp - RMI TCP Connection(2)-127.0.0.1: (port 61316) op = 82
2026-02-09 13:30:41 - DEBUG - sun.rmi.transport.tcp - RMI TCP Connection(2)-127.0.0.1: (port 61316) op = 80
2026-02-09 13:30:41 - DEBUG - sun.rmi.loader - RMI TCP Connection(2)-127.0.0.1: name = "javax.management.ObjectName", codebase = ""
2026-02-09 13:30:41 - DEBUG - javax.management.remote.rmi - connectionId=rmi://127.0.0.1  1, name=org.springframework.boot:type=Admin,name=SpringApplication, attribute=Ready
2026-02-09 13:30:41 - DEBUG - sun.rmi.server.call - RMI TCP Connection(2)-127.0.0.1: [127.0.0.1] exception: 
javax.management.InstanceNotFoundException: org.springframework.boot:type=Admin,name=SpringApplication
	at java.management/com.sun.jmx.interceptor.DefaultMBeanServerInterceptor.getMBean(DefaultMBeanServerInterceptor.java:1088)
	at java.management/com.sun.jmx.interceptor.DefaultMBeanServerInterceptor.getAttribute(DefaultMBeanServerInterceptor.java:640)
	at java.management/com.sun.jmx.mbeanserver.JmxMBeanServer.getAttribute(JmxMBeanServer.java:679)
	at java.management.rmi/javax.management.remote.rmi.RMIConnectionImpl.doOperation(RMIConnectionImpl.java:1449)
	at java.management.rmi/javax.management.remote.rmi.RMIConnectionImpl$PrivilegedOperation.run(RMIConnectionImpl.java:1310)
	at java.management.rmi/javax.management.remote.rmi.RMIConnectionImpl.doPrivilegedOperation(RMIConnectionImpl.java:1405)
	at java.management.rmi/javax.management.remote.rmi.RMIConnectionImpl.getAttribute(RMIConnectionImpl.java:639)
	at java.base/jdk.internal.reflect.NativeMethodAccessorImpl.invoke0(Native Method)
	at java.base/jdk.internal.reflect.NativeMethodAccessorImpl.invoke(NativeMethodAccessorImpl.java:77)
	at java.base/jdk.internal.reflect.DelegatingMethodAccessorImpl.invoke(DelegatingMethodAccessorImpl.java:43)
	at java.base/java.lang.reflect.Method.invoke(Method.java:568)
	at java.rmi/sun.rmi.server.UnicastServerRef.dispatch(UnicastServerRef.java:360)
	at java.rmi/sun.rmi.transport.Transport$1.run(Transport.java:200)
	at java.rmi/sun.rmi.transport.Transport$1.run(Transport.java:197)
	at java.base/java.security.AccessController.doPrivileged(AccessController.java:712)
	at java.rmi/sun.rmi.transport.Transport.serviceCall(Transport.java:196)
	at java.rmi/sun.rmi.transport.tcp.TCPTransport.handleMessages(TCPTransport.java:587)
	at java.rmi/sun.rmi.transport.tcp.TCPTransport$ConnectionHandler.run0(TCPTransport.java:828)
	at java.rmi/sun.rmi.transport.tcp.TCPTransport$ConnectionHandler.lambda$run$0(TCPTransport.java:705)
	at java.base/java.security.AccessController.doPrivileged(AccessController.java:399)
	at java.rmi/sun.rmi.transport.tcp.TCPTransport$ConnectionHandler.run(TCPTransport.java:704)
	at java.base/java.util.concurrent.ThreadPoolExecutor.runWorker(ThreadPoolExecutor.java:1136)
	at java.base/java.util.concurrent.ThreadPoolExecutor$Worker.run(ThreadPoolExecutor.java:635)
	at java.base/java.lang.Thread.run(Thread.java:842)
2026-02-09 13:30:41 - DEBUG - o.h.v.i.e.ValidatorFactoryConfigurationHelper - HV000252: Using org.hibernate.validator.internal.engine.DefaultPropertyNodeNameProvider as property node name provider.
2026-02-09 13:30:41 - DEBUG - o.h.v.i.e.ValidatorFactoryConfigurationHelper - HV000234: Using org.hibernate.validator.messageinterpolation.ResourceBundleMessageInterpolator as ValidatorFactory-scoped message interpolator.
2026-02-09 13:30:41 - DEBUG - o.h.v.i.e.ValidatorFactoryConfigurationHelper - HV000234: Using org.hibernate.validator.internal.engine.resolver.JPATraversableResolver as ValidatorFactory-scoped traversable resolver.
2026-02-09 13:30:41 - DEBUG - o.h.v.i.e.ValidatorFactoryConfigurationHelper - HV000234: Using org.hibernate.validator.internal.util.ExecutableParameterNameProvider as ValidatorFactory-scoped parameter name provider.
2026-02-09 13:30:41 - DEBUG - o.h.v.i.e.ValidatorFactoryConfigurationHelper - HV000234: Using org.hibernate.validator.internal.engine.DefaultClockProvider as ValidatorFactory-scoped clock provider.
2026-02-09 13:30:41 - DEBUG - o.h.v.i.e.ValidatorFactoryConfigurationHelper - HV000234: Using org.hibernate.validator.internal.engine.scripting.DefaultScriptEvaluatorFactory as ValidatorFactory-scoped script evaluator factory.
2026-02-09 13:30:41 - DEBUG - o.h.b.internal.ClassLoaderAccessImpl - Not known whether passed class name [com.enterpriseflow.entity.auth.User] is safe
2026-02-09 13:30:41 - DEBUG - o.h.b.internal.ClassLoaderAccessImpl - No temp ClassLoader provided; using live ClassLoader for loading potentially unsafe class : com.enterpriseflow.entity.auth.User
2026-02-09 13:30:41 - DEBUG - o.h.b.internal.ClassLoaderAccessImpl - Not known whether passed class name [com.enterpriseflow.entity.auth.Role] is safe
2026-02-09 13:30:41 - DEBUG - o.h.b.internal.ClassLoaderAccessImpl - No temp ClassLoader provided; using live ClassLoader for loading potentially unsafe class : com.enterpriseflow.entity.auth.Role
2026-02-09 13:30:41 - DEBUG - o.h.s.i.SessionFactoryServiceRegistryImpl - EventListenerRegistry access via ServiceRegistry is deprecated.  Use `sessionFactory.getEventEngine().getListenerRegistry()` instead
2026-02-09 13:30:41 - DEBUG - o.h.q.s.function.SqmFunctionRegistry - Registered SqmFunctionTemplate [NamedSqmFunctionTemplate(max)] under max; prior registration was null
2026-02-09 13:30:41 - DEBUG - o.h.q.s.function.SqmFunctionRegistry - Registered SqmFunctionTemplate [NamedSqmFunctionTemplate(min)] under min; prior registration was null
2026-02-09 13:30:41 - DEBUG - o.h.q.s.function.SqmFunctionRegistry - Registered SqmFunctionTemplate [NamedSqmFunctionTemplate(sum)] under sum; prior registration was null
2026-02-09 13:30:41 - DEBUG - o.h.q.s.function.SqmFunctionRegistry - Registered SqmFunctionTemplate [NamedSqmFunctionTemplate(avg)] under avg; prior registration was null
2026-02-09 13:30:41 - DEBUG - o.h.q.s.function.SqmFunctionRegistry - Registered SqmFunctionTemplate [org.hibernate.dialect.function.CountFunction@4cff9c10] under count; prior registration was null
2026-02-09 13:30:41 - DEBUG - o.h.q.s.function.SqmFunctionRegistry - Registered SqmFunctionTemplate [org.hibernate.dialect.function.EveryAnyEmulation@7f8e043c] under every; prior registration was null
2026-02-09 13:30:41 - DEBUG - o.h.q.s.function.SqmFunctionRegistry - Registered SqmFunctionTemplate [org.hibernate.dialect.function.EveryAnyEmulation@69df6154] under any; prior registration was null
2026-02-09 13:30:41 - DEBUG - o.h.q.s.function.SqmFunctionRegistry - Registered SqmFunctionTemplate [NamedSqmFunctionTemplate(floor)] under floor; prior registration was null
2026-02-09 13:30:41 - DEBUG - o.h.q.s.function.SqmFunctionRegistry - Registered SqmFunctionTemplate [NamedSqmFunctionTemplate(ceiling)] under ceiling; prior registration was null
2026-02-09 13:30:41 - DEBUG - o.h.q.s.function.SqmFunctionRegistry - Registered SqmFunctionTemplate [NamedSqmFunctionTemplate(mod)] under mod; prior registration was null
2026-02-09 13:30:41 - DEBUG - o.h.q.s.function.SqmFunctionRegistry - Registered SqmFunctionTemplate [NamedSqmFunctionTemplate(abs)] under abs; prior registration was null
2026-02-09 13:30:41 - DEBUG - o.h.q.s.function.SqmFunctionRegistry - Registered SqmFunctionTemplate [NamedSqmFunctionTemplate(sign)] under sign; prior registration was null
2026-02-09 13:30:41 - DEBUG - o.h.q.s.function.SqmFunctionRegistry - Registered SqmFunctionTemplate [NamedSqmFunctionTemplate(sqrt)] under sqrt; prior registration was null
2026-02-09 13:30:41 - DEBUG - o.h.q.s.function.SqmFunctionRegistry - Registered SqmFunctionTemplate [NamedSqmFunctionTemplate(ln)] under ln; prior registration was null
2026-02-09 13:30:41 - DEBUG - o.h.q.s.function.SqmFunctionRegistry - Registered SqmFunctionTemplate [NamedSqmFunctionTemplate(exp)] under exp; prior registration was null
2026-02-09 13:30:41 - DEBUG - o.h.q.s.function.SqmFunctionRegistry - Registered SqmFunctionTemplate [NamedSqmFunctionTemplate(power)] under power; prior registration was null
2026-02-09 13:30:41 - DEBUG - o.h.q.s.function.SqmFunctionRegistry - Registered SqmFunctionTemplate [NamedSqmFunctionTemplate(round)] under round; prior registration was null
2026-02-09 13:30:41 - DEBUG - o.h.q.s.function.SqmFunctionRegistry - Registered SqmFunctionTemplate [NamedSqmFunctionTemplate(sin)] under sin; prior registration was null
2026-02-09 13:30:41 - DEBUG - o.h.q.s.function.SqmFunctionRegistry - Registered SqmFunctionTemplate [NamedSqmFunctionTemplate(cos)] under cos; prior registration was null
2026-02-09 13:30:41 - DEBUG - o.h.q.s.function.SqmFunctionRegistry - Registered SqmFunctionTemplate [NamedSqmFunctionTemplate(tan)] under tan; prior registration was null
2026-02-09 13:30:41 - DEBUG - o.h.q.s.function.SqmFunctionRegistry - Registered SqmFunctionTemplate [NamedSqmFunctionTemplate(asin)] under asin; prior registration was null
2026-02-09 13:30:41 - DEBUG - o.h.q.s.function.SqmFunctionRegistry - Registered SqmFunctionTemplate [NamedSqmFunctionTemplate(acos)] under acos; prior registration was null
2026-02-09 13:30:41 - DEBUG - o.h.q.s.function.SqmFunctionRegistry - Registered SqmFunctionTemplate [NamedSqmFunctionTemplate(atan)] under atan; prior registration was null
2026-02-09 13:30:41 - DEBUG - o.h.q.s.function.SqmFunctionRegistry - Registered SqmFunctionTemplate [NamedSqmFunctionTemplate(atan2)] under atan2; prior registration was null
2026-02-09 13:30:41 - DEBUG - o.h.q.s.function.SqmFunctionRegistry - Registered SqmFunctionTemplate [org.hibernate.query.sqm.function.PatternBasedSqmFunctionDescriptor@7f4cc113] under sinh; prior registration was null
2026-02-09 13:30:41 - DEBUG - o.h.q.s.function.SqmFunctionRegistry - Registered SqmFunctionTemplate [org.hibernate.query.sqm.function.PatternBasedSqmFunctionDescriptor@75d4048c] under cosh; prior registration was null
2026-02-09 13:30:41 - DEBUG - o.h.q.s.function.SqmFunctionRegistry - Registered SqmFunctionTemplate [org.hibernate.query.sqm.function.PatternBasedSqmFunctionDescriptor@13037bcb] under tanh; prior registration was null
2026-02-09 13:30:41 - DEBUG - o.h.q.s.function.SqmFunctionRegistry - Registered SqmFunctionTemplate [org.hibernate.query.sqm.function.PatternBasedSqmFunctionDescriptor@398dab29] under pi; prior registration was null
2026-02-09 13:30:41 - DEBUG - o.h.q.s.function.SqmFunctionRegistry - Registered SqmFunctionTemplate [org.hibernate.query.sqm.function.PatternBasedSqmFunctionDescriptor@2050a152] under log; prior registration was null
2026-02-09 13:30:41 - DEBUG - o.h.q.s.function.SqmFunctionRegistry - Registered SqmFunctionTemplate [NamedSqmFunctionTemplate(coalesce)] under coalesce; prior registration was null
2026-02-09 13:30:41 - DEBUG - o.h.q.s.function.SqmFunctionRegistry - Registered SqmFunctionTemplate [NamedSqmFunctionTemplate(nullif)] under nullif; prior registration was null
2026-02-09 13:30:41 - DEBUG - o.h.q.s.function.SqmFunctionRegistry - Registered SqmFunctionTemplate [NamedSqmFunctionTemplate(left)] under left; prior registration was null
2026-02-09 13:30:41 - DEBUG - o.h.q.s.function.SqmFunctionRegistry - Registered SqmFunctionTemplate [NamedSqmFunctionTemplate(right)] under right; prior registration was null
2026-02-09 13:30:41 - DEBUG - o.h.q.s.function.SqmFunctionRegistry - Registered SqmFunctionTemplate [NamedSqmFunctionTemplate(replace)] under replace; prior registration was null
2026-02-09 13:30:41 - DEBUG - o.h.q.s.function.SqmFunctionRegistry - Registered SqmFunctionTemplate [NamedSqmFunctionTemplate(concat)] under concat; prior registration was null
2026-02-09 13:30:41 - DEBUG - o.h.q.s.function.SqmFunctionRegistry - Registered SqmFunctionTemplate [NamedSqmFunctionTemplate(lower)] under lower; prior registration was null
2026-02-09 13:30:41 - DEBUG - o.h.q.s.function.SqmFunctionRegistry - Registered SqmFunctionTemplate [NamedSqmFunctionTemplate(upper)] under upper; prior registration was null
2026-02-09 13:30:41 - DEBUG - o.h.q.s.function.SqmFunctionRegistry - Registered SqmFunctionTemplate [NamedSqmFunctionTemplate(substring)] under substring; prior registration was null
2026-02-09 13:30:41 - DEBUG - o.h.q.s.function.SqmFunctionRegistry - Registered SqmFunctionTemplate [NamedSqmFunctionTemplate(locate)] under locate; prior registration was null
2026-02-09 13:30:41 - DEBUG - o.h.q.s.function.SqmFunctionRegistry - Registered SqmFunctionTemplate [NamedSqmFunctionTemplate(character_length)] under character_length; prior registration was null
2026-02-09 13:30:41 - DEBUG - o.h.q.s.function.SqmFunctionRegistry - Registering alternate key : length -> character_length
2026-02-09 13:30:41 - DEBUG - o.h.q.s.function.SqmFunctionRegistry - Registered SqmFunctionTemplate [org.hibernate.dialect.function.LocatePositionEmulation@28d5a4d9] under position; prior registration was null
2026-02-09 13:30:41 - DEBUG - o.h.q.s.function.SqmFunctionRegistry - Registered SqmFunctionTemplate [org.hibernate.dialect.function.InsertSubstringOverlayEmulation@62466e2f] under overlay; prior registration was null
2026-02-09 13:30:41 - DEBUG - o.h.q.s.function.SqmFunctionRegistry - Registered SqmFunctionTemplate [org.hibernate.dialect.function.TrimFunction@2e9f7875] under trim; prior registration was null
2026-02-09 13:30:41 - DEBUG - o.h.q.s.function.SqmFunctionRegistry - Registered SqmFunctionTemplate [org.hibernate.dialect.function.CastFunction@77c45cfb] under cast; prior registration was null
2026-02-09 13:30:41 - DEBUG - o.h.q.s.function.SqmFunctionRegistry - Registered SqmFunctionTemplate [org.hibernate.query.sqm.function.PatternBasedSqmFunctionDescriptor@47898967] under collate; prior registration was null
2026-02-09 13:30:41 - DEBUG - o.h.q.s.function.SqmFunctionRegistry - Registered SqmFunctionTemplate [org.hibernate.dialect.function.ExtractFunction@1b45b427] under extract; prior registration was null
2026-02-09 13:30:41 - DEBUG - o.h.q.s.function.SqmFunctionRegistry - Registered SqmFunctionTemplate [NamedSqmFunctionTemplate(least)] under least; prior registration was null
2026-02-09 13:30:41 - DEBUG - o.h.q.s.function.SqmFunctionRegistry - Registered SqmFunctionTemplate [NamedSqmFunctionTemplate(greatest)] under greatest; prior registration was null
2026-02-09 13:30:41 - DEBUG - o.h.q.s.function.SqmFunctionRegistry - Registered SqmFunctionTemplate [org.hibernate.dialect.function.CoalesceIfnullEmulation@3b200c25] under ifnull; prior registration was null
2026-02-09 13:30:41 - DEBUG - o.h.q.s.function.SqmFunctionRegistry - Registered SqmFunctionTemplate [NamedSqmFunctionTemplate(lpad)] under lpad; prior registration was null
2026-02-09 13:30:41 - DEBUG - o.h.q.s.function.SqmFunctionRegistry - Registered SqmFunctionTemplate [NamedSqmFunctionTemplate(rpad)] under rpad; prior registration was null
2026-02-09 13:30:41 - DEBUG - o.h.q.s.function.SqmFunctionRegistry - Registered SqmFunctionTemplate [org.hibernate.dialect.function.LpadRpadPadEmulation@66bd8d30] under pad; prior registration was null
2026-02-09 13:30:41 - DEBUG - o.h.q.s.function.SqmFunctionRegistry - Registered SqmFunctionTemplate [org.hibernate.dialect.function.CastStrEmulation@5387c171] under str; prior registration was null
2026-02-09 13:30:41 - DEBUG - o.h.q.s.function.SqmFunctionRegistry - Registered SqmFunctionTemplate [org.hibernate.dialect.function.FormatFunction@807bec5] under format; prior registration was null
2026-02-09 13:30:41 - DEBUG - o.h.q.s.function.SqmFunctionRegistry - Registered SqmFunctionTemplate [org.hibernate.dialect.function.TimestampaddFunction@d90a898] under timestampadd; prior registration was null
2026-02-09 13:30:41 - DEBUG - o.h.q.s.function.SqmFunctionRegistry - Registered SqmFunctionTemplate [org.hibernate.dialect.function.TimestampdiffFunction@4e65c62b] under timestampdiff; prior registration was null
2026-02-09 13:30:41 - DEBUG - o.h.q.s.function.SqmFunctionRegistry - Registering alternate key : dateadd -> timestampadd
2026-02-09 13:30:41 - DEBUG - o.h.q.s.function.SqmFunctionRegistry - Registering alternate key : datediff -> timestampdiff
2026-02-09 13:30:41 - DEBUG - o.h.q.s.function.SqmFunctionRegistry - Registered SqmFunctionTemplate [org.hibernate.dialect.function.CurrentFunction@5d1e751f] under current_date; prior registration was null
2026-02-09 13:30:41 - DEBUG - o.h.q.s.function.SqmFunctionRegistry - Registered SqmFunctionTemplate [org.hibernate.dialect.function.CurrentFunction@6af0de52] under current_time; prior registration was null
2026-02-09 13:30:41 - DEBUG - o.h.q.s.function.SqmFunctionRegistry - Registered SqmFunctionTemplate [org.hibernate.dialect.function.CurrentFunction@300b5b41] under current_timestamp; prior registration was null
2026-02-09 13:30:41 - DEBUG - o.h.q.s.function.SqmFunctionRegistry - Registering alternate key : current date -> current_date
2026-02-09 13:30:41 - DEBUG - o.h.q.s.function.SqmFunctionRegistry - Registering alternate key : current time -> current_time
2026-02-09 13:30:41 - DEBUG - o.h.q.s.function.SqmFunctionRegistry - Registering alternate key : current timestamp -> current_timestamp
2026-02-09 13:30:41 - DEBUG - o.h.q.s.function.SqmFunctionRegistry - Registered SqmFunctionTemplate [org.hibernate.dialect.function.CurrentFunction@5809f70f] under local_date; prior registration was null
2026-02-09 13:30:41 - DEBUG - o.h.q.s.function.SqmFunctionRegistry - Registered SqmFunctionTemplate [org.hibernate.dialect.function.CurrentFunction@7611c79c] under local_time; prior registration was null
2026-02-09 13:30:41 - DEBUG - o.h.q.s.function.SqmFunctionRegistry - Registered SqmFunctionTemplate [org.hibernate.dialect.function.CurrentFunction@1a7f9542] under local_datetime; prior registration was null
2026-02-09 13:30:41 - DEBUG - o.h.q.s.function.SqmFunctionRegistry - Registered SqmFunctionTemplate [org.hibernate.dialect.function.CurrentFunction@7044041f] under offset_datetime; prior registration was null
2026-02-09 13:30:41 - DEBUG - o.h.q.s.function.SqmFunctionRegistry - Registering alternate key : local date -> local_date
2026-02-09 13:30:41 - DEBUG - o.h.q.s.function.SqmFunctionRegistry - Registering alternate key : local time -> local_time
2026-02-09 13:30:41 - DEBUG - o.h.q.s.function.SqmFunctionRegistry - Registering alternate key : local datetime -> local_datetime
2026-02-09 13:30:41 - DEBUG - o.h.q.s.function.SqmFunctionRegistry - Registering alternate key : offset datetime -> offset_datetime
2026-02-09 13:30:41 - DEBUG - o.h.q.s.function.SqmFunctionRegistry - Registered SqmFunctionTemplate [org.hibernate.dialect.function.CurrentFunction@67e23497] under instant; prior registration was null
2026-02-09 13:30:41 - DEBUG - o.h.q.s.function.SqmFunctionRegistry - Registering alternate key : current_instant -> instant
2026-02-09 13:30:41 - DEBUG - o.h.q.s.function.SqmFunctionRegistry - Registered SqmFunctionTemplate [org.hibernate.dialect.function.SqlFunction@df9af9b] under sql; prior registration was null
2026-02-09 13:30:41 - DEBUG - o.h.q.s.function.SqmFunctionRegistry - Registered SqmFunctionTemplate [NamedSqmFunctionTemplate(soundex)] under soundex; prior registration was null
2026-02-09 13:30:41 - DEBUG - o.h.q.s.function.SqmFunctionRegistry - Registered SqmFunctionTemplate [NamedSqmFunctionTemplate(radians)] under radians; prior registration was null
2026-02-09 13:30:41 - DEBUG - o.h.q.s.function.SqmFunctionRegistry - Registered SqmFunctionTemplate [NamedSqmFunctionTemplate(degrees)] under degrees; prior registration was null
2026-02-09 13:30:41 - DEBUG - o.h.q.s.function.SqmFunctionRegistry - Registered SqmFunctionTemplate [NamedSqmFunctionTemplate(cot)] under cot; prior registration was null
2026-02-09 13:30:41 - DEBUG - o.h.q.s.function.SqmFunctionRegistry - Registered SqmFunctionTemplate [NamedSqmFunctionTemplate(log)] under log; prior registration was org.hibernate.query.sqm.function.PatternBasedSqmFunctionDescriptor@2050a152
2026-02-09 13:30:41 - DEBUG - o.h.q.s.function.SqmFunctionRegistry - Registered SqmFunctionTemplate [NamedSqmFunctionTemplate(log2)] under log2; prior registration was null
2026-02-09 13:30:41 - DEBUG - o.h.q.s.function.SqmFunctionRegistry - Registered SqmFunctionTemplate [NamedSqmFunctionTemplate(log10)] under log10; prior registration was null
2026-02-09 13:30:41 - DEBUG - o.h.q.s.function.SqmFunctionRegistry - Registered SqmFunctionTemplate [NamedSqmFunctionTemplate(ltrim)] under ltrim; prior registration was null
2026-02-09 13:30:41 - DEBUG - o.h.q.s.function.SqmFunctionRegistry - Registered SqmFunctionTemplate [NamedSqmFunctionTemplate(rtrim)] under rtrim; prior registration was null
2026-02-09 13:30:41 - DEBUG - o.h.q.s.function.SqmFunctionRegistry - Registered SqmFunctionTemplate [NamedSqmFunctionTemplate(octet_length)] under octet_length; prior registration was null
2026-02-09 13:30:41 - DEBUG - o.h.q.s.function.SqmFunctionRegistry - Registered SqmFunctionTemplate [NamedSqmFunctionTemplate(reverse)] under reverse; prior registration was null
2026-02-09 13:30:41 - DEBUG - o.h.q.s.function.SqmFunctionRegistry - Registered SqmFunctionTemplate [NamedSqmFunctionTemplate(space)] under space; prior registration was null
2026-02-09 13:30:41 - DEBUG - o.h.q.s.function.SqmFunctionRegistry - Registered SqmFunctionTemplate [NamedSqmFunctionTemplate(repeat)] under repeat; prior registration was null
2026-02-09 13:30:41 - DEBUG - o.h.q.s.function.SqmFunctionRegistry - Registered SqmFunctionTemplate [org.hibernate.query.sqm.function.MultipatternSqmFunctionDescriptor@42475cda] under lpad; prior registration was NamedSqmFunctionTemplate(lpad)
2026-02-09 13:30:41 - DEBUG - o.h.q.s.function.SqmFunctionRegistry - Registered SqmFunctionTemplate [org.hibernate.query.sqm.function.MultipatternSqmFunctionDescriptor@6c39731f] under rpad; prior registration was NamedSqmFunctionTemplate(rpad)
2026-02-09 13:30:41 - DEBUG - o.h.q.s.function.SqmFunctionRegistry - Registered SqmFunctionTemplate [NamedSqmFunctionTemplate(md5)] under md5; prior registration was null
2026-02-09 13:30:41 - DEBUG - o.h.q.s.function.SqmFunctionRegistry - Registered SqmFunctionTemplate [NamedSqmFunctionTemplate(day)] under day; prior registration was null
2026-02-09 13:30:41 - DEBUG - o.h.q.s.function.SqmFunctionRegistry - Registered SqmFunctionTemplate [NamedSqmFunctionTemplate(month)] under month; prior registration was null
2026-02-09 13:30:41 - DEBUG - o.h.q.s.function.SqmFunctionRegistry - Registered SqmFunctionTemplate [NamedSqmFunctionTemplate(year)] under year; prior registration was null
2026-02-09 13:30:41 - DEBUG - o.h.q.s.function.SqmFunctionRegistry - Registered SqmFunctionTemplate [NamedSqmFunctionTemplate(hour)] under hour; prior registration was null
2026-02-09 13:30:41 - DEBUG - o.h.q.s.function.SqmFunctionRegistry - Registered SqmFunctionTemplate [NamedSqmFunctionTemplate(minute)] under minute; prior registration was null
2026-02-09 13:30:41 - DEBUG - o.h.q.s.function.SqmFunctionRegistry - Registered SqmFunctionTemplate [NamedSqmFunctionTemplate(second)] under second; prior registration was null
2026-02-09 13:30:41 - DEBUG - o.h.q.s.function.SqmFunctionRegistry - Registered SqmFunctionTemplate [NamedSqmFunctionTemplate(microsecond)] under microsecond; prior registration was null
2026-02-09 13:30:41 - DEBUG - o.h.q.s.function.SqmFunctionRegistry - Registered SqmFunctionTemplate [NamedSqmFunctionTemplate(dayofweek)] under dayofweek; prior registration was null
2026-02-09 13:30:41 - DEBUG - o.h.q.s.function.SqmFunctionRegistry - Registered SqmFunctionTemplate [NamedSqmFunctionTemplate(dayofmonth)] under dayofmonth; prior registration was null
2026-02-09 13:30:41 - DEBUG - o.h.q.s.function.SqmFunctionRegistry - Registering alternate key : day -> dayofmonth
2026-02-09 13:30:41 - DEBUG - o.h.q.s.function.SqmFunctionRegistry - Registered SqmFunctionTemplate [NamedSqmFunctionTemplate(dayofyear)] under dayofyear; prior registration was null
2026-02-09 13:30:41 - DEBUG - o.h.q.s.function.SqmFunctionRegistry - Registered SqmFunctionTemplate [NamedSqmFunctionTemplate(week)] under week; prior registration was null
2026-02-09 13:30:41 - DEBUG - o.h.q.s.function.SqmFunctionRegistry - Registered SqmFunctionTemplate [NamedSqmFunctionTemplate(quarter)] under quarter; prior registration was null
2026-02-09 13:30:41 - DEBUG - o.h.q.s.function.SqmFunctionRegistry - Registered SqmFunctionTemplate [NamedSqmFunctionTemplate(monthname)] under monthname; prior registration was null
2026-02-09 13:30:41 - DEBUG - o.h.q.s.function.SqmFunctionRegistry - Registered SqmFunctionTemplate [NamedSqmFunctionTemplate(dayname)] under dayname; prior registration was null
2026-02-09 13:30:41 - DEBUG - o.h.q.s.function.SqmFunctionRegistry - Registered SqmFunctionTemplate [NamedSqmFunctionTemplate(last_day)] under last_day; prior registration was null
2026-02-09 13:30:41 - DEBUG - o.h.q.s.function.SqmFunctionRegistry - Registered SqmFunctionTemplate [NamedSqmFunctionTemplate(date)] under date; prior registration was null
2026-02-09 13:30:41 - DEBUG - o.h.q.s.function.SqmFunctionRegistry - Registered SqmFunctionTemplate [NamedSqmFunctionTemplate(timestamp)] under timestamp; prior registration was null
2026-02-09 13:30:41 - DEBUG - o.h.q.s.function.SqmFunctionRegistry - Registered SqmFunctionTemplate [NamedSqmFunctionTemplate(time)] under time; prior registration was null
2026-02-09 13:30:41 - DEBUG - o.h.q.s.function.SqmFunctionRegistry - Registered SqmFunctionTemplate [NamedSqmFunctionTemplate(utc_date)] under utc_date; prior registration was null
2026-02-09 13:30:41 - DEBUG - o.h.q.s.function.SqmFunctionRegistry - Registered SqmFunctionTemplate [NamedSqmFunctionTemplate(utc_time)] under utc_time; prior registration was null
2026-02-09 13:30:41 - DEBUG - o.h.q.s.function.SqmFunctionRegistry - Registered SqmFunctionTemplate [NamedSqmFunctionTemplate(utc_timestamp)] under utc_timestamp; prior registration was null
2026-02-09 13:30:41 - DEBUG - o.h.q.s.function.SqmFunctionRegistry - Registered SqmFunctionTemplate [NamedSqmFunctionTemplate(rand)] under rand; prior registration was null
2026-02-09 13:30:41 - DEBUG - o.h.q.s.function.SqmFunctionRegistry - Registered SqmFunctionTemplate [NamedSqmFunctionTemplate(crc32)] under crc32; prior registration was null
2026-02-09 13:30:41 - DEBUG - o.h.q.s.function.SqmFunctionRegistry - Registered SqmFunctionTemplate [NamedSqmFunctionTemplate(sha1)] under sha1; prior registration was null
2026-02-09 13:30:41 - DEBUG - o.h.q.s.function.SqmFunctionRegistry - Registered SqmFunctionTemplate [NamedSqmFunctionTemplate(sha2)] under sha2; prior registration was null
2026-02-09 13:30:41 - DEBUG - o.h.q.s.function.SqmFunctionRegistry - Registered SqmFunctionTemplate [NamedSqmFunctionTemplate(sha)] under sha; prior registration was null
2026-02-09 13:30:41 - DEBUG - o.h.q.s.function.SqmFunctionRegistry - Registered SqmFunctionTemplate [NamedSqmFunctionTemplate(bit_length)] under bit_length; prior registration was null
2026-02-09 13:30:41 - DEBUG - o.h.q.s.function.SqmFunctionRegistry - Registered SqmFunctionTemplate [NamedSqmFunctionTemplate(octet_length)] under octet_length; prior registration was NamedSqmFunctionTemplate(octet_length)
2026-02-09 13:30:41 - DEBUG - o.h.q.s.function.SqmFunctionRegistry - Registered SqmFunctionTemplate [NamedSqmFunctionTemplate(ascii)] under ascii; prior registration was null
2026-02-09 13:30:41 - DEBUG - o.h.q.s.function.SqmFunctionRegistry - Registered SqmFunctionTemplate [NamedSqmFunctionTemplate(instr)] under instr; prior registration was null
2026-02-09 13:30:41 - DEBUG - o.h.q.s.function.SqmFunctionRegistry - Registered SqmFunctionTemplate [NamedSqmFunctionTemplate(substr)] under substr; prior registration was null
2026-02-09 13:30:41 - DEBUG - o.h.q.s.function.SqmFunctionRegistry - Registered SqmFunctionTemplate [org.hibernate.query.sqm.function.PatternBasedSqmFunctionDescriptor@78f753ac] under position; prior registration was org.hibernate.dialect.function.LocatePositionEmulation@28d5a4d9
2026-02-09 13:30:41 - DEBUG - o.h.q.s.function.SqmFunctionRegistry - Registered SqmFunctionTemplate [NamedSqmFunctionTemplate(curtime)] under curtime; prior registration was null
2026-02-09 13:30:41 - DEBUG - o.h.q.s.function.SqmFunctionRegistry - Registered SqmFunctionTemplate [NamedSqmFunctionTemplate(curdate)] under curdate; prior registration was null
2026-02-09 13:30:41 - DEBUG - o.h.q.s.function.SqmFunctionRegistry - Registered SqmFunctionTemplate [NamedSqmFunctionTemplate(now)] under now; prior registration was null
2026-02-09 13:30:41 - DEBUG - o.h.q.s.function.SqmFunctionRegistry - Registered SqmFunctionTemplate [org.hibernate.dialect.function.TruncFunction@5e55c0d] under trunc; prior registration was null
2026-02-09 13:30:41 - DEBUG - o.h.q.s.function.SqmFunctionRegistry - Registering alternate key : truncate -> trunc
2026-02-09 13:30:41 - DEBUG - o.h.q.s.function.SqmFunctionRegistry - Registered SqmFunctionTemplate [NamedSqmFunctionTemplate(insert)] under insert; prior registration was null
2026-02-09 13:30:41 - DEBUG - o.h.q.s.function.SqmFunctionRegistry - Registered SqmFunctionTemplate [org.hibernate.query.sqm.function.PatternBasedSqmFunctionDescriptor@3c249b41] under bitand; prior registration was null
2026-02-09 13:30:41 - DEBUG - o.h.q.s.function.SqmFunctionRegistry - Registered SqmFunctionTemplate [org.hibernate.query.sqm.function.PatternBasedSqmFunctionDescriptor@3556b09] under bitor; prior registration was null
2026-02-09 13:30:41 - DEBUG - o.h.q.s.function.SqmFunctionRegistry - Registered SqmFunctionTemplate [org.hibernate.query.sqm.function.PatternBasedSqmFunctionDescriptor@18bc50d2] under bitxor; prior registration was null
2026-02-09 13:30:41 - DEBUG - o.h.q.s.function.SqmFunctionRegistry - Registered SqmFunctionTemplate [org.hibernate.query.sqm.function.PatternBasedSqmFunctionDescriptor@379672fc] under bitnot; prior registration was null
2026-02-09 13:30:41 - DEBUG - o.h.q.s.function.SqmFunctionRegistry - Registered SqmFunctionTemplate [NamedSqmFunctionTemplate(bit_and)] under bit_and; prior registration was null
2026-02-09 13:30:41 - DEBUG - o.h.q.s.function.SqmFunctionRegistry - Registered SqmFunctionTemplate [NamedSqmFunctionTemplate(bit_or)] under bit_or; prior registration was null
2026-02-09 13:30:41 - DEBUG - o.h.q.s.function.SqmFunctionRegistry - Registered SqmFunctionTemplate [NamedSqmFunctionTemplate(stddev)] under stddev; prior registration was null
2026-02-09 13:30:41 - DEBUG - o.h.q.s.function.SqmFunctionRegistry - Registered SqmFunctionTemplate [NamedSqmFunctionTemplate(stddev_pop)] under stddev_pop; prior registration was null
2026-02-09 13:30:41 - DEBUG - o.h.q.s.function.SqmFunctionRegistry - Registered SqmFunctionTemplate [NamedSqmFunctionTemplate(stddev_samp)] under stddev_samp; prior registration was null
2026-02-09 13:30:41 - DEBUG - o.h.q.s.function.SqmFunctionRegistry - Registered SqmFunctionTemplate [NamedSqmFunctionTemplate(variance)] under variance; prior registration was null
2026-02-09 13:30:41 - DEBUG - o.h.q.s.function.SqmFunctionRegistry - Registered SqmFunctionTemplate [NamedSqmFunctionTemplate(var_pop)] under var_pop; prior registration was null
2026-02-09 13:30:41 - DEBUG - o.h.q.s.function.SqmFunctionRegistry - Registered SqmFunctionTemplate [NamedSqmFunctionTemplate(var_samp)] under var_samp; prior registration was null
2026-02-09 13:30:41 - DEBUG - o.h.q.s.function.SqmFunctionRegistry - Registered SqmFunctionTemplate [NamedSqmFunctionTemplate(datediff)] under datediff; prior registration was null
2026-02-09 13:30:41 - DEBUG - o.h.q.s.function.SqmFunctionRegistry - Registered SqmFunctionTemplate [NamedSqmFunctionTemplate(adddate)] under adddate; prior registration was null
2026-02-09 13:30:41 - DEBUG - o.h.q.s.function.SqmFunctionRegistry - Registered SqmFunctionTemplate [NamedSqmFunctionTemplate(subdate)] under subdate; prior registration was null
2026-02-09 13:30:41 - DEBUG - o.h.q.s.function.SqmFunctionRegistry - Registered SqmFunctionTemplate [NamedSqmFunctionTemplate(addtime)] under addtime; prior registration was null
2026-02-09 13:30:41 - DEBUG - o.h.q.s.function.SqmFunctionRegistry - Registered SqmFunctionTemplate [NamedSqmFunctionTemplate(subtime)] under subtime; prior registration was null
2026-02-09 13:30:41 - DEBUG - o.h.q.s.function.SqmFunctionRegistry - Registered SqmFunctionTemplate [org.hibernate.dialect.function.FormatFunction@2f7009dc] under format; prior registration was org.hibernate.dialect.function.FormatFunction@807bec5
2026-02-09 13:30:41 - DEBUG - o.h.q.s.function.SqmFunctionRegistry - Registered SqmFunctionTemplate [NamedSqmFunctionTemplate(makedate)] under makedate; prior registration was null
2026-02-09 13:30:41 - DEBUG - o.h.q.s.function.SqmFunctionRegistry - Registered SqmFunctionTemplate [NamedSqmFunctionTemplate(maketime)] under maketime; prior registration was null
2026-02-09 13:30:41 - DEBUG - o.h.q.s.function.SqmFunctionRegistry - Registered SqmFunctionTemplate [NamedSqmFunctionTemplate(localtime)] under localtime; prior registration was null
2026-02-09 13:30:41 - DEBUG - o.h.q.s.function.SqmFunctionRegistry - Registered SqmFunctionTemplate [NamedSqmFunctionTemplate(localtimestamp)] under localtimestamp; prior registration was null
2026-02-09 13:30:41 - DEBUG - o.h.q.s.function.SqmFunctionRegistry - Registered SqmFunctionTemplate [NamedSqmFunctionTemplate(localtime)] under local_time; prior registration was org.hibernate.dialect.function.CurrentFunction@7611c79c
2026-02-09 13:30:41 - DEBUG - o.h.q.s.function.SqmFunctionRegistry - Registered SqmFunctionTemplate [NamedSqmFunctionTemplate(localtimestamp)] under local_datetime; prior registration was org.hibernate.dialect.function.CurrentFunction@1a7f9542
2026-02-09 13:30:41 - DEBUG - o.h.q.s.function.SqmFunctionRegistry - Registered SqmFunctionTemplate [org.hibernate.query.sqm.function.PatternBasedSqmFunctionDescriptor@7d53218] under pi; prior registration was org.hibernate.query.sqm.function.PatternBasedSqmFunctionDescriptor@398dab29
2026-02-09 13:30:41 - DEBUG - o.h.q.s.function.SqmFunctionRegistry - Registered SqmFunctionTemplate [org.hibernate.query.sqm.function.PatternBasedSqmFunctionDescriptor@7d95c8f0] under chr; prior registration was null
2026-02-09 13:30:41 - DEBUG - o.h.q.s.function.SqmFunctionRegistry - Registering alternate key : char -> chr
2026-02-09 13:30:41 - DEBUG - o.h.q.s.function.SqmFunctionRegistry - Registered SqmFunctionTemplate [org.hibernate.query.sqm.function.PatternBasedSqmFunctionDescriptor@7990542c] under sysdate; prior registration was null
2026-02-09 13:30:41 - DEBUG - o.h.q.s.function.SqmFunctionRegistry - Registered SqmFunctionTemplate [NamedSqmFunctionTemplate(row_number)] under row_number; prior registration was null
2026-02-09 13:30:41 - DEBUG - o.h.q.s.function.SqmFunctionRegistry - Registered SqmFunctionTemplate [NamedSqmFunctionTemplate(lag)] under lag; prior registration was null
2026-02-09 13:30:41 - DEBUG - o.h.q.s.function.SqmFunctionRegistry - Registered SqmFunctionTemplate [NamedSqmFunctionTemplate(lead)] under lead; prior registration was null
2026-02-09 13:30:41 - DEBUG - o.h.q.s.function.SqmFunctionRegistry - Registered SqmFunctionTemplate [NamedSqmFunctionTemplate(first_value)] under first_value; prior registration was null
2026-02-09 13:30:41 - DEBUG - o.h.q.s.function.SqmFunctionRegistry - Registered SqmFunctionTemplate [NamedSqmFunctionTemplate(last_value)] under last_value; prior registration was null
2026-02-09 13:30:41 - DEBUG - o.h.q.s.function.SqmFunctionRegistry - Registered SqmFunctionTemplate [NamedSqmFunctionTemplate(nth_value)] under nth_value; prior registration was null
2026-02-09 13:30:41 - DEBUG - o.h.q.s.function.SqmFunctionRegistry - Registered SqmFunctionTemplate [org.hibernate.dialect.function.HypotheticalSetWindowEmulation@7bddbbf1] under rank; prior registration was null
2026-02-09 13:30:41 - DEBUG - o.h.q.s.function.SqmFunctionRegistry - Registered SqmFunctionTemplate [org.hibernate.dialect.function.HypotheticalSetWindowEmulation@6a50fed7] under dense_rank; prior registration was null
2026-02-09 13:30:41 - DEBUG - o.h.q.s.function.SqmFunctionRegistry - Registered SqmFunctionTemplate [org.hibernate.dialect.function.HypotheticalSetWindowEmulation@77815821] under percent_rank; prior registration was null
2026-02-09 13:30:41 - DEBUG - o.h.q.s.function.SqmFunctionRegistry - Registered SqmFunctionTemplate [org.hibernate.dialect.function.HypotheticalSetWindowEmulation@58f5cb3a] under cume_dist; prior registration was null
2026-02-09 13:30:41 - DEBUG - o.h.q.s.function.SqmFunctionRegistry - Registered SqmFunctionTemplate [org.hibernate.dialect.function.ListaggGroupConcatEmulation@28cda04c] under listagg; prior registration was null
2026-02-09 13:30:41 - DEBUG - org.hibernate.HQL_FUNCTIONS - abs(NUMERIC arg)
2026-02-09 13:30:41 - DEBUG - org.hibernate.HQL_FUNCTIONS - Double acos(NUMERIC arg)
2026-02-09 13:30:41 - DEBUG - org.hibernate.HQL_FUNCTIONS - adddate(DATE datetime, INTEGER days)
2026-02-09 13:30:41 - DEBUG - org.hibernate.HQL_FUNCTIONS - addtime(TIME datetime, TIME time)
2026-02-09 13:30:41 - DEBUG - org.hibernate.HQL_FUNCTIONS - Boolean any(BOOLEAN arg)
2026-02-09 13:30:41 - DEBUG - org.hibernate.HQL_FUNCTIONS - Integer ascii(STRING arg)
2026-02-09 13:30:41 - DEBUG - org.hibernate.HQL_FUNCTIONS - Double asin(NUMERIC arg)
2026-02-09 13:30:41 - DEBUG - org.hibernate.HQL_FUNCTIONS - Double atan(NUMERIC arg)
2026-02-09 13:30:41 - DEBUG - org.hibernate.HQL_FUNCTIONS - Double atan2(NUMERIC arg0, NUMERIC arg1)
2026-02-09 13:30:41 - DEBUG - org.hibernate.HQL_FUNCTIONS - avg(arg)
2026-02-09 13:30:41 - DEBUG - org.hibernate.HQL_FUNCTIONS - bit_and(arg)
2026-02-09 13:30:41 - DEBUG - org.hibernate.HQL_FUNCTIONS - Integer bit_length(STRING_OR_CLOB arg)
2026-02-09 13:30:41 - DEBUG - org.hibernate.HQL_FUNCTIONS - bit_or(arg)
2026-02-09 13:30:41 - DEBUG - org.hibernate.HQL_FUNCTIONS - bitand(arg0, arg1)
2026-02-09 13:30:41 - DEBUG - org.hibernate.HQL_FUNCTIONS - bitnot(arg)
2026-02-09 13:30:41 - DEBUG - org.hibernate.HQL_FUNCTIONS - bitor(arg0, arg1)
2026-02-09 13:30:41 - DEBUG - org.hibernate.HQL_FUNCTIONS - bitxor(arg0, arg1)
2026-02-09 13:30:41 - DEBUG - org.hibernate.HQL_FUNCTIONS - cast(arg as Type)
2026-02-09 13:30:41 - DEBUG - org.hibernate.HQL_FUNCTIONS - ceiling(NUMERIC arg)
2026-02-09 13:30:41 - DEBUG - org.hibernate.HQL_FUNCTIONS - Character char(INTEGER arg)
2026-02-09 13:30:41 - DEBUG - org.hibernate.HQL_FUNCTIONS - Integer character_length(STRING_OR_CLOB arg)
2026-02-09 13:30:41 - DEBUG - org.hibernate.HQL_FUNCTIONS - Character chr(INTEGER arg)
2026-02-09 13:30:41 - DEBUG - org.hibernate.HQL_FUNCTIONS - coalesce(arg0[, arg1[, ...]])
2026-02-09 13:30:41 - DEBUG - org.hibernate.HQL_FUNCTIONS - String collate(STRING string as COLLATION collation)
2026-02-09 13:30:41 - DEBUG - org.hibernate.HQL_FUNCTIONS - String concat(STRING string0[, STRING string1[, ...]])
2026-02-09 13:30:41 - DEBUG - org.hibernate.HQL_FUNCTIONS - Double cos(NUMERIC arg)
2026-02-09 13:30:41 - DEBUG - org.hibernate.HQL_FUNCTIONS - Double cosh(NUMERIC arg)
2026-02-09 13:30:41 - DEBUG - org.hibernate.HQL_FUNCTIONS - Double cot(NUMERIC arg)
2026-02-09 13:30:41 - DEBUG - org.hibernate.HQL_FUNCTIONS - Long count([distinct ]{arg|*})
2026-02-09 13:30:41 - DEBUG - org.hibernate.HQL_FUNCTIONS - Integer crc32(arg)
2026-02-09 13:30:41 - DEBUG - org.hibernate.HQL_FUNCTIONS - Double cume_dist([arg0[, ...]])
2026-02-09 13:30:41 - DEBUG - org.hibernate.HQL_FUNCTIONS - Date curdate()
2026-02-09 13:30:41 - DEBUG - org.hibernate.HQL_FUNCTIONS - Date current date
2026-02-09 13:30:41 - DEBUG - org.hibernate.HQL_FUNCTIONS - Time current time
2026-02-09 13:30:41 - DEBUG - org.hibernate.HQL_FUNCTIONS - Timestamp current timestamp
2026-02-09 13:30:41 - DEBUG - org.hibernate.HQL_FUNCTIONS - Date current_date
2026-02-09 13:30:41 - DEBUG - org.hibernate.HQL_FUNCTIONS - Instant current_instant
2026-02-09 13:30:41 - DEBUG - org.hibernate.HQL_FUNCTIONS - Time current_time
2026-02-09 13:30:41 - DEBUG - org.hibernate.HQL_FUNCTIONS - Timestamp current_timestamp
2026-02-09 13:30:41 - DEBUG - org.hibernate.HQL_FUNCTIONS - Time curtime()
2026-02-09 13:30:41 - DEBUG - org.hibernate.HQL_FUNCTIONS - Date date(arg)
2026-02-09 13:30:41 - DEBUG - org.hibernate.HQL_FUNCTIONS - dateadd(TEMPORAL_UNIT field, INTEGER magnitude, TEMPORAL datetime)
2026-02-09 13:30:41 - DEBUG - org.hibernate.HQL_FUNCTIONS - Integer datediff(DATE end, DATE start)
2026-02-09 13:30:41 - DEBUG - org.hibernate.HQL_FUNCTIONS - Integer day(DATE arg)
2026-02-09 13:30:41 - DEBUG - org.hibernate.HQL_FUNCTIONS - String dayname(DATE arg)
2026-02-09 13:30:41 - DEBUG - org.hibernate.HQL_FUNCTIONS - Integer dayofmonth(DATE arg)
2026-02-09 13:30:41 - DEBUG - org.hibernate.HQL_FUNCTIONS - Integer dayofweek(DATE arg)
2026-02-09 13:30:41 - DEBUG - org.hibernate.HQL_FUNCTIONS - Integer dayofyear(DATE arg)
2026-02-09 13:30:41 - DEBUG - org.hibernate.HQL_FUNCTIONS - Double degrees(NUMERIC arg)
2026-02-09 13:30:41 - DEBUG - org.hibernate.HQL_FUNCTIONS - Long dense_rank([arg0[, ...]])
2026-02-09 13:30:41 - DEBUG - org.hibernate.HQL_FUNCTIONS - Boolean every(BOOLEAN arg)
2026-02-09 13:30:41 - DEBUG - org.hibernate.HQL_FUNCTIONS - Double exp(NUMERIC arg)
2026-02-09 13:30:41 - DEBUG - org.hibernate.HQL_FUNCTIONS - extract(TEMPORAL_UNIT field from TEMPORAL arg)
2026-02-09 13:30:41 - DEBUG - org.hibernate.HQL_FUNCTIONS - first_valueANY value
2026-02-09 13:30:41 - DEBUG - org.hibernate.HQL_FUNCTIONS - floor(NUMERIC arg)
2026-02-09 13:30:41 - DEBUG - org.hibernate.HQL_FUNCTIONS - String format(TEMPORAL datetime as STRING pattern)
2026-02-09 13:30:41 - DEBUG - org.hibernate.HQL_FUNCTIONS - greatest(COMPARABLE arg0, COMPARABLE arg1[, arg2[, ...]])
2026-02-09 13:30:41 - DEBUG - org.hibernate.HQL_FUNCTIONS - Integer hour(TIME arg)
2026-02-09 13:30:41 - DEBUG - org.hibernate.HQL_FUNCTIONS - ifnull(arg0, arg1)
2026-02-09 13:30:41 - DEBUG - org.hibernate.HQL_FUNCTIONS - String insert(STRING string, INTEGER start, INTEGER length, STRING replacement)
2026-02-09 13:30:41 - DEBUG - org.hibernate.HQL_FUNCTIONS - Instant instant
2026-02-09 13:30:41 - DEBUG - org.hibernate.HQL_FUNCTIONS - Integer instr(STRING string, STRING pattern[, INTEGER start[, INTEGER occurrence]])
2026-02-09 13:30:41 - DEBUG - org.hibernate.HQL_FUNCTIONS - lagANY value[, INTEGER offset[, ANY default]]
2026-02-09 13:30:41 - DEBUG - org.hibernate.HQL_FUNCTIONS - Date last_day(DATE arg)
2026-02-09 13:30:41 - DEBUG - org.hibernate.HQL_FUNCTIONS - last_valueANY value
2026-02-09 13:30:41 - DEBUG - org.hibernate.HQL_FUNCTIONS - leadANY value[, INTEGER offset[, ANY default]]
2026-02-09 13:30:41 - DEBUG - org.hibernate.HQL_FUNCTIONS - least(COMPARABLE arg0, COMPARABLE arg1[, arg2[, ...]])
2026-02-09 13:30:41 - DEBUG - org.hibernate.HQL_FUNCTIONS - String left(STRING string, INTEGER length)
2026-02-09 13:30:41 - DEBUG - org.hibernate.HQL_FUNCTIONS - Integer length(STRING_OR_CLOB arg)
2026-02-09 13:30:41 - DEBUG - org.hibernate.HQL_FUNCTIONS - String listagg(STRING arg0, STRING arg1)
2026-02-09 13:30:41 - DEBUG - org.hibernate.HQL_FUNCTIONS - Double ln(NUMERIC arg)
2026-02-09 13:30:41 - DEBUG - org.hibernate.HQL_FUNCTIONS - LocalDate local date
2026-02-09 13:30:41 - DEBUG - org.hibernate.HQL_FUNCTIONS - LocalDateTime local datetime
2026-02-09 13:30:41 - DEBUG - org.hibernate.HQL_FUNCTIONS - LocalTime local time
2026-02-09 13:30:41 - DEBUG - org.hibernate.HQL_FUNCTIONS - LocalDate local_date
2026-02-09 13:30:41 - DEBUG - org.hibernate.HQL_FUNCTIONS - LocalDateTime local_datetime
2026-02-09 13:30:41 - DEBUG - org.hibernate.HQL_FUNCTIONS - LocalTime local_time
2026-02-09 13:30:41 - DEBUG - org.hibernate.HQL_FUNCTIONS - Time localtime
2026-02-09 13:30:41 - DEBUG - org.hibernate.HQL_FUNCTIONS - Timestamp localtimestamp
2026-02-09 13:30:41 - DEBUG - org.hibernate.HQL_FUNCTIONS - Integer locate(STRING pattern, STRING string[, INTEGER start])
2026-02-09 13:30:41 - DEBUG - org.hibernate.HQL_FUNCTIONS - Double log(NUMERIC arg0[, NUMERIC arg1])
2026-02-09 13:30:41 - DEBUG - org.hibernate.HQL_FUNCTIONS - Double log10(NUMERIC arg)
2026-02-09 13:30:41 - DEBUG - org.hibernate.HQL_FUNCTIONS - Double log2(NUMERIC arg)
2026-02-09 13:30:41 - DEBUG - org.hibernate.HQL_FUNCTIONS - String lower(STRING string)
2026-02-09 13:30:41 - DEBUG - org.hibernate.HQL_FUNCTIONS - String lpad(string, length[, padding])
2026-02-09 13:30:41 - DEBUG - org.hibernate.HQL_FUNCTIONS - String ltrim(STRING string[, STRING characters])
2026-02-09 13:30:41 - DEBUG - org.hibernate.HQL_FUNCTIONS - Date makedate(INTEGER year, INTEGER dayofyear)
2026-02-09 13:30:41 - DEBUG - org.hibernate.HQL_FUNCTIONS - Time maketime(INTEGER hour, INTEGER min, INTEGER sec)
2026-02-09 13:30:41 - DEBUG - org.hibernate.HQL_FUNCTIONS - max(COMPARABLE arg)
2026-02-09 13:30:41 - DEBUG - org.hibernate.HQL_FUNCTIONS - String md5(arg)
2026-02-09 13:30:41 - DEBUG - org.hibernate.HQL_FUNCTIONS - Integer microsecond(TIME arg)
2026-02-09 13:30:41 - DEBUG - org.hibernate.HQL_FUNCTIONS - min(COMPARABLE arg)
2026-02-09 13:30:41 - DEBUG - org.hibernate.HQL_FUNCTIONS - Integer minute(TIME arg)
2026-02-09 13:30:41 - DEBUG - org.hibernate.HQL_FUNCTIONS - Integer mod(INTEGER arg0, INTEGER arg1)
2026-02-09 13:30:41 - DEBUG - org.hibernate.HQL_FUNCTIONS - Integer month(DATE arg)
2026-02-09 13:30:41 - DEBUG - org.hibernate.HQL_FUNCTIONS - String monthname(DATE arg)
2026-02-09 13:30:41 - DEBUG - org.hibernate.HQL_FUNCTIONS - Timestamp now()
2026-02-09 13:30:41 - DEBUG - org.hibernate.HQL_FUNCTIONS - nth_valueANY value, INTEGER nth
2026-02-09 13:30:41 - DEBUG - org.hibernate.HQL_FUNCTIONS - nullif(arg0, arg1)
2026-02-09 13:30:41 - DEBUG - org.hibernate.HQL_FUNCTIONS - Integer octet_length(STRING_OR_CLOB arg)
2026-02-09 13:30:41 - DEBUG - org.hibernate.HQL_FUNCTIONS - OffsetDateTime offset datetime
2026-02-09 13:30:41 - DEBUG - org.hibernate.HQL_FUNCTIONS - OffsetDateTime offset_datetime
2026-02-09 13:30:41 - DEBUG - org.hibernate.HQL_FUNCTIONS - String overlay(STRING string placing STRING replacement from INTEGER start[ for INTEGER length])
2026-02-09 13:30:41 - DEBUG - org.hibernate.HQL_FUNCTIONS - String pad(STRING string with INTEGER length {leading|trailing}[ STRING character])
2026-02-09 13:30:41 - DEBUG - org.hibernate.HQL_FUNCTIONS - Double percent_rank([arg0[, ...]])
2026-02-09 13:30:41 - DEBUG - org.hibernate.HQL_FUNCTIONS - Double pi
2026-02-09 13:30:41 - DEBUG - org.hibernate.HQL_FUNCTIONS - Integer position(STRING pattern in STRING string)
2026-02-09 13:30:41 - DEBUG - org.hibernate.HQL_FUNCTIONS - Double power(NUMERIC arg0, NUMERIC arg1)
2026-02-09 13:30:41 - DEBUG - org.hibernate.HQL_FUNCTIONS - Integer quarter(DATE arg)
2026-02-09 13:30:41 - DEBUG - org.hibernate.HQL_FUNCTIONS - Double radians(NUMERIC arg)
2026-02-09 13:30:41 - DEBUG - org.hibernate.HQL_FUNCTIONS - Double rand([INTEGER seed])
2026-02-09 13:30:41 - DEBUG - org.hibernate.HQL_FUNCTIONS - Long rank([arg0[, ...]])
2026-02-09 13:30:41 - DEBUG - org.hibernate.HQL_FUNCTIONS - String repeat(STRING string, INTEGER times)
2026-02-09 13:30:41 - DEBUG - org.hibernate.HQL_FUNCTIONS - String replace(STRING string, STRING pattern, STRING replacement)
2026-02-09 13:30:41 - DEBUG - org.hibernate.HQL_FUNCTIONS - String reverse(STRING arg)
2026-02-09 13:30:41 - DEBUG - org.hibernate.HQL_FUNCTIONS - String right(STRING string, INTEGER length)
2026-02-09 13:30:41 - DEBUG - org.hibernate.HQL_FUNCTIONS - round(NUMERIC number[, INTEGER places])
2026-02-09 13:30:41 - DEBUG - org.hibernate.HQL_FUNCTIONS - Long row_number()
2026-02-09 13:30:41 - DEBUG - org.hibernate.HQL_FUNCTIONS - String rpad(string, length[, padding])
2026-02-09 13:30:41 - DEBUG - org.hibernate.HQL_FUNCTIONS - String rtrim(STRING string[, STRING characters])
2026-02-09 13:30:41 - DEBUG - org.hibernate.HQL_FUNCTIONS - Integer second(TIME arg)
2026-02-09 13:30:41 - DEBUG - org.hibernate.HQL_FUNCTIONS - String sha(arg)
2026-02-09 13:30:41 - DEBUG - org.hibernate.HQL_FUNCTIONS - String sha1(arg)
2026-02-09 13:30:41 - DEBUG - org.hibernate.HQL_FUNCTIONS - String sha2(arg0, arg1)
2026-02-09 13:30:41 - DEBUG - org.hibernate.HQL_FUNCTIONS - Integer sign(NUMERIC arg)
2026-02-09 13:30:41 - DEBUG - org.hibernate.HQL_FUNCTIONS - Double sin(NUMERIC arg)
2026-02-09 13:30:41 - DEBUG - org.hibernate.HQL_FUNCTIONS - Double sinh(NUMERIC arg)
2026-02-09 13:30:41 - DEBUG - org.hibernate.HQL_FUNCTIONS - String soundex(arg)
2026-02-09 13:30:41 - DEBUG - org.hibernate.HQL_FUNCTIONS - String space(INTEGER arg)
2026-02-09 13:30:41 - DEBUG - org.hibernate.HQL_FUNCTIONS - sql
2026-02-09 13:30:41 - DEBUG - org.hibernate.HQL_FUNCTIONS - Double sqrt(NUMERIC arg)
2026-02-09 13:30:41 - DEBUG - org.hibernate.HQL_FUNCTIONS - Double stddev(NUMERIC arg)
2026-02-09 13:30:41 - DEBUG - org.hibernate.HQL_FUNCTIONS - Double stddev_pop(NUMERIC arg)
2026-02-09 13:30:41 - DEBUG - org.hibernate.HQL_FUNCTIONS - Double stddev_samp(NUMERIC arg)
2026-02-09 13:30:41 - DEBUG - org.hibernate.HQL_FUNCTIONS - String str(arg)
2026-02-09 13:30:41 - DEBUG - org.hibernate.HQL_FUNCTIONS - subdate(DATE datetime, INTEGER days)
2026-02-09 13:30:41 - DEBUG - org.hibernate.HQL_FUNCTIONS - String substr(STRING string, INTEGER start[, INTEGER length])
2026-02-09 13:30:41 - DEBUG - org.hibernate.HQL_FUNCTIONS - String substring(STRING string{ from|,} INTEGER start[{ for|,} INTEGER length])
2026-02-09 13:30:41 - DEBUG - org.hibernate.HQL_FUNCTIONS - subtime(TIME datetime, TIME time)
2026-02-09 13:30:41 - DEBUG - org.hibernate.HQL_FUNCTIONS - sum(arg)
2026-02-09 13:30:41 - DEBUG - org.hibernate.HQL_FUNCTIONS - Timestamp sysdate()
2026-02-09 13:30:41 - DEBUG - org.hibernate.HQL_FUNCTIONS - Double tan(NUMERIC arg)
2026-02-09 13:30:41 - DEBUG - org.hibernate.HQL_FUNCTIONS - Double tanh(NUMERIC arg)
2026-02-09 13:30:41 - DEBUG - org.hibernate.HQL_FUNCTIONS - String time(arg)
2026-02-09 13:30:41 - DEBUG - org.hibernate.HQL_FUNCTIONS - Timestamp timestamp(arg0[, arg1])
2026-02-09 13:30:41 - DEBUG - org.hibernate.HQL_FUNCTIONS - timestampadd(TEMPORAL_UNIT field, INTEGER magnitude, TEMPORAL datetime)
2026-02-09 13:30:41 - DEBUG - org.hibernate.HQL_FUNCTIONS - Long|Double timestampdiff(TEMPORAL_UNIT field, TEMPORAL start, TEMPORAL end)
2026-02-09 13:30:41 - DEBUG - org.hibernate.HQL_FUNCTIONS - String trim([[{leading|trailing|both} ][STRING arg0 ]from] STRING arg1)
2026-02-09 13:30:41 - DEBUG - org.hibernate.HQL_FUNCTIONS - trunc( ... )
2026-02-09 13:30:41 - DEBUG - org.hibernate.HQL_FUNCTIONS - truncate( ... )
2026-02-09 13:30:41 - DEBUG - org.hibernate.HQL_FUNCTIONS - String upper(STRING string)
2026-02-09 13:30:41 - DEBUG - org.hibernate.HQL_FUNCTIONS - Date utc_date
2026-02-09 13:30:41 - DEBUG - org.hibernate.HQL_FUNCTIONS - Time utc_time
2026-02-09 13:30:41 - DEBUG - org.hibernate.HQL_FUNCTIONS - Timestamp utc_timestamp
2026-02-09 13:30:41 - DEBUG - org.hibernate.HQL_FUNCTIONS - Double var_pop(NUMERIC arg)
2026-02-09 13:30:41 - DEBUG - org.hibernate.HQL_FUNCTIONS - Double var_samp(NUMERIC arg)
2026-02-09 13:30:41 - DEBUG - org.hibernate.HQL_FUNCTIONS - Double variance(NUMERIC arg)
2026-02-09 13:30:41 - DEBUG - org.hibernate.HQL_FUNCTIONS - Integer week(DATE arg)
2026-02-09 13:30:41 - DEBUG - org.hibernate.HQL_FUNCTIONS - Integer year(DATE arg)
2026-02-09 13:30:41 - DEBUG - org.hibernate.orm.query.plan.cache - Starting QueryInterpretationCache(2048)
2026-02-09 13:30:41 - DEBUG - o.h.s.i.SessionFactoryServiceRegistryImpl - EventListenerRegistry access via ServiceRegistry is deprecated.  Use `sessionFactory.getEventEngine().getListenerRegistry()` instead
2026-02-09 13:30:41 - DEBUG - o.h.e.i.EntityCopyObserverFactoryInitiator - Configured EntityCopyObserver strategy: disallow
2026-02-09 13:30:41 - DEBUG - o.h.b.internal.ClassLoaderAccessImpl - Not known whether passed class name [com.enterpriseflow.entity.auth.User] is safe
2026-02-09 13:30:41 - DEBUG - o.h.b.internal.ClassLoaderAccessImpl - No temp ClassLoader provided; using live ClassLoader for loading potentially unsafe class : com.enterpriseflow.entity.auth.User
2026-02-09 13:30:41 - DEBUG - sun.rmi.transport.tcp - RMI TCP Connection(2)-127.0.0.1: (port 61316) op = 82
2026-02-09 13:30:41 - DEBUG - sun.rmi.transport.tcp - RMI TCP Connection(2)-127.0.0.1: (port 61316) op = 80
2026-02-09 13:30:41 - DEBUG - sun.rmi.loader - RMI TCP Connection(2)-127.0.0.1: name = "javax.management.ObjectName", codebase = ""
2026-02-09 13:30:41 - DEBUG - javax.management.remote.rmi - connectionId=rmi://127.0.0.1  1, name=org.springframework.boot:type=Admin,name=SpringApplication, attribute=Ready
2026-02-09 13:30:41 - DEBUG - sun.rmi.server.call - RMI TCP Connection(2)-127.0.0.1: [127.0.0.1] exception: 
javax.management.InstanceNotFoundException: org.springframework.boot:type=Admin,name=SpringApplication
	at java.management/com.sun.jmx.interceptor.DefaultMBeanServerInterceptor.getMBean(DefaultMBeanServerInterceptor.java:1088)
	at java.management/com.sun.jmx.interceptor.DefaultMBeanServerInterceptor.getAttribute(DefaultMBeanServerInterceptor.java:640)
	at java.management/com.sun.jmx.mbeanserver.JmxMBeanServer.getAttribute(JmxMBeanServer.java:679)
	at java.management.rmi/javax.management.remote.rmi.RMIConnectionImpl.doOperation(RMIConnectionImpl.java:1449)
	at java.management.rmi/javax.management.remote.rmi.RMIConnectionImpl$PrivilegedOperation.run(RMIConnectionImpl.java:1310)
	at java.management.rmi/javax.management.remote.rmi.RMIConnectionImpl.doPrivilegedOperation(RMIConnectionImpl.java:1405)
	at java.management.rmi/javax.management.remote.rmi.RMIConnectionImpl.getAttribute(RMIConnectionImpl.java:639)
	at java.base/jdk.internal.reflect.NativeMethodAccessorImpl.invoke0(Native Method)
	at java.base/jdk.internal.reflect.NativeMethodAccessorImpl.invoke(NativeMethodAccessorImpl.java:77)
	at java.base/jdk.internal.reflect.DelegatingMethodAccessorImpl.invoke(DelegatingMethodAccessorImpl.java:43)
	at java.base/java.lang.reflect.Method.invoke(Method.java:568)
	at java.rmi/sun.rmi.server.UnicastServerRef.dispatch(UnicastServerRef.java:360)
	at java.rmi/sun.rmi.transport.Transport$1.run(Transport.java:200)
	at java.rmi/sun.rmi.transport.Transport$1.run(Transport.java:197)
	at java.base/java.security.AccessController.doPrivileged(AccessController.java:712)
	at java.rmi/sun.rmi.transport.Transport.serviceCall(Transport.java:196)
	at java.rmi/sun.rmi.transport.tcp.TCPTransport.handleMessages(TCPTransport.java:587)
	at java.rmi/sun.rmi.transport.tcp.TCPTransport$ConnectionHandler.run0(TCPTransport.java:828)
	at java.rmi/sun.rmi.transport.tcp.TCPTransport$ConnectionHandler.lambda$run$0(TCPTransport.java:705)
	at java.base/java.security.AccessController.doPrivileged(AccessController.java:399)
	at java.rmi/sun.rmi.transport.tcp.TCPTransport$ConnectionHandler.run(TCPTransport.java:704)
	at java.base/java.util.concurrent.ThreadPoolExecutor.runWorker(ThreadPoolExecutor.java:1136)
	at java.base/java.util.concurrent.ThreadPoolExecutor$Worker.run(ThreadPoolExecutor.java:635)
	at java.base/java.lang.Thread.run(Thread.java:842)
2026-02-09 13:30:41 - DEBUG - o.h.b.i.b.BytecodeProviderImpl - HHH000513: Unable to create the ReflectionOptimizer for [com.enterpriseflow.entity.auth.User]: private accessor [createBy]
2026-02-09 13:30:41 - DEBUG - o.h.b.internal.ClassLoaderAccessImpl - Not known whether passed class name [com.enterpriseflow.entity.auth.Role] is safe
2026-02-09 13:30:41 - DEBUG - o.h.b.internal.ClassLoaderAccessImpl - No temp ClassLoader provided; using live ClassLoader for loading potentially unsafe class : com.enterpriseflow.entity.auth.Role
2026-02-09 13:30:41 - DEBUG - o.h.b.i.b.BytecodeProviderImpl - HHH000513: Unable to create the ReflectionOptimizer for [com.enterpriseflow.entity.auth.Role]: private accessor [createBy]
2026-02-09 13:30:41 - DEBUG - org.hibernate.orm.jdbc.mutation - Skipping collection row updates - com.enterpriseflow.entity.auth.User.roles
2026-02-09 13:30:42 - DEBUG - o.h.orm.model.mapping.creation - Starting post-init callbacks
2026-02-09 13:30:42 - DEBUG - o.h.orm.model.mapping.creation - Starting PostInitCallbackEntry : PluralAttributeMapping( NavigableRole[com.enterpriseflow.entity.auth.User.roles#{element}]) - element descriptor
2026-02-09 13:30:42 - DEBUG - o.h.orm.model.mapping.creation - Starting PostInitCallbackEntry : PluralAttributeMapping(com.enterpriseflow.entity.auth.User.roles)#finishInitialization
2026-02-09 13:30:42 - DEBUG - o.h.orm.model.mapping.creation - Starting PostInitCallbackEntry : PluralAttributeMapping(com.enterpriseflow.entity.auth.User.roles) - key descriptor
2026-02-09 13:30:42 - DEBUG - o.h.orm.model.mapping.creation - Starting PostInitCallbackEntry : Entity(com.enterpriseflow.entity.auth.User) `staticFetchableList` generator
2026-02-09 13:30:42 - DEBUG - o.h.orm.model.mapping.creation - Starting PostInitCallbackEntry : Entity(com.enterpriseflow.entity.auth.Role) `staticFetchableList` generator
2026-02-09 13:30:42 - DEBUG - org.hibernate.orm.sql.ast.create - Created new SQL alias : u1_0
2026-02-09 13:30:42 - DEBUG - sun.rmi.transport.tcp - RMI TCP Connection(2)-127.0.0.1: (port 61316) op = 82
2026-02-09 13:30:42 - DEBUG - sun.rmi.transport.tcp - RMI TCP Connection(2)-127.0.0.1: (port 61316) op = 80
2026-02-09 13:30:42 - DEBUG - sun.rmi.loader - RMI TCP Connection(2)-127.0.0.1: name = "javax.management.ObjectName", codebase = ""
2026-02-09 13:30:42 - DEBUG - javax.management.remote.rmi - connectionId=rmi://127.0.0.1  1, name=org.springframework.boot:type=Admin,name=SpringApplication, attribute=Ready
2026-02-09 13:30:42 - DEBUG - sun.rmi.server.call - RMI TCP Connection(2)-127.0.0.1: [127.0.0.1] exception: 
javax.management.InstanceNotFoundException: org.springframework.boot:type=Admin,name=SpringApplication
	at java.management/com.sun.jmx.interceptor.DefaultMBeanServerInterceptor.getMBean(DefaultMBeanServerInterceptor.java:1088)
	at java.management/com.sun.jmx.interceptor.DefaultMBeanServerInterceptor.getAttribute(DefaultMBeanServerInterceptor.java:640)
	at java.management/com.sun.jmx.mbeanserver.JmxMBeanServer.getAttribute(JmxMBeanServer.java:679)
	at java.management.rmi/javax.management.remote.rmi.RMIConnectionImpl.doOperation(RMIConnectionImpl.java:1449)
	at java.management.rmi/javax.management.remote.rmi.RMIConnectionImpl$PrivilegedOperation.run(RMIConnectionImpl.java:1310)
	at java.management.rmi/javax.management.remote.rmi.RMIConnectionImpl.doPrivilegedOperation(RMIConnectionImpl.java:1405)
	at java.management.rmi/javax.management.remote.rmi.RMIConnectionImpl.getAttribute(RMIConnectionImpl.java:639)
	at java.base/jdk.internal.reflect.GeneratedMethodAccessor11.invoke(Unknown Source)
	at java.base/jdk.internal.reflect.DelegatingMethodAccessorImpl.invoke(DelegatingMethodAccessorImpl.java:43)
	at java.base/java.lang.reflect.Method.invoke(Method.java:568)
	at java.rmi/sun.rmi.server.UnicastServerRef.dispatch(UnicastServerRef.java:360)
	at java.rmi/sun.rmi.transport.Transport$1.run(Transport.java:200)
	at java.rmi/sun.rmi.transport.Transport$1.run(Transport.java:197)
	at java.base/java.security.AccessController.doPrivileged(AccessController.java:712)
	at java.rmi/sun.rmi.transport.Transport.serviceCall(Transport.java:196)
	at java.rmi/sun.rmi.transport.tcp.TCPTransport.handleMessages(TCPTransport.java:587)
	at java.rmi/sun.rmi.transport.tcp.TCPTransport$ConnectionHandler.run0(TCPTransport.java:828)
	at java.rmi/sun.rmi.transport.tcp.TCPTransport$ConnectionHandler.lambda$run$0(TCPTransport.java:705)
	at java.base/java.security.AccessController.doPrivileged(AccessController.java:399)
	at java.rmi/sun.rmi.transport.tcp.TCPTransport$ConnectionHandler.run(TCPTransport.java:704)
	at java.base/java.util.concurrent.ThreadPoolExecutor.runWorker(ThreadPoolExecutor.java:1136)
	at java.base/java.util.concurrent.ThreadPoolExecutor$Worker.run(ThreadPoolExecutor.java:635)
	at java.base/java.lang.Thread.run(Thread.java:842)
2026-02-09 13:30:42 - DEBUG - org.hibernate.orm.sql.ast.create - Registration of TableGroup [StandardTableGroup(com.enterpriseflow.entity.auth.User)] with identifierForTableGroup [com.enterpriseflow.entity.auth.User] for NavigablePath [com.enterpriseflow.entity.auth.User] 
2026-02-09 13:30:42 - DEBUG - org.hibernate.orm.sql.ast.create - Created new SQL alias : r1_0
2026-02-09 13:30:42 - DEBUG - org.hibernate.orm.sql.ast.create - Registration of TableGroup [CollectionTableGroup(com.enterpriseflow.entity.auth.User.roles)] with identifierForTableGroup [com.enterpriseflow.entity.auth.User.roles] for NavigablePath [com.enterpriseflow.entity.auth.User.roles] 
2026-02-09 13:30:42 - DEBUG - org.hibernate.orm.sql.ast.create - Registration of TableGroup [org.hibernate.sql.ast.tree.from.LazyTableGroup@725f5ad4] with identifierForTableGroup [com.enterpriseflow.entity.auth.User.roles.{element}] for NavigablePath [com.enterpriseflow.entity.auth.User.roles.{element}] 
2026-02-09 13:30:42 - DEBUG - org.hibernate.orm.sql.ast.create - Created new SQL alias : r1_1
2026-02-09 13:30:42 - DEBUG - org.hibernate.orm.results.graph.AST - DomainResult Graph:
 \-EntityResultImpl [com.enterpriseflow.entity.auth.User]
 |  +-BasicFetch [com.enterpriseflow.entity.auth.User.createBy]
 |  +-BasicFetch [com.enterpriseflow.entity.auth.User.createdAt]
 |  +-BasicFetch [com.enterpriseflow.entity.auth.User.email]
 |  +-BasicFetch [com.enterpriseflow.entity.auth.User.fullName]
 |  +-BasicFetch [com.enterpriseflow.entity.auth.User.isAccountNonLocked]
 |  +-BasicFetch [com.enterpriseflow.entity.auth.User.isActive]
 |  +-BasicFetch [com.enterpriseflow.entity.auth.User.isDeleted]
 |  +-BasicFetch [com.enterpriseflow.entity.auth.User.password]
 |  +-EagerCollectionFetch [com.enterpriseflow.entity.auth.User.roles]
 |  |  \-EntityFetchJoinedImpl [com.enterpriseflow.entity.auth.User.roles.{element}]
 |  |  |  +-BasicFetch [com.enterpriseflow.entity.auth.User.roles.{element}.createBy]
 |  |  |  +-BasicFetch [com.enterpriseflow.entity.auth.User.roles.{element}.createdAt]
 |  |  |  +-BasicFetch [com.enterpriseflow.entity.auth.User.roles.{element}.description]
 |  |  |  +-BasicFetch [com.enterpriseflow.entity.auth.User.roles.{element}.isDeleted]
 |  |  |  +-BasicFetch [com.enterpriseflow.entity.auth.User.roles.{element}.name]
 |  |  |  +-BasicFetch [com.enterpriseflow.entity.auth.User.roles.{element}.updatedAt]
 |  |  |  \-BasicFetch [com.enterpriseflow.entity.auth.User.roles.{element}.updatedBy]
 |  +-BasicFetch [com.enterpriseflow.entity.auth.User.updatedAt]
 |  \-BasicFetch [com.enterpriseflow.entity.auth.User.updatedBy]

2026-02-09 13:30:42 - DEBUG - org.hibernate.orm.sql.ast.tree - SQL AST Tree:
    SelectStatement {
      FromClause {
        StandardTableGroup (u1 : com.enterpriseflow.entity.auth.User) {
          primaryTableReference : users as u1_0
          TableGroupJoins {
            left  join CollectionTableGroup (r1 : com.enterpriseflow.entity.auth.User.roles) {
              primaryTableReference : user_roles as r1_0
              TableGroupJoins {
                left  join LazyTableGroup (r1 : com.enterpriseflow.entity.auth.User.roles.{element}) {
                  primaryTableReference : roles as r1_1
                }
              }
            }
          }
        }
      }
    }

2026-02-09 13:30:42 - DEBUG - o.h.p.entity.AbstractEntityPersister - Static SQL for entity: com.enterpriseflow.entity.auth.User
2026-02-09 13:30:42 - DEBUG - o.h.p.entity.AbstractEntityPersister -  Version select: select id from users where id=?
2026-02-09 13:30:42 - DEBUG - o.h.p.entity.AbstractEntityPersister -  Insert (0): insert into users (created_by,created_at,email,full_name,is_account_non_locked,is_active,is_deleted,password,updated_at,updated_by) values (?,?,?,?,?,?,?,?,?,?)
2026-02-09 13:30:42 - DEBUG - o.h.p.entity.AbstractEntityPersister -  Update (0): update users set created_by=?,email=?,full_name=?,is_account_non_locked=?,is_active=?,is_deleted=?,password=?,updated_at=?,updated_by=? where id=?
2026-02-09 13:30:42 - DEBUG - o.h.p.entity.AbstractEntityPersister -  Delete (0): delete from users where id=?
2026-02-09 13:30:42 - DEBUG - org.hibernate.orm.sql.ast.create - Created new SQL alias : r1_0
2026-02-09 13:30:42 - DEBUG - org.hibernate.orm.sql.ast.create - Registration of TableGroup [StandardTableGroup(com.enterpriseflow.entity.auth.Role)] with identifierForTableGroup [com.enterpriseflow.entity.auth.Role] for NavigablePath [com.enterpriseflow.entity.auth.Role] 
2026-02-09 13:30:42 - DEBUG - org.hibernate.orm.results.graph.AST - DomainResult Graph:
 \-EntityResultImpl [com.enterpriseflow.entity.auth.Role]
 |  +-BasicFetch [com.enterpriseflow.entity.auth.Role.createBy]
 |  +-BasicFetch [com.enterpriseflow.entity.auth.Role.createdAt]
 |  +-BasicFetch [com.enterpriseflow.entity.auth.Role.description]
 |  +-BasicFetch [com.enterpriseflow.entity.auth.Role.isDeleted]
 |  +-BasicFetch [com.enterpriseflow.entity.auth.Role.name]
 |  +-BasicFetch [com.enterpriseflow.entity.auth.Role.updatedAt]
 |  \-BasicFetch [com.enterpriseflow.entity.auth.Role.updatedBy]

2026-02-09 13:30:42 - DEBUG - org.hibernate.orm.sql.ast.tree - SQL AST Tree:
    SelectStatement {
      FromClause {
        StandardTableGroup (r1 : com.enterpriseflow.entity.auth.Role) {
          primaryTableReference : roles as r1_0
        }
      }
    }

2026-02-09 13:30:42 - DEBUG - o.h.p.entity.AbstractEntityPersister - Static SQL for entity: com.enterpriseflow.entity.auth.Role
2026-02-09 13:30:42 - DEBUG - o.h.p.entity.AbstractEntityPersister -  Version select: select id from roles where id=?
2026-02-09 13:30:42 - DEBUG - o.h.p.entity.AbstractEntityPersister -  Insert (0): insert into roles (created_by,created_at,description,is_deleted,name,updated_at,updated_by) values (?,?,?,?,?,?,?)
2026-02-09 13:30:42 - DEBUG - o.h.p.entity.AbstractEntityPersister -  Update (0): update roles set created_by=?,description=?,is_deleted=?,name=?,updated_at=?,updated_by=? where id=?
2026-02-09 13:30:42 - DEBUG - o.h.p.entity.AbstractEntityPersister -  Delete (0): delete from roles where id=?
2026-02-09 13:30:42 - DEBUG - org.hibernate.orm.sql.ast.create - Created new SQL alias : r1_0
2026-02-09 13:30:42 - DEBUG - org.hibernate.orm.sql.ast.create - Registration of TableGroup [CollectionTableGroup(com.enterpriseflow.entity.auth.User.roles)] with identifierForTableGroup [com.enterpriseflow.entity.auth.User.roles] for NavigablePath [com.enterpriseflow.entity.auth.User.roles] 
2026-02-09 13:30:42 - DEBUG - org.hibernate.orm.sql.ast.create - Registration of TableGroup [org.hibernate.sql.ast.tree.from.LazyTableGroup@2a8c1587] with identifierForTableGroup [com.enterpriseflow.entity.auth.User.roles.{element}] for NavigablePath [com.enterpriseflow.entity.auth.User.roles.{element}] 
2026-02-09 13:30:42 - DEBUG - org.hibernate.orm.sql.ast.create - Created new SQL alias : r1_1
2026-02-09 13:30:42 - DEBUG - org.hibernate.orm.results.graph.AST - DomainResult Graph:
 \-CollectionDomainResult [com.enterpriseflow.entity.auth.User.roles]

2026-02-09 13:30:42 - DEBUG - org.hibernate.orm.sql.ast.tree - SQL AST Tree:
    SelectStatement {
      FromClause {
        CollectionTableGroup (r1 : com.enterpriseflow.entity.auth.User.roles) {
          primaryTableReference : user_roles as r1_0
          TableGroupJoins {
             join LazyTableGroup (r1 : com.enterpriseflow.entity.auth.User.roles.{element}) {
              primaryTableReference : roles as r1_1
            }
          }
        }
      }
    }

2026-02-09 13:30:42 - DEBUG - org.hibernate.orm.jdbc.mutation - Static SQL for collection: com.enterpriseflow.entity.auth.User.roles
2026-02-09 13:30:42 - DEBUG - org.hibernate.orm.jdbc.mutation -  Row insert: insert into user_roles (user_id,role_id) values (?,?)
2026-02-09 13:30:42 - DEBUG - org.hibernate.orm.jdbc.mutation -  Row delete: delete from user_roles where user_id=? and role_id=?
2026-02-09 13:30:42 - DEBUG - org.hibernate.orm.jdbc.mutation -  One-shot delete: delete from user_roles where user_id=?
2026-02-09 13:30:42 - INFO - o.h.e.t.j.p.i.JtaPlatformInitiator - HHH000489: No JTA platform available (set 'hibernate.transaction.jta.platform' to enable JTA platform integration)
2026-02-09 13:30:42 - DEBUG - o.h.type.spi.TypeConfiguration$Scope - Scoping TypeConfiguration [org.hibernate.type.spi.TypeConfiguration@4421bc8c] to SessionFactoryImplementor [org.hibernate.internal.SessionFactoryImpl@56f5a65d]
2026-02-09 13:30:42 - DEBUG - o.h.q.named.NamedObjectRepository - Checking 0 named HQL queries
2026-02-09 13:30:42 - DEBUG - o.h.q.named.NamedObjectRepository - Checking 0 named SQL queries
2026-02-09 13:30:42 - DEBUG - org.hibernate.mapping.Table - No alter strings for table : roles
2026-02-09 13:30:42 - DEBUG - org.hibernate.mapping.Table - No alter strings for table : user_roles
2026-02-09 13:30:42 - DEBUG - org.hibernate.mapping.Table - No alter strings for table : users
2026-02-09 13:30:42 - DEBUG - o.h.internal.SessionFactoryRegistry - Initializing SessionFactoryRegistry : org.hibernate.internal.SessionFactoryRegistry@566174af
2026-02-09 13:30:42 - DEBUG - o.h.internal.SessionFactoryRegistry - Registering SessionFactory: 822557c5-9386-44dd-b7e9-8617bd272ec4 (<unnamed>)
2026-02-09 13:30:42 - DEBUG - o.h.internal.SessionFactoryRegistry - Not binding SessionFactory to JNDI, no JNDI name configured
2026-02-09 13:30:42 - DEBUG - o.h.internal.SessionFactoryImpl - Instantiated SessionFactory
2026-02-09 13:30:42 - INFO - o.s.o.j.LocalContainerEntityManagerFactoryBean - Initialized JPA EntityManagerFactory for persistence unit 'default'
2026-02-09 13:30:42 - DEBUG - o.s.b.f.s.DefaultListableBeanFactory - Creating shared instance of singleton bean 'enterpriseflowApplication'
2026-02-09 13:30:42 - DEBUG - o.s.b.f.s.DefaultListableBeanFactory - Creating shared instance of singleton bean 'auditConfig'
2026-02-09 13:30:42 - DEBUG - o.s.b.f.s.DefaultListableBeanFactory - Creating shared instance of singleton bean 'auditorAwareImpl'
2026-02-09 13:30:42 - DEBUG - o.s.b.f.s.DefaultListableBeanFactory - Creating shared instance of singleton bean 'globalExceptionHandler'
2026-02-09 13:30:42 - DEBUG - o.s.b.f.s.DefaultListableBeanFactory - Creating shared instance of singleton bean 'jpaAuditingHandler'
2026-02-09 13:30:42 - DEBUG - o.s.b.f.s.DefaultListableBeanFactory - Creating shared instance of singleton bean 'jpaMappingContext'
2026-02-09 13:30:42 - DEBUG - o.s.d.j.r.c.JpaMetamodelMappingContextFactoryBean - Initializing JpaMetamodelMappingContext…
2026-02-09 13:30:42 - DEBUG - o.s.d.j.r.c.JpaMetamodelMappingContextFactoryBean - Finished initializing JpaMetamodelMappingContext
2026-02-09 13:30:42 - DEBUG - o.s.aop.framework.ProxyFactoryBean - Advice has changed; re-caching singleton instance
2026-02-09 13:30:42 - DEBUG - o.s.b.f.s.DefaultListableBeanFactory - Creating shared instance of singleton bean 'org.springframework.data.jpa.domain.support.AuditingEntityListener'
2026-02-09 13:30:42 - DEBUG - o.s.b.f.s.DefaultListableBeanFactory - Creating shared instance of singleton bean 'org.springframework.boot.autoconfigure.context.PropertyPlaceholderAutoConfiguration'
2026-02-09 13:30:42 - DEBUG - o.s.b.f.s.DefaultListableBeanFactory - Creating shared instance of singleton bean 'org.springframework.boot.autoconfigure.websocket.servlet.WebSocketServletAutoConfiguration'
2026-02-09 13:30:42 - DEBUG - o.s.b.f.s.DefaultListableBeanFactory - Creating shared instance of singleton bean 'org.springframework.boot.autoconfigure.web.servlet.DispatcherServletAutoConfiguration'
2026-02-09 13:30:42 - DEBUG - o.s.b.f.s.DefaultListableBeanFactory - Creating shared instance of singleton bean 'org.springframework.boot.autoconfigure.task.TaskExecutorConfigurations$SimpleAsyncTaskExecutorBuilderConfiguration'
2026-02-09 13:30:42 - DEBUG - o.s.b.f.s.DefaultListableBeanFactory - Autowiring by type from bean name 'org.springframework.boot.autoconfigure.task.TaskExecutorConfigurations$SimpleAsyncTaskExecutorBuilderConfiguration' via constructor to bean named 'spring.task.execution-org.springframework.boot.autoconfigure.task.TaskExecutionProperties'
2026-02-09 13:30:42 - DEBUG - o.s.b.f.s.DefaultListableBeanFactory - Creating shared instance of singleton bean 'simpleAsyncTaskExecutorBuilder'
2026-02-09 13:30:42 - DEBUG - o.s.b.f.s.DefaultListableBeanFactory - Creating shared instance of singleton bean 'org.springframework.boot.autoconfigure.task.TaskExecutorConfigurations$AsyncConfigurerConfiguration'
2026-02-09 13:30:42 - DEBUG - o.s.b.f.s.DefaultListableBeanFactory - Creating shared instance of singleton bean 'applicationTaskExecutorAsyncConfigurer'
2026-02-09 13:30:42 - DEBUG - o.s.b.f.s.DefaultListableBeanFactory - Autowiring by type from bean name 'applicationTaskExecutorAsyncConfigurer' via factory method to bean named 'org.springframework.beans.factory.support.DefaultListableBeanFactory@2a1ffe15'
2026-02-09 13:30:42 - DEBUG - o.s.b.f.s.DefaultListableBeanFactory - Creating shared instance of singleton bean 'org.springframework.boot.autoconfigure.task.TaskExecutorConfigurations$BootstrapExecutorConfiguration'
2026-02-09 13:30:42 - DEBUG - o.s.b.f.s.DefaultListableBeanFactory - Creating shared instance of singleton bean 'org.springframework.boot.autoconfigure.task.TaskExecutionAutoConfiguration'
2026-02-09 13:30:42 - DEBUG - o.s.b.f.s.DefaultListableBeanFactory - Creating shared instance of singleton bean 'org.springframework.boot.autoconfigure.validation.ValidationAutoConfiguration'
2026-02-09 13:30:42 - DEBUG - o.s.b.f.s.DefaultListableBeanFactory - Creating shared instance of singleton bean 'defaultValidator'
2026-02-09 13:30:42 - DEBUG - o.s.b.f.s.DefaultListableBeanFactory - Autowiring by type from bean name 'defaultValidator' via factory method to bean named 'org.springframework.boot.web.servlet.context.AnnotationConfigServletWebServerApplicationContext@4ca55f3f'
2026-02-09 13:30:42 - DEBUG - o.h.v.m.ResourceBundleMessageInterpolator - Loaded expression factory via original TCCL
2026-02-09 13:30:42 - DEBUG - o.h.v.i.e.AbstractConfigurationImpl - Setting custom MessageInterpolator of type org.springframework.validation.beanvalidation.LocaleContextMessageInterpolator
2026-02-09 13:30:42 - DEBUG - o.h.v.i.e.AbstractConfigurationImpl - Setting custom ConstraintValidatorFactory of type org.springframework.validation.beanvalidation.SpringConstraintValidatorFactory
2026-02-09 13:30:42 - DEBUG - o.h.v.i.x.config.ValidationXmlParser - Trying to load META-INF/validation.xml for XML based Validator configuration.
2026-02-09 13:30:42 - DEBUG - o.h.v.i.x.c.ResourceLoaderHelper - Trying to load META-INF/validation.xml via user class loader
2026-02-09 13:30:42 - DEBUG - o.h.v.i.x.c.ResourceLoaderHelper - Trying to load META-INF/validation.xml via TCCL
2026-02-09 13:30:42 - DEBUG - o.h.v.i.x.c.ResourceLoaderHelper - Trying to load META-INF/validation.xml via Hibernate Validator's class loader
2026-02-09 13:30:42 - DEBUG - o.h.v.i.x.config.ValidationXmlParser - No META-INF/validation.xml found. Using annotation based configuration only.
2026-02-09 13:30:42 - DEBUG - o.h.v.i.e.r.TraversableResolvers - Found jakarta.persistence.Persistence on classpath containing 'getPersistenceUtil'. Assuming JPA 2 environment. Trying to instantiate JPA aware TraversableResolver
2026-02-09 13:30:42 - DEBUG - o.h.v.i.e.r.TraversableResolvers - Instantiated JPA aware TraversableResolver of type org.hibernate.validator.internal.engine.resolver.JPATraversableResolver.
2026-02-09 13:30:42 - DEBUG - o.h.v.i.e.ValidatorFactoryConfigurationHelper - HV000252: Using org.hibernate.validator.internal.engine.DefaultPropertyNodeNameProvider as property node name provider.
2026-02-09 13:30:42 - DEBUG - o.h.v.i.e.ValidatorFactoryConfigurationHelper - HV000234: Using org.springframework.validation.beanvalidation.LocaleContextMessageInterpolator as ValidatorFactory-scoped message interpolator.
2026-02-09 13:30:42 - DEBUG - o.h.v.i.e.ValidatorFactoryConfigurationHelper - HV000234: Using org.hibernate.validator.internal.engine.resolver.JPATraversableResolver as ValidatorFactory-scoped traversable resolver.
2026-02-09 13:30:42 - DEBUG - o.h.v.i.e.ValidatorFactoryConfigurationHelper - HV000234: Using org.hibernate.validator.internal.util.ExecutableParameterNameProvider as ValidatorFactory-scoped parameter name provider.
2026-02-09 13:30:42 - DEBUG - o.h.v.i.e.ValidatorFactoryConfigurationHelper - HV000234: Using org.hibernate.validator.internal.engine.DefaultClockProvider as ValidatorFactory-scoped clock provider.
2026-02-09 13:30:42 - DEBUG - o.h.v.i.e.ValidatorFactoryConfigurationHelper - HV000234: Using org.hibernate.validator.internal.engine.scripting.DefaultScriptEvaluatorFactory as ValidatorFactory-scoped script evaluator factory.
2026-02-09 13:30:42 - DEBUG - o.s.b.f.s.DefaultListableBeanFactory - Creating shared instance of singleton bean 'org.springframework.boot.autoconfigure.web.servlet.error.ErrorMvcAutoConfiguration$WhitelabelErrorViewConfiguration'
2026-02-09 13:30:42 - DEBUG - o.s.b.f.s.DefaultListableBeanFactory - Creating shared instance of singleton bean 'error'
2026-02-09 13:30:42 - DEBUG - o.s.b.f.s.DefaultListableBeanFactory - Creating shared instance of singleton bean 'beanNameViewResolver'
2026-02-09 13:30:42 - DEBUG - o.s.b.f.s.DefaultListableBeanFactory - Creating shared instance of singleton bean 'org.springframework.boot.autoconfigure.web.servlet.error.ErrorMvcAutoConfiguration$DefaultErrorViewResolverConfiguration'
2026-02-09 13:30:42 - DEBUG - o.s.b.f.s.DefaultListableBeanFactory - Creating shared instance of singleton bean 'spring.web-org.springframework.boot.autoconfigure.web.WebProperties'
2026-02-09 13:30:42 - DEBUG - o.s.b.f.s.DefaultListableBeanFactory - Autowiring by type from bean name 'org.springframework.boot.autoconfigure.web.servlet.error.ErrorMvcAutoConfiguration$DefaultErrorViewResolverConfiguration' via constructor to bean named 'org.springframework.boot.web.servlet.context.AnnotationConfigServletWebServerApplicationContext@4ca55f3f'
2026-02-09 13:30:42 - DEBUG - o.s.b.f.s.DefaultListableBeanFactory - Autowiring by type from bean name 'org.springframework.boot.autoconfigure.web.servlet.error.ErrorMvcAutoConfiguration$DefaultErrorViewResolverConfiguration' via constructor to bean named 'spring.web-org.springframework.boot.autoconfigure.web.WebProperties'
2026-02-09 13:30:42 - DEBUG - o.s.b.f.s.DefaultListableBeanFactory - Creating shared instance of singleton bean 'conventionErrorViewResolver'
2026-02-09 13:30:42 - DEBUG - o.s.b.f.s.DefaultListableBeanFactory - Creating shared instance of singleton bean 'errorAttributes'
2026-02-09 13:30:42 - DEBUG - o.s.b.f.s.DefaultListableBeanFactory - Creating shared instance of singleton bean 'basicErrorController'
2026-02-09 13:30:42 - DEBUG - o.s.b.f.s.DefaultListableBeanFactory - Autowiring by type from bean name 'basicErrorController' via factory method to bean named 'errorAttributes'
2026-02-09 13:30:42 - DEBUG - o.s.b.f.s.DefaultListableBeanFactory - Creating shared instance of singleton bean 'org.springframework.boot.autoconfigure.web.servlet.WebMvcAutoConfiguration$EnableWebMvcConfiguration'
2026-02-09 13:30:42 - DEBUG - o.s.b.f.s.DefaultListableBeanFactory - Autowiring by type from bean name 'org.springframework.boot.autoconfigure.web.servlet.WebMvcAutoConfiguration$EnableWebMvcConfiguration' via constructor to bean named 'spring.mvc-org.springframework.boot.autoconfigure.web.servlet.WebMvcProperties'
2026-02-09 13:30:42 - DEBUG - o.s.b.f.s.DefaultListableBeanFactory - Autowiring by type from bean name 'org.springframework.boot.autoconfigure.web.servlet.WebMvcAutoConfiguration$EnableWebMvcConfiguration' via constructor to bean named 'spring.web-org.springframework.boot.autoconfigure.web.WebProperties'
2026-02-09 13:30:42 - DEBUG - o.s.b.f.s.DefaultListableBeanFactory - Autowiring by type from bean name 'org.springframework.boot.autoconfigure.web.servlet.WebMvcAutoConfiguration$EnableWebMvcConfiguration' via constructor to bean named 'org.springframework.beans.factory.support.DefaultListableBeanFactory@2a1ffe15'
2026-02-09 13:30:42 - DEBUG - o.s.b.f.s.DefaultListableBeanFactory - Creating shared instance of singleton bean 'org.springframework.boot.autoconfigure.web.servlet.WebMvcAutoConfiguration$WebMvcAutoConfigurationAdapter'
2026-02-09 13:30:42 - DEBUG - o.s.b.f.s.DefaultListableBeanFactory - Autowiring by type from bean name 'org.springframework.boot.autoconfigure.web.servlet.WebMvcAutoConfiguration$WebMvcAutoConfigurationAdapter' via constructor to bean named 'spring.web-org.springframework.boot.autoconfigure.web.WebProperties'
2026-02-09 13:30:42 - DEBUG - o.s.b.f.s.DefaultListableBeanFactory - Autowiring by type from bean name 'org.springframework.boot.autoconfigure.web.servlet.WebMvcAutoConfiguration$WebMvcAutoConfigurationAdapter' via constructor to bean named 'spring.mvc-org.springframework.boot.autoconfigure.web.servlet.WebMvcProperties'
2026-02-09 13:30:42 - DEBUG - o.s.b.f.s.DefaultListableBeanFactory - Autowiring by type from bean name 'org.springframework.boot.autoconfigure.web.servlet.WebMvcAutoConfiguration$WebMvcAutoConfigurationAdapter' via constructor to bean named 'org.springframework.beans.factory.support.DefaultListableBeanFactory@2a1ffe15'
2026-02-09 13:30:42 - DEBUG - sun.rmi.transport.tcp - RMI TCP Connection(2)-127.0.0.1: (port 61316) op = 82
2026-02-09 13:30:42 - DEBUG - sun.rmi.transport.tcp - RMI TCP Connection(2)-127.0.0.1: (port 61316) op = 80
2026-02-09 13:30:42 - DEBUG - sun.rmi.loader - RMI TCP Connection(2)-127.0.0.1: name = "javax.management.ObjectName", codebase = ""
2026-02-09 13:30:42 - DEBUG - javax.management.remote.rmi - connectionId=rmi://127.0.0.1  1, name=org.springframework.boot:type=Admin,name=SpringApplication, attribute=Ready
2026-02-09 13:30:42 - DEBUG - sun.rmi.server.call - RMI TCP Connection(2)-127.0.0.1: [127.0.0.1] exception: 
javax.management.InstanceNotFoundException: org.springframework.boot:type=Admin,name=SpringApplication
	at java.management/com.sun.jmx.interceptor.DefaultMBeanServerInterceptor.getMBean(DefaultMBeanServerInterceptor.java:1088)
	at java.management/com.sun.jmx.interceptor.DefaultMBeanServerInterceptor.getAttribute(DefaultMBeanServerInterceptor.java:640)
	at java.management/com.sun.jmx.mbeanserver.JmxMBeanServer.getAttribute(JmxMBeanServer.java:679)
	at java.management.rmi/javax.management.remote.rmi.RMIConnectionImpl.doOperation(RMIConnectionImpl.java:1449)
	at java.management.rmi/javax.management.remote.rmi.RMIConnectionImpl$PrivilegedOperation.run(RMIConnectionImpl.java:1310)
	at java.management.rmi/javax.management.remote.rmi.RMIConnectionImpl.doPrivilegedOperation(RMIConnectionImpl.java:1405)
	at java.management.rmi/javax.management.remote.rmi.RMIConnectionImpl.getAttribute(RMIConnectionImpl.java:639)
	at java.base/jdk.internal.reflect.GeneratedMethodAccessor11.invoke(Unknown Source)
	at java.base/jdk.internal.reflect.DelegatingMethodAccessorImpl.invoke(DelegatingMethodAccessorImpl.java:43)
	at java.base/java.lang.reflect.Method.invoke(Method.java:568)
	at java.rmi/sun.rmi.server.UnicastServerRef.dispatch(UnicastServerRef.java:360)
	at java.rmi/sun.rmi.transport.Transport$1.run(Transport.java:200)
	at java.rmi/sun.rmi.transport.Transport$1.run(Transport.java:197)
	at java.base/java.security.AccessController.doPrivileged(AccessController.java:712)
	at java.rmi/sun.rmi.transport.Transport.serviceCall(Transport.java:196)
	at java.rmi/sun.rmi.transport.tcp.TCPTransport.handleMessages(TCPTransport.java:587)
	at java.rmi/sun.rmi.transport.tcp.TCPTransport$ConnectionHandler.run0(TCPTransport.java:828)
	at java.rmi/sun.rmi.transport.tcp.TCPTransport$ConnectionHandler.lambda$run$0(TCPTransport.java:705)
	at java.base/java.security.AccessController.doPrivileged(AccessController.java:399)
	at java.rmi/sun.rmi.transport.tcp.TCPTransport$ConnectionHandler.run(TCPTransport.java:704)
	at java.base/java.util.concurrent.ThreadPoolExecutor.runWorker(ThreadPoolExecutor.java:1136)
	at java.base/java.util.concurrent.ThreadPoolExecutor$Worker.run(ThreadPoolExecutor.java:635)
	at java.base/java.lang.Thread.run(Thread.java:842)
2026-02-09 13:30:42 - DEBUG - o.s.b.f.s.DefaultListableBeanFactory - Creating shared instance of singleton bean 'openEntityManagerInViewInterceptorConfigurer'
2026-02-09 13:30:42 - DEBUG - o.s.b.f.s.DefaultListableBeanFactory - Creating shared instance of singleton bean 'org.springframework.boot.autoconfigure.orm.jpa.JpaBaseConfiguration$JpaWebConfiguration'
2026-02-09 13:30:42 - DEBUG - o.s.b.f.s.DefaultListableBeanFactory - Autowiring by type from bean name 'org.springframework.boot.autoconfigure.orm.jpa.JpaBaseConfiguration$JpaWebConfiguration' via constructor to bean named 'spring.jpa-org.springframework.boot.autoconfigure.orm.jpa.JpaProperties'
2026-02-09 13:30:42 - DEBUG - o.s.b.f.s.DefaultListableBeanFactory - Creating shared instance of singleton bean 'openEntityManagerInViewInterceptor'
2026-02-09 13:30:42 - WARN - o.s.b.a.o.j.JpaBaseConfiguration$JpaWebConfiguration - spring.jpa.open-in-view is enabled by default. Therefore, database queries may be performed during view rendering. Explicitly configure spring.jpa.open-in-view to disable this warning
2026-02-09 13:30:42 - DEBUG - o.s.b.f.s.DefaultListableBeanFactory - Autowiring by type from bean name 'openEntityManagerInViewInterceptorConfigurer' via factory method to bean named 'openEntityManagerInViewInterceptor'
2026-02-09 13:30:42 - DEBUG - o.s.b.f.s.DefaultListableBeanFactory - Creating shared instance of singleton bean 'org.springframework.data.web.config.SpringDataWebConfiguration'
2026-02-09 13:30:42 - DEBUG - o.s.b.f.s.DefaultListableBeanFactory - Autowiring by type from bean name 'org.springframework.data.web.config.SpringDataWebConfiguration' via constructor to bean named 'org.springframework.boot.web.servlet.context.AnnotationConfigServletWebServerApplicationContext@4ca55f3f'
2026-02-09 13:30:42 - DEBUG - o.s.b.f.s.DefaultListableBeanFactory - Creating shared instance of singleton bean 'org.springframework.security.config.annotation.web.configuration.WebMvcSecurityConfiguration'
2026-02-09 13:30:42 - DEBUG - o.s.b.f.s.DefaultListableBeanFactory - Creating shared instance of singleton bean 'welcomePageHandlerMapping'
2026-02-09 13:30:42 - DEBUG - o.s.b.f.s.DefaultListableBeanFactory - Creating shared instance of singleton bean 'mvcConversionService'
2026-02-09 13:30:42 - DEBUG - o.s.b.f.s.DefaultListableBeanFactory - Creating shared instance of singleton bean 'mvcResourceUrlProvider'
2026-02-09 13:30:42 - DEBUG - o.s.b.f.s.DefaultListableBeanFactory - Autowiring by type from bean name 'welcomePageHandlerMapping' via factory method to bean named 'org.springframework.boot.web.servlet.context.AnnotationConfigServletWebServerApplicationContext@4ca55f3f'
2026-02-09 13:30:42 - DEBUG - o.s.b.f.s.DefaultListableBeanFactory - Autowiring by type from bean name 'welcomePageHandlerMapping' via factory method to bean named 'mvcConversionService'
2026-02-09 13:30:42 - DEBUG - o.s.b.f.s.DefaultListableBeanFactory - Autowiring by type from bean name 'welcomePageHandlerMapping' via factory method to bean named 'mvcResourceUrlProvider'
2026-02-09 13:30:42 - DEBUG - o.apache.catalina.webresources.Cache - Increased cache size by [521] for item [org.apache.catalina.webresources.CachedResource@586f8d63] at [/index.html] making total cache size [1052]
2026-02-09 13:30:42 - DEBUG - o.s.b.f.s.DefaultListableBeanFactory - Creating shared instance of singleton bean 'welcomePageNotAcceptableHandlerMapping'
2026-02-09 13:30:42 - DEBUG - o.s.b.f.s.DefaultListableBeanFactory - Autowiring by type from bean name 'welcomePageNotAcceptableHandlerMapping' via factory method to bean named 'org.springframework.boot.web.servlet.context.AnnotationConfigServletWebServerApplicationContext@4ca55f3f'
2026-02-09 13:30:42 - DEBUG - o.s.b.f.s.DefaultListableBeanFactory - Autowiring by type from bean name 'welcomePageNotAcceptableHandlerMapping' via factory method to bean named 'mvcConversionService'
2026-02-09 13:30:42 - DEBUG - o.s.b.f.s.DefaultListableBeanFactory - Autowiring by type from bean name 'welcomePageNotAcceptableHandlerMapping' via factory method to bean named 'mvcResourceUrlProvider'
2026-02-09 13:30:42 - DEBUG - o.s.b.f.s.DefaultListableBeanFactory - Creating shared instance of singleton bean 'localeResolver'
2026-02-09 13:30:42 - DEBUG - o.s.b.f.s.DefaultListableBeanFactory - Creating shared instance of singleton bean 'themeResolver'
2026-02-09 13:30:42 - DEBUG - o.s.b.f.s.DefaultListableBeanFactory - Creating shared instance of singleton bean 'flashMapManager'
2026-02-09 13:30:42 - DEBUG - o.s.b.f.s.DefaultListableBeanFactory - Creating shared instance of singleton bean 'viewNameTranslator'
2026-02-09 13:30:42 - DEBUG - o.s.b.f.s.DefaultListableBeanFactory - Creating shared instance of singleton bean 'mvcValidator'
2026-02-09 13:30:42 - DEBUG - o.s.b.f.s.DefaultListableBeanFactory - Creating shared instance of singleton bean 'mvcContentNegotiationManager'
2026-02-09 13:30:42 - DEBUG - o.s.b.f.s.DefaultListableBeanFactory - Creating shared instance of singleton bean 'requestMappingHandlerMapping'
2026-02-09 13:30:42 - DEBUG - o.s.b.f.s.DefaultListableBeanFactory - Autowiring by type from bean name 'requestMappingHandlerMapping' via factory method to bean named 'mvcContentNegotiationManager'
2026-02-09 13:30:42 - DEBUG - o.s.b.f.s.DefaultListableBeanFactory - Autowiring by type from bean name 'requestMappingHandlerMapping' via factory method to bean named 'mvcConversionService'
2026-02-09 13:30:42 - DEBUG - o.s.b.f.s.DefaultListableBeanFactory - Autowiring by type from bean name 'requestMappingHandlerMapping' via factory method to bean named 'mvcResourceUrlProvider'
2026-02-09 13:30:42 - DEBUG - _.s.w.s.HandlerMapping.Mappings - 
	o.s.b.a.w.s.e.BasicErrorController:
	{ [/error], produces [text/html]}: errorHtml(HttpServletRequest,HttpServletResponse)
	{ [/error]}: error(HttpServletRequest)
2026-02-09 13:30:42 - DEBUG - o.s.w.s.m.m.a.RequestMappingHandlerMapping - 2 mappings in 'requestMappingHandlerMapping'
2026-02-09 13:30:42 - DEBUG - o.s.b.f.s.DefaultListableBeanFactory - Creating shared instance of singleton bean 'mvcPatternParser'
2026-02-09 13:30:42 - DEBUG - o.s.b.f.s.DefaultListableBeanFactory - Creating shared instance of singleton bean 'mvcUrlPathHelper'
2026-02-09 13:30:42 - DEBUG - o.s.b.f.s.DefaultListableBeanFactory - Creating shared instance of singleton bean 'mvcPathMatcher'
2026-02-09 13:30:42 - DEBUG - o.s.b.f.s.DefaultListableBeanFactory - Creating shared instance of singleton bean 'viewControllerHandlerMapping'
2026-02-09 13:30:42 - DEBUG - o.s.b.f.s.DefaultListableBeanFactory - Autowiring by type from bean name 'viewControllerHandlerMapping' via factory method to bean named 'mvcConversionService'
2026-02-09 13:30:42 - DEBUG - o.s.b.f.s.DefaultListableBeanFactory - Autowiring by type from bean name 'viewControllerHandlerMapping' via factory method to bean named 'mvcResourceUrlProvider'
2026-02-09 13:30:42 - DEBUG - o.s.b.f.s.DefaultListableBeanFactory - Creating shared instance of singleton bean 'beanNameHandlerMapping'
2026-02-09 13:30:42 - DEBUG - o.s.b.f.s.DefaultListableBeanFactory - Autowiring by type from bean name 'beanNameHandlerMapping' via factory method to bean named 'mvcConversionService'
2026-02-09 13:30:42 - DEBUG - o.s.b.f.s.DefaultListableBeanFactory - Autowiring by type from bean name 'beanNameHandlerMapping' via factory method to bean named 'mvcResourceUrlProvider'
2026-02-09 13:30:42 - DEBUG - _.s.w.s.HandlerMapping.Mappings - 'beanNameHandlerMapping' {}
2026-02-09 13:30:42 - DEBUG - o.s.b.f.s.DefaultListableBeanFactory - Creating shared instance of singleton bean 'routerFunctionMapping'
2026-02-09 13:30:42 - DEBUG - o.s.b.f.s.DefaultListableBeanFactory - Autowiring by type from bean name 'routerFunctionMapping' via factory method to bean named 'mvcConversionService'
2026-02-09 13:30:42 - DEBUG - o.s.b.f.s.DefaultListableBeanFactory - Autowiring by type from bean name 'routerFunctionMapping' via factory method to bean named 'mvcResourceUrlProvider'
2026-02-09 13:30:42 - DEBUG - o.s.b.f.s.DefaultListableBeanFactory - Creating shared instance of singleton bean 'messageConverters'
2026-02-09 13:30:42 - DEBUG - o.s.b.f.s.DefaultListableBeanFactory - Creating shared instance of singleton bean 'org.springframework.boot.autoconfigure.http.HttpMessageConvertersAutoConfiguration'
2026-02-09 13:30:42 - DEBUG - o.s.b.f.s.DefaultListableBeanFactory - Creating shared instance of singleton bean 'stringHttpMessageConverter'
2026-02-09 13:30:42 - DEBUG - o.s.b.f.s.DefaultListableBeanFactory - Creating shared instance of singleton bean 'org.springframework.boot.autoconfigure.http.HttpMessageConvertersAutoConfiguration$StringHttpMessageConverterConfiguration'
2026-02-09 13:30:42 - DEBUG - o.s.b.f.s.DefaultListableBeanFactory - Autowiring by type from bean name 'stringHttpMessageConverter' via factory method to bean named 'environment'
2026-02-09 13:30:43 - DEBUG - o.s.b.f.s.DefaultListableBeanFactory - Creating shared instance of singleton bean 'mappingJackson2HttpMessageConverter'
2026-02-09 13:30:43 - DEBUG - o.s.b.f.s.DefaultListableBeanFactory - Creating shared instance of singleton bean 'org.springframework.boot.autoconfigure.http.JacksonHttpMessageConvertersConfiguration$MappingJackson2HttpMessageConverterConfiguration'
2026-02-09 13:30:43 - DEBUG - o.s.b.f.s.DefaultListableBeanFactory - Creating shared instance of singleton bean 'jacksonObjectMapper'
2026-02-09 13:30:43 - DEBUG - o.s.b.f.s.DefaultListableBeanFactory - Creating shared instance of singleton bean 'org.springframework.boot.autoconfigure.jackson.JacksonAutoConfiguration$JacksonObjectMapperConfiguration'
2026-02-09 13:30:43 - DEBUG - o.s.b.f.s.DefaultListableBeanFactory - Creating shared instance of singleton bean 'org.springframework.boot.autoconfigure.jackson.JacksonAutoConfiguration$JacksonObjectMapperBuilderConfiguration'
2026-02-09 13:30:43 - DEBUG - o.s.b.f.s.DefaultListableBeanFactory - Creating shared instance of singleton bean 'standardJacksonObjectMapperBuilderCustomizer'
2026-02-09 13:30:43 - DEBUG - o.s.b.f.s.DefaultListableBeanFactory - Creating shared instance of singleton bean 'org.springframework.boot.autoconfigure.jackson.JacksonAutoConfiguration$Jackson2ObjectMapperBuilderCustomizerConfiguration'
2026-02-09 13:30:43 - DEBUG - o.s.b.f.s.DefaultListableBeanFactory - Creating shared instance of singleton bean 'spring.jackson-org.springframework.boot.autoconfigure.jackson.JacksonProperties'
2026-02-09 13:30:43 - DEBUG - o.s.b.f.s.DefaultListableBeanFactory - Autowiring by type from bean name 'standardJacksonObjectMapperBuilderCustomizer' via factory method to bean named 'spring.jackson-org.springframework.boot.autoconfigure.jackson.JacksonProperties'
2026-02-09 13:30:43 - DEBUG - o.s.b.f.s.DefaultListableBeanFactory - Creating shared instance of singleton bean 'parameterNamesModule'
2026-02-09 13:30:43 - DEBUG - o.s.b.f.s.DefaultListableBeanFactory - Creating shared instance of singleton bean 'org.springframework.boot.autoconfigure.jackson.JacksonAutoConfiguration$ParameterNamesModuleConfiguration'
2026-02-09 13:30:43 - DEBUG - o.s.b.f.s.DefaultListableBeanFactory - Creating shared instance of singleton bean 'jsonMixinModule'
2026-02-09 13:30:43 - DEBUG - o.s.b.f.s.DefaultListableBeanFactory - Creating shared instance of singleton bean 'org.springframework.boot.autoconfigure.jackson.JacksonAutoConfiguration$JacksonMixinConfiguration'
2026-02-09 13:30:43 - DEBUG - o.s.b.f.s.DefaultListableBeanFactory - Creating shared instance of singleton bean 'jsonMixinModuleEntries'
2026-02-09 13:30:43 - DEBUG - o.s.b.f.s.DefaultListableBeanFactory - Autowiring by type from bean name 'jsonMixinModuleEntries' via factory method to bean named 'org.springframework.boot.web.servlet.context.AnnotationConfigServletWebServerApplicationContext@4ca55f3f'
2026-02-09 13:30:43 - DEBUG - o.s.b.f.s.DefaultListableBeanFactory - Autowiring by type from bean name 'jsonMixinModule' via factory method to bean named 'org.springframework.boot.web.servlet.context.AnnotationConfigServletWebServerApplicationContext@4ca55f3f'
2026-02-09 13:30:43 - DEBUG - o.s.b.f.s.DefaultListableBeanFactory - Autowiring by type from bean name 'jsonMixinModule' via factory method to bean named 'jsonMixinModuleEntries'
2026-02-09 13:30:43 - DEBUG - o.s.b.f.s.DefaultListableBeanFactory - Creating shared instance of singleton bean 'jsonComponentModule'
2026-02-09 13:30:43 - DEBUG - o.s.b.f.s.DefaultListableBeanFactory - Creating shared instance of singleton bean 'org.springframework.boot.autoconfigure.jackson.JacksonAutoConfiguration'
2026-02-09 13:30:43 - DEBUG - o.s.b.f.s.DefaultListableBeanFactory - Creating shared instance of singleton bean 'jacksonGeoModule'
2026-02-09 13:30:43 - DEBUG - o.s.b.f.s.DefaultListableBeanFactory - Creating shared instance of singleton bean 'org.springframework.data.web.config.SpringDataJacksonConfiguration'
2026-02-09 13:30:43 - DEBUG - o.s.b.f.s.DefaultListableBeanFactory - Creating shared instance of singleton bean 'springDataWebSettings'
2026-02-09 13:30:43 - DEBUG - o.s.b.f.s.DefaultListableBeanFactory - Creating shared instance of singleton bean 'org.springframework.boot.autoconfigure.data.web.SpringDataWebAutoConfiguration'
2026-02-09 13:30:43 - DEBUG - o.s.b.f.s.DefaultListableBeanFactory - Creating shared instance of singleton bean 'spring.data.web-org.springframework.boot.autoconfigure.data.web.SpringDataWebProperties'
2026-02-09 13:30:43 - DEBUG - o.s.b.f.s.DefaultListableBeanFactory - Autowiring by type from bean name 'org.springframework.boot.autoconfigure.data.web.SpringDataWebAutoConfiguration' via constructor to bean named 'spring.data.web-org.springframework.boot.autoconfigure.data.web.SpringDataWebProperties'
2026-02-09 13:30:43 - DEBUG - o.s.b.f.s.DefaultListableBeanFactory - Creating shared instance of singleton bean 'pageModule'
2026-02-09 13:30:43 - DEBUG - o.s.b.f.s.DefaultListableBeanFactory - Autowiring by type from bean name 'jacksonObjectMapperBuilder' via factory method to bean named 'org.springframework.boot.web.servlet.context.AnnotationConfigServletWebServerApplicationContext@4ca55f3f'
2026-02-09 13:30:43 - DEBUG - o.s.b.f.s.DefaultListableBeanFactory - Autowiring by type from bean name 'jacksonObjectMapperBuilder' via factory method to bean named 'standardJacksonObjectMapperBuilderCustomizer'
2026-02-09 13:30:43 - DEBUG - o.s.b.f.s.DefaultListableBeanFactory - Autowiring by type from bean name 'jacksonObjectMapper' via factory method to bean named 'jacksonObjectMapperBuilder'
2026-02-09 13:30:43 - DEBUG - o.s.b.f.s.DefaultListableBeanFactory - Autowiring by type from bean name 'mappingJackson2HttpMessageConverter' via factory method to bean named 'jacksonObjectMapper'
2026-02-09 13:30:43 - DEBUG - o.s.b.f.s.DefaultListableBeanFactory - Creating shared instance of singleton bean 'resourceHandlerMapping'
2026-02-09 13:30:43 - DEBUG - o.s.b.f.s.DefaultListableBeanFactory - Autowiring by type from bean name 'resourceHandlerMapping' via factory method to bean named 'mvcContentNegotiationManager'
2026-02-09 13:30:43 - DEBUG - o.s.b.f.s.DefaultListableBeanFactory - Autowiring by type from bean name 'resourceHandlerMapping' via factory method to bean named 'mvcConversionService'
2026-02-09 13:30:43 - DEBUG - o.s.b.f.s.DefaultListableBeanFactory - Autowiring by type from bean name 'resourceHandlerMapping' via factory method to bean named 'mvcResourceUrlProvider'
2026-02-09 13:30:43 - DEBUG - o.apache.catalina.webresources.Cache - Increased cache size by [501] for item [org.apache.catalina.webresources.CachedResource@19ac7b79] at [/] making total cache size [1553]
2026-02-09 13:30:43 - DEBUG - _.s.w.s.HandlerMapping.Mappings - 'resourceHandlerMapping' {/webjars/**=ResourceHttpRequestHandler [classpath [META-INF/resources/webjars/]], /**=ResourceHttpRequestHandler [classpath [META-INF/resources/], classpath [resources/], classpath [static/], classpath [public/], ServletContext [/]]}
2026-02-09 13:30:43 - DEBUG - o.s.b.f.s.DefaultListableBeanFactory - Creating shared instance of singleton bean 'defaultServletHandlerMapping'
2026-02-09 13:30:43 - DEBUG - o.s.b.f.s.DefaultListableBeanFactory - Creating shared instance of singleton bean 'requestMappingHandlerAdapter'
2026-02-09 13:30:43 - DEBUG - o.s.b.f.s.DefaultListableBeanFactory - Autowiring by type from bean name 'requestMappingHandlerAdapter' via factory method to bean named 'mvcContentNegotiationManager'
2026-02-09 13:30:43 - DEBUG - o.s.b.f.s.DefaultListableBeanFactory - Autowiring by type from bean name 'requestMappingHandlerAdapter' via factory method to bean named 'mvcConversionService'
2026-02-09 13:30:43 - DEBUG - o.s.b.f.s.DefaultListableBeanFactory - Autowiring by type from bean name 'requestMappingHandlerAdapter' via factory method to bean named 'mvcValidator'
2026-02-09 13:30:43 - DEBUG - o.s.b.f.s.DefaultListableBeanFactory - Creating shared instance of singleton bean 'sortResolver'
2026-02-09 13:30:43 - DEBUG - o.s.b.f.s.DefaultListableBeanFactory - Creating shared instance of singleton bean 'sortCustomizer'
2026-02-09 13:30:43 - DEBUG - o.s.b.f.s.DefaultListableBeanFactory - Creating shared instance of singleton bean 'pageableResolver'
2026-02-09 13:30:43 - DEBUG - o.s.b.f.s.DefaultListableBeanFactory - Creating shared instance of singleton bean 'pageableCustomizer'
2026-02-09 13:30:43 - DEBUG - sun.rmi.transport.tcp - RMI TCP Connection(2)-127.0.0.1: (port 61316) op = 82
2026-02-09 13:30:43 - DEBUG - sun.rmi.transport.tcp - RMI TCP Connection(2)-127.0.0.1: (port 61316) op = 80
2026-02-09 13:30:43 - DEBUG - sun.rmi.loader - RMI TCP Connection(2)-127.0.0.1: name = "javax.management.ObjectName", codebase = ""
2026-02-09 13:30:43 - DEBUG - javax.management.remote.rmi - connectionId=rmi://127.0.0.1  1, name=org.springframework.boot:type=Admin,name=SpringApplication, attribute=Ready
2026-02-09 13:30:43 - DEBUG - sun.rmi.server.call - RMI TCP Connection(2)-127.0.0.1: [127.0.0.1] exception: 
javax.management.InstanceNotFoundException: org.springframework.boot:type=Admin,name=SpringApplication
	at java.management/com.sun.jmx.interceptor.DefaultMBeanServerInterceptor.getMBean(DefaultMBeanServerInterceptor.java:1088)
	at java.management/com.sun.jmx.interceptor.DefaultMBeanServerInterceptor.getAttribute(DefaultMBeanServerInterceptor.java:640)
	at java.management/com.sun.jmx.mbeanserver.JmxMBeanServer.getAttribute(JmxMBeanServer.java:679)
	at java.management.rmi/javax.management.remote.rmi.RMIConnectionImpl.doOperation(RMIConnectionImpl.java:1449)
	at java.management.rmi/javax.management.remote.rmi.RMIConnectionImpl$PrivilegedOperation.run(RMIConnectionImpl.java:1310)
	at java.management.rmi/javax.management.remote.rmi.RMIConnectionImpl.doPrivilegedOperation(RMIConnectionImpl.java:1405)
	at java.management.rmi/javax.management.remote.rmi.RMIConnectionImpl.getAttribute(RMIConnectionImpl.java:639)
	at java.base/jdk.internal.reflect.GeneratedMethodAccessor11.invoke(Unknown Source)
	at java.base/jdk.internal.reflect.DelegatingMethodAccessorImpl.invoke(DelegatingMethodAccessorImpl.java:43)
	at java.base/java.lang.reflect.Method.invoke(Method.java:568)
	at java.rmi/sun.rmi.server.UnicastServerRef.dispatch(UnicastServerRef.java:360)
	at java.rmi/sun.rmi.transport.Transport$1.run(Transport.java:200)
	at java.rmi/sun.rmi.transport.Transport$1.run(Transport.java:197)
	at java.base/java.security.AccessController.doPrivileged(AccessController.java:712)
	at java.rmi/sun.rmi.transport.Transport.serviceCall(Transport.java:196)
	at java.rmi/sun.rmi.transport.tcp.TCPTransport.handleMessages(TCPTransport.java:587)
	at java.rmi/sun.rmi.transport.tcp.TCPTransport$ConnectionHandler.run0(TCPTransport.java:828)
	at java.rmi/sun.rmi.transport.tcp.TCPTransport$ConnectionHandler.lambda$run$0(TCPTransport.java:705)
	at java.base/java.security.AccessController.doPrivileged(AccessController.java:399)
	at java.rmi/sun.rmi.transport.tcp.TCPTransport$ConnectionHandler.run(TCPTransport.java:704)
	at java.base/java.util.concurrent.ThreadPoolExecutor.runWorker(ThreadPoolExecutor.java:1136)
	at java.base/java.util.concurrent.ThreadPoolExecutor$Worker.run(ThreadPoolExecutor.java:635)
	at java.base/java.lang.Thread.run(Thread.java:842)
2026-02-09 13:30:43 - DEBUG - o.s.w.s.m.m.a.RequestMappingHandlerAdapter - ControllerAdvice beans: 0 @ModelAttribute, 0 @InitBinder, 1 RequestBodyAdvice, 1 ResponseBodyAdvice
2026-02-09 13:30:43 - DEBUG - o.s.b.f.s.DefaultListableBeanFactory - Creating shared instance of singleton bean 'mvcViewResolver'
2026-02-09 13:30:43 - DEBUG - o.s.b.f.s.DefaultListableBeanFactory - Autowiring by type from bean name 'mvcViewResolver' via factory method to bean named 'mvcContentNegotiationManager'
2026-02-09 13:30:43 - DEBUG - o.s.b.f.s.DefaultListableBeanFactory - Creating shared instance of singleton bean 'defaultViewResolver'
2026-02-09 13:30:43 - DEBUG - o.s.b.f.s.DefaultListableBeanFactory - Creating shared instance of singleton bean 'viewResolver'
2026-02-09 13:30:43 - DEBUG - o.s.b.f.s.DefaultListableBeanFactory - Autowiring by type from bean name 'viewResolver' via factory method to bean named 'org.springframework.beans.factory.support.DefaultListableBeanFactory@2a1ffe15'
2026-02-09 13:30:43 - DEBUG - o.s.b.f.s.DefaultListableBeanFactory - Creating shared instance of singleton bean 'viewResolver'
2026-02-09 13:30:43 - DEBUG - o.s.b.f.s.DefaultListableBeanFactory - Creating shared instance of singleton bean 'handlerFunctionAdapter'
2026-02-09 13:30:43 - DEBUG - o.s.b.f.s.DefaultListableBeanFactory - Creating shared instance of singleton bean 'mvcUriComponentsContributor'
2026-02-09 13:30:43 - DEBUG - o.s.b.f.s.DefaultListableBeanFactory - Autowiring by type from bean name 'mvcUriComponentsContributor' via factory method to bean named 'mvcConversionService'
2026-02-09 13:30:43 - DEBUG - o.s.b.f.s.DefaultListableBeanFactory - Autowiring by type from bean name 'mvcUriComponentsContributor' via factory method to bean named 'requestMappingHandlerAdapter'
2026-02-09 13:30:43 - DEBUG - o.s.b.f.s.DefaultListableBeanFactory - Creating shared instance of singleton bean 'httpRequestHandlerAdapter'
2026-02-09 13:30:43 - DEBUG - o.s.b.f.s.DefaultListableBeanFactory - Creating shared instance of singleton bean 'simpleControllerHandlerAdapter'
2026-02-09 13:30:43 - DEBUG - o.s.b.f.s.DefaultListableBeanFactory - Creating shared instance of singleton bean 'handlerExceptionResolver'
2026-02-09 13:30:43 - DEBUG - o.s.b.f.s.DefaultListableBeanFactory - Autowiring by type from bean name 'handlerExceptionResolver' via factory method to bean named 'mvcContentNegotiationManager'
2026-02-09 13:30:43 - DEBUG - o.s.w.s.m.m.a.ExceptionHandlerExceptionResolver - ControllerAdvice beans: 1 @ExceptionHandler, 1 ResponseBodyAdvice
2026-02-09 13:30:43 - DEBUG - o.s.b.f.s.DefaultListableBeanFactory - Creating shared instance of singleton bean 'org.springframework.boot.autoconfigure.jmx.JmxAutoConfiguration'
2026-02-09 13:30:43 - DEBUG - o.s.b.f.s.DefaultListableBeanFactory - Creating shared instance of singleton bean 'spring.jmx-org.springframework.boot.autoconfigure.jmx.JmxProperties'
2026-02-09 13:30:43 - DEBUG - o.s.b.f.s.DefaultListableBeanFactory - Autowiring by type from bean name 'org.springframework.boot.autoconfigure.jmx.JmxAutoConfiguration' via constructor to bean named 'spring.jmx-org.springframework.boot.autoconfigure.jmx.JmxProperties'
2026-02-09 13:30:43 - DEBUG - o.s.b.f.s.DefaultListableBeanFactory - Creating shared instance of singleton bean 'mbeanExporter'
2026-02-09 13:30:43 - DEBUG - o.s.b.f.s.DefaultListableBeanFactory - Creating shared instance of singleton bean 'objectNamingStrategy'
2026-02-09 13:30:43 - DEBUG - o.s.b.f.s.DefaultListableBeanFactory - Autowiring by type from bean name 'mbeanExporter' via factory method to bean named 'objectNamingStrategy'
2026-02-09 13:30:43 - DEBUG - o.s.b.f.s.DefaultListableBeanFactory - Autowiring by type from bean name 'mbeanExporter' via factory method to bean named 'org.springframework.beans.factory.support.DefaultListableBeanFactory@2a1ffe15'
2026-02-09 13:30:43 - DEBUG - o.s.b.f.s.DefaultListableBeanFactory - Creating shared instance of singleton bean 'mbeanServer'
2026-02-09 13:30:43 - DEBUG - o.s.jmx.support.JmxUtils - Found MBeanServer: com.sun.jmx.mbeanserver.JmxMBeanServer@27ddd392
2026-02-09 13:30:43 - DEBUG - o.s.b.f.s.DefaultListableBeanFactory - Creating shared instance of singleton bean 'org.springframework.boot.autoconfigure.admin.SpringApplicationAdminJmxAutoConfiguration'
2026-02-09 13:30:43 - DEBUG - o.s.b.f.s.DefaultListableBeanFactory - Creating shared instance of singleton bean 'springApplicationAdminRegistrar'
2026-02-09 13:30:43 - DEBUG - o.s.b.f.s.DefaultListableBeanFactory - Autowiring by type from bean name 'springApplicationAdminRegistrar' via factory method to bean named 'environment'
2026-02-09 13:30:43 - DEBUG - o.s.b.a.SpringApplicationAdminMXBeanRegistrar$SpringApplicationAdmin - Application Admin MBean registered with name 'org.springframework.boot:type=Admin,name=SpringApplication'
2026-02-09 13:30:43 - DEBUG - o.s.b.f.s.DefaultListableBeanFactory - Creating shared instance of singleton bean 'org.springframework.boot.autoconfigure.aop.AopAutoConfiguration$AspectJAutoProxyingConfiguration$CglibAutoProxyConfiguration'
2026-02-09 13:30:43 - DEBUG - o.s.b.f.s.DefaultListableBeanFactory - Creating shared instance of singleton bean 'org.springframework.boot.autoconfigure.aop.AopAutoConfiguration$AspectJAutoProxyingConfiguration'
2026-02-09 13:30:43 - DEBUG - o.s.b.f.s.DefaultListableBeanFactory - Creating shared instance of singleton bean 'org.springframework.boot.autoconfigure.aop.AopAutoConfiguration'
2026-02-09 13:30:43 - DEBUG - o.s.b.f.s.DefaultListableBeanFactory - Creating shared instance of singleton bean 'org.springframework.boot.autoconfigure.availability.ApplicationAvailabilityAutoConfiguration'
2026-02-09 13:30:43 - DEBUG - o.s.b.f.s.DefaultListableBeanFactory - Creating shared instance of singleton bean 'applicationAvailability'
2026-02-09 13:30:43 - DEBUG - o.s.b.f.s.DefaultListableBeanFactory - Creating shared instance of singleton bean 'org.springframework.boot.autoconfigure.transaction.jta.JtaAutoConfiguration'
2026-02-09 13:30:43 - DEBUG - o.s.b.f.s.DefaultListableBeanFactory - Creating shared instance of singleton bean 'org.springframework.boot.autoconfigure.jdbc.DataSourceJmxConfiguration$Hikari'
2026-02-09 13:30:43 - DEBUG - o.s.b.f.s.DefaultListableBeanFactory - Autowiring by type from bean name 'org.springframework.boot.autoconfigure.jdbc.DataSourceJmxConfiguration$Hikari' via constructor to bean named 'dataSource'
2026-02-09 13:30:43 - DEBUG - o.s.b.f.s.DefaultListableBeanFactory - Creating shared instance of singleton bean 'org.springframework.boot.autoconfigure.jdbc.DataSourceJmxConfiguration'
2026-02-09 13:30:43 - DEBUG - o.s.b.f.s.DefaultListableBeanFactory - Creating shared instance of singleton bean 'org.springframework.boot.autoconfigure.jdbc.metadata.DataSourcePoolMetadataProvidersConfiguration'
2026-02-09 13:30:43 - DEBUG - o.s.b.f.s.DefaultListableBeanFactory - Creating shared instance of singleton bean 'org.springframework.boot.autoconfigure.jdbc.DataSourceAutoConfiguration'
2026-02-09 13:30:43 - DEBUG - o.s.b.f.s.DefaultListableBeanFactory - Creating shared instance of singleton bean 'org.springframework.boot.autoconfigure.transaction.TransactionManagerCustomizationAutoConfiguration'
2026-02-09 13:30:43 - DEBUG - o.s.b.f.s.DefaultListableBeanFactory - Creating shared instance of singleton bean 'platformTransactionManagerCustomizers'
2026-02-09 13:30:43 - DEBUG - o.s.b.f.s.DefaultListableBeanFactory - Creating shared instance of singleton bean 'transactionExecutionListeners'
2026-02-09 13:30:43 - DEBUG - o.s.b.f.s.DefaultListableBeanFactory - Creating shared instance of singleton bean 'spring.transaction-org.springframework.boot.autoconfigure.transaction.TransactionProperties'
2026-02-09 13:30:43 - DEBUG - o.s.b.f.s.DefaultListableBeanFactory - Creating shared instance of singleton bean 'org.springframework.boot.autoconfigure.orm.jpa.JpaBaseConfiguration$PersistenceManagedTypesConfiguration'
2026-02-09 13:30:43 - DEBUG - o.s.b.f.s.DefaultListableBeanFactory - Creating shared instance of singleton bean 'transactionManager'
2026-02-09 13:30:43 - DEBUG - o.s.b.f.s.DefaultListableBeanFactory - Creating shared instance of singleton bean 'org.springframework.boot.autoconfigure.orm.jpa.HibernateJpaAutoConfiguration'
2026-02-09 13:30:43 - DEBUG - o.s.b.f.s.DefaultListableBeanFactory - Creating shared instance of singleton bean 'org.springframework.boot.autoconfigure.context.ConfigurationPropertiesAutoConfiguration'
2026-02-09 13:30:43 - DEBUG - o.s.b.f.s.DefaultListableBeanFactory - Creating shared instance of singleton bean 'org.springframework.boot.autoconfigure.context.LifecycleAutoConfiguration'
2026-02-09 13:30:43 - DEBUG - o.s.b.f.s.DefaultListableBeanFactory - Creating shared instance of singleton bean 'lifecycleProcessor'
2026-02-09 13:30:43 - DEBUG - o.s.b.f.s.DefaultListableBeanFactory - Creating shared instance of singleton bean 'spring.lifecycle-org.springframework.boot.autoconfigure.context.LifecycleProperties'
2026-02-09 13:30:43 - DEBUG - o.s.b.f.s.DefaultListableBeanFactory - Autowiring by type from bean name 'lifecycleProcessor' via factory method to bean named 'spring.lifecycle-org.springframework.boot.autoconfigure.context.LifecycleProperties'
2026-02-09 13:30:43 - DEBUG - o.s.b.f.s.DefaultListableBeanFactory - Creating shared instance of singleton bean 'org.springframework.boot.autoconfigure.dao.PersistenceExceptionTranslationAutoConfiguration'
2026-02-09 13:30:43 - DEBUG - o.s.b.f.s.DefaultListableBeanFactory - Creating shared instance of singleton bean 'org.springframework.boot.autoconfigure.data.jpa.JpaRepositoriesAutoConfiguration'
2026-02-09 13:30:43 - DEBUG - o.s.b.f.s.DefaultListableBeanFactory - Creating shared instance of singleton bean 'eagerJpaMetamodelCacheCleanup'
2026-02-09 13:30:43 - DEBUG - o.s.b.f.s.DefaultListableBeanFactory - Creating shared instance of singleton bean 'jpaSharedEM_entityManagerFactory'
2026-02-09 13:30:43 - DEBUG - o.s.b.f.s.DefaultListableBeanFactory - Creating shared instance of singleton bean 'org.springframework.data.jpa.util.JpaMetamodelCacheCleanup'
2026-02-09 13:30:43 - DEBUG - o.s.b.f.s.DefaultListableBeanFactory - Creating shared instance of singleton bean 'org.springframework.data.jpa.repository.support.JpaEvaluationContextExtension'
2026-02-09 13:30:43 - DEBUG - o.s.b.f.s.DefaultListableBeanFactory - Creating shared instance of singleton bean 'data-jpa.repository-aot-processor#0'
2026-02-09 13:30:43 - DEBUG - o.s.b.f.s.DefaultListableBeanFactory - Creating shared instance of singleton bean 'org.springframework.boot.autoconfigure.http.JacksonHttpMessageConvertersConfiguration'
2026-02-09 13:30:43 - DEBUG - o.s.b.f.s.DefaultListableBeanFactory - Creating shared instance of singleton bean 'org.springframework.data.web.config.ProjectingArgumentResolverRegistrar'
2026-02-09 13:30:43 - DEBUG - o.s.b.f.s.DefaultListableBeanFactory - Creating shared instance of singleton bean 'offsetResolver'
2026-02-09 13:30:43 - DEBUG - o.s.b.f.s.DefaultListableBeanFactory - Creating shared instance of singleton bean 'org.springframework.boot.autoconfigure.http.client.HttpClientAutoConfiguration'
2026-02-09 13:30:43 - DEBUG - o.s.b.f.s.DefaultListableBeanFactory - Creating shared instance of singleton bean 'spring.http.client-org.springframework.boot.autoconfigure.http.client.HttpClientProperties'
2026-02-09 13:30:43 - DEBUG - o.s.b.f.s.DefaultListableBeanFactory - Autowiring by type from bean name 'org.springframework.boot.autoconfigure.http.client.HttpClientAutoConfiguration' via constructor to bean named 'spring.http.client-org.springframework.boot.autoconfigure.http.client.HttpClientProperties'
2026-02-09 13:30:43 - DEBUG - o.s.b.f.s.DefaultListableBeanFactory - Creating shared instance of singleton bean 'clientHttpRequestFactoryBuilder'
2026-02-09 13:30:43 - DEBUG - o.s.b.f.s.DefaultListableBeanFactory - Creating shared instance of singleton bean 'clientHttpRequestFactorySettings'
2026-02-09 13:30:43 - DEBUG - o.s.b.f.s.DefaultListableBeanFactory - Creating shared instance of singleton bean 'org.springframework.boot.autoconfigure.info.ProjectInfoAutoConfiguration'
2026-02-09 13:30:43 - DEBUG - o.s.b.f.s.DefaultListableBeanFactory - Creating shared instance of singleton bean 'spring.info-org.springframework.boot.autoconfigure.info.ProjectInfoProperties'
2026-02-09 13:30:43 - DEBUG - o.s.b.f.s.DefaultListableBeanFactory - Autowiring by type from bean name 'org.springframework.boot.autoconfigure.info.ProjectInfoAutoConfiguration' via constructor to bean named 'spring.info-org.springframework.boot.autoconfigure.info.ProjectInfoProperties'
2026-02-09 13:30:43 - DEBUG - o.s.b.f.s.DefaultListableBeanFactory - Creating shared instance of singleton bean 'org.springframework.boot.autoconfigure.jdbc.JdbcTemplateConfiguration'
2026-02-09 13:30:43 - DEBUG - o.s.b.f.s.DefaultListableBeanFactory - Creating shared instance of singleton bean 'jdbcTemplate'
2026-02-09 13:30:43 - DEBUG - o.s.b.f.s.DefaultListableBeanFactory - Creating shared instance of singleton bean 'spring.jdbc-org.springframework.boot.autoconfigure.jdbc.JdbcProperties'
2026-02-09 13:30:43 - DEBUG - o.s.b.f.s.DefaultListableBeanFactory - Autowiring by type from bean name 'jdbcTemplate' via factory method to bean named 'dataSource'
2026-02-09 13:30:43 - DEBUG - o.s.b.f.s.DefaultListableBeanFactory - Autowiring by type from bean name 'jdbcTemplate' via factory method to bean named 'spring.jdbc-org.springframework.boot.autoconfigure.jdbc.JdbcProperties'
2026-02-09 13:30:43 - DEBUG - o.s.b.f.s.DefaultListableBeanFactory - Creating shared instance of singleton bean 'org.springframework.boot.autoconfigure.jdbc.NamedParameterJdbcTemplateConfiguration'
2026-02-09 13:30:43 - DEBUG - o.s.b.f.s.DefaultListableBeanFactory - Creating shared instance of singleton bean 'namedParameterJdbcTemplate'
2026-02-09 13:30:43 - DEBUG - o.s.b.f.s.DefaultListableBeanFactory - Autowiring by type from bean name 'namedParameterJdbcTemplate' via factory method to bean named 'jdbcTemplate'
2026-02-09 13:30:43 - DEBUG - o.s.b.f.s.DefaultListableBeanFactory - Creating shared instance of singleton bean 'org.springframework.boot.autoconfigure.jdbc.JdbcTemplateAutoConfiguration'
2026-02-09 13:30:43 - DEBUG - o.s.b.f.s.DefaultListableBeanFactory - Creating shared instance of singleton bean 'org.springframework.boot.autoconfigure.jdbc.JdbcClientAutoConfiguration'
2026-02-09 13:30:43 - DEBUG - o.s.b.f.s.DefaultListableBeanFactory - Creating shared instance of singleton bean 'jdbcClient'
2026-02-09 13:30:43 - DEBUG - o.s.b.f.s.DefaultListableBeanFactory - Autowiring by type from bean name 'jdbcClient' via factory method to bean named 'namedParameterJdbcTemplate'
2026-02-09 13:30:43 - DEBUG - o.s.b.f.s.DefaultListableBeanFactory - Creating shared instance of singleton bean 'org.springframework.security.config.annotation.configuration.ObjectPostProcessorConfiguration'
2026-02-09 13:30:43 - DEBUG - o.s.b.f.s.DefaultListableBeanFactory - Creating shared instance of singleton bean 'objectPostProcessor'
2026-02-09 13:30:43 - DEBUG - o.s.b.f.s.DefaultListableBeanFactory - Autowiring by type from bean name 'objectPostProcessor' via factory method to bean named 'org.springframework.beans.factory.support.DefaultListableBeanFactory@2a1ffe15'
2026-02-09 13:30:43 - DEBUG - o.s.b.f.s.DefaultListableBeanFactory - Creating shared instance of singleton bean 'org.springframework.security.config.annotation.authentication.configuration.AuthenticationConfiguration'
2026-02-09 13:30:43 - DEBUG - o.s.b.f.s.DefaultListableBeanFactory - Creating shared instance of singleton bean 'enableGlobalAuthenticationAutowiredConfigurer'
2026-02-09 13:30:43 - DEBUG - o.s.b.f.s.DefaultListableBeanFactory - Autowiring by type from bean name 'enableGlobalAuthenticationAutowiredConfigurer' via factory method to bean named 'org.springframework.boot.web.servlet.context.AnnotationConfigServletWebServerApplicationContext@4ca55f3f'
2026-02-09 13:30:43 - DEBUG - o.s.b.f.s.DefaultListableBeanFactory - Creating shared instance of singleton bean 'initializeUserDetailsBeanManagerConfigurer'
2026-02-09 13:30:43 - DEBUG - o.s.b.f.s.DefaultListableBeanFactory - Autowiring by type from bean name 'initializeUserDetailsBeanManagerConfigurer' via factory method to bean named 'org.springframework.boot.web.servlet.context.AnnotationConfigServletWebServerApplicationContext@4ca55f3f'
2026-02-09 13:30:43 - DEBUG - o.s.b.f.s.DefaultListableBeanFactory - Creating shared instance of singleton bean 'initializeAuthenticationProviderBeanManagerConfigurer'
2026-02-09 13:30:43 - DEBUG - o.s.b.f.s.DefaultListableBeanFactory - Autowiring by type from bean name 'initializeAuthenticationProviderBeanManagerConfigurer' via factory method to bean named 'org.springframework.boot.web.servlet.context.AnnotationConfigServletWebServerApplicationContext@4ca55f3f'
2026-02-09 13:30:43 - DEBUG - o.s.b.f.s.DefaultListableBeanFactory - Creating shared instance of singleton bean 'authenticationManagerBuilder'
2026-02-09 13:30:43 - DEBUG - o.s.b.f.s.DefaultListableBeanFactory - Autowiring by type from bean name 'authenticationManagerBuilder' via factory method to bean named 'objectPostProcessor'
2026-02-09 13:30:43 - DEBUG - o.s.b.f.s.DefaultListableBeanFactory - Autowiring by type from bean name 'authenticationManagerBuilder' via factory method to bean named 'org.springframework.boot.web.servlet.context.AnnotationConfigServletWebServerApplicationContext@4ca55f3f'
2026-02-09 13:30:43 - DEBUG - o.s.b.f.s.DefaultListableBeanFactory - Creating shared instance of singleton bean 'authenticationEventPublisher'
2026-02-09 13:30:43 - DEBUG - o.s.b.f.s.DefaultListableBeanFactory - Creating shared instance of singleton bean 'org.springframework.boot.autoconfigure.security.servlet.SecurityAutoConfiguration'
2026-02-09 13:30:43 - DEBUG - o.s.b.f.s.DefaultListableBeanFactory - Autowiring by type from bean name 'authenticationEventPublisher' via factory method to bean named 'org.springframework.boot.web.servlet.context.AnnotationConfigServletWebServerApplicationContext@4ca55f3f'
2026-02-09 13:30:43 - DEBUG - o.s.b.f.s.DefaultListableBeanFactory - Creating shared instance of singleton bean 'org.springframework.security.config.annotation.web.configuration.WebSecurityConfiguration'
2026-02-09 13:30:43 - DEBUG - o.s.b.f.s.DefaultListableBeanFactory - Creating shared instance of singleton bean 'filterChainDecoratorPostProcessor'
2026-02-09 13:30:43 - DEBUG - o.s.b.f.s.DefaultListableBeanFactory - Creating shared instance of singleton bean 'mvcHandlerMappingIntrospectorRequestTransformer'
2026-02-09 13:30:43 - DEBUG - o.s.b.f.s.DefaultListableBeanFactory - Creating shared instance of singleton bean 'mvcHandlerMappingIntrospector'
2026-02-09 13:30:43 - DEBUG - o.s.b.f.s.DefaultListableBeanFactory - Creating shared instance of singleton bean 'defaultSecurityFilterChain'
2026-02-09 13:30:43 - DEBUG - o.s.b.f.s.DefaultListableBeanFactory - Creating shared instance of singleton bean 'org.springframework.boot.autoconfigure.security.servlet.SpringBootWebSecurityConfiguration$SecurityFilterChainConfiguration'
2026-02-09 13:30:43 - DEBUG - o.s.b.f.s.DefaultListableBeanFactory - Creating shared instance of singleton bean 'org.springframework.security.config.annotation.web.configuration.HttpSecurityConfiguration'
2026-02-09 13:30:43 - DEBUG - o.s.b.f.s.DefaultListableBeanFactory - Creating shared instance of singleton bean 'org.springframework.boot.autoconfigure.security.servlet.SpringBootWebSecurityConfiguration$WebSecurityEnablerConfiguration'
2026-02-09 13:30:43 - DEBUG - o.s.b.f.s.DefaultListableBeanFactory - Creating shared instance of singleton bean 'inMemoryUserDetailsManager'
2026-02-09 13:30:43 - DEBUG - o.s.b.f.s.DefaultListableBeanFactory - Creating shared instance of singleton bean 'org.springframework.boot.autoconfigure.security.servlet.UserDetailsServiceAutoConfiguration'
2026-02-09 13:30:43 - DEBUG - o.s.b.f.s.DefaultListableBeanFactory - Autowiring by type from bean name 'inMemoryUserDetailsManager' via factory method to bean named 'spring.security-org.springframework.boot.autoconfigure.security.SecurityProperties'
2026-02-09 13:30:43 - DEBUG - sun.rmi.transport.tcp - RMI TCP Connection(2)-127.0.0.1: (port 61316) op = 82
2026-02-09 13:30:43 - DEBUG - sun.rmi.transport.tcp - RMI TCP Connection(2)-127.0.0.1: (port 61316) op = 80
2026-02-09 13:30:43 - DEBUG - sun.rmi.loader - RMI TCP Connection(2)-127.0.0.1: name = "javax.management.ObjectName", codebase = ""
2026-02-09 13:30:43 - DEBUG - javax.management.remote.rmi - connectionId=rmi://127.0.0.1  1, name=org.springframework.boot:type=Admin,name=SpringApplication, attribute=Ready
2026-02-09 13:30:43 - WARN - o.s.b.a.s.s.UserDetailsServiceAutoConfiguration - 

Using generated security password: 9773a111-2f0c-44e1-a853-22e339987f0a

This generated password is for development use only. Your security configuration must be updated before running your application in production.

2026-02-09 13:30:43 - INFO - o.s.s.c.a.a.c.InitializeUserDetailsBeanManagerConfigurer$InitializeUserDetailsManagerConfigurer - Global AuthenticationManager configured with UserDetailsService bean with name inMemoryUserDetailsManager
2026-02-09 13:30:43 - DEBUG - o.s.b.f.s.DefaultListableBeanFactory - Autowiring by type from bean name 'defaultSecurityFilterChain' via factory method to bean named 'org.springframework.security.config.annotation.web.configuration.HttpSecurityConfiguration.httpSecurity'
2026-02-09 13:30:43 - DEBUG - o.s.b.f.s.DefaultListableBeanFactory - Creating shared instance of singleton bean 'webAuthorizationManagerPostProcessor'
2026-02-09 13:30:43 - DEBUG - o.s.b.f.s.DefaultListableBeanFactory - Creating shared instance of singleton bean 'authenticationManagerPostProcessor'
2026-02-09 13:30:43 - DEBUG - o.s.s.web.DefaultSecurityFilterChain - Will secure any request with filters: DisableEncodeUrlFilter, WebAsyncManagerIntegrationFilter, SecurityContextHolderFilter, HeaderWriterFilter, CsrfFilter, LogoutFilter, UsernamePasswordAuthenticationFilter, DefaultResourcesFilter, DefaultLoginPageGeneratingFilter, DefaultLogoutPageGeneratingFilter, BasicAuthenticationFilter, RequestCacheAwareFilter, SecurityContextHolderAwareRequestFilter, AnonymousAuthenticationFilter, ExceptionTranslationFilter, AuthorizationFilter
2026-02-09 13:30:43 - DEBUG - o.s.b.f.s.DefaultListableBeanFactory - Creating shared instance of singleton bean 'delegatingApplicationListener'
2026-02-09 13:30:43 - DEBUG - o.s.b.f.s.DefaultListableBeanFactory - Creating shared instance of singleton bean 'springSecurityFilterChain'
2026-02-09 13:30:43 - DEBUG - o.s.b.f.s.DefaultListableBeanFactory - Creating shared instance of singleton bean 'webSecurityExpressionHandler'
2026-02-09 13:30:43 - DEBUG - o.s.b.f.s.DefaultListableBeanFactory - Creating shared instance of singleton bean 'privilegeEvaluator'
2026-02-09 13:30:43 - DEBUG - o.s.b.f.s.DefaultListableBeanFactory - Creating shared instance of singleton bean 'requestDataValueProcessor'
2026-02-09 13:30:43 - DEBUG - o.s.b.f.s.DefaultListableBeanFactory - Creating shared instance of singleton bean 'org.springframework.security.config.annotation.web.configuration.ObservationConfiguration'
2026-02-09 13:30:43 - DEBUG - o.s.b.f.s.DefaultListableBeanFactory - Creating shared instance of singleton bean 'org.springframework.boot.autoconfigure.security.servlet.SpringBootWebSecurityConfiguration'
2026-02-09 13:30:44 - DEBUG - o.s.b.f.s.DefaultListableBeanFactory - Creating shared instance of singleton bean 'org.springframework.boot.autoconfigure.sql.init.SqlInitializationAutoConfiguration'
2026-02-09 13:30:44 - DEBUG - o.s.b.f.s.DefaultListableBeanFactory - Creating shared instance of singleton bean 'org.springframework.boot.autoconfigure.task.TaskSchedulingConfigurations$ThreadPoolTaskSchedulerBuilderConfiguration'
2026-02-09 13:30:44 - DEBUG - o.s.b.f.s.DefaultListableBeanFactory - Creating shared instance of singleton bean 'threadPoolTaskSchedulerBuilder'
2026-02-09 13:30:44 - DEBUG - o.s.b.f.s.DefaultListableBeanFactory - Creating shared instance of singleton bean 'spring.task.scheduling-org.springframework.boot.autoconfigure.task.TaskSchedulingProperties'
2026-02-09 13:30:44 - DEBUG - o.s.b.f.s.DefaultListableBeanFactory - Autowiring by type from bean name 'threadPoolTaskSchedulerBuilder' via factory method to bean named 'spring.task.scheduling-org.springframework.boot.autoconfigure.task.TaskSchedulingProperties'
2026-02-09 13:30:44 - DEBUG - o.s.b.f.s.DefaultListableBeanFactory - Creating shared instance of singleton bean 'org.springframework.boot.autoconfigure.task.TaskSchedulingConfigurations$SimpleAsyncTaskSchedulerBuilderConfiguration'
2026-02-09 13:30:44 - DEBUG - o.s.b.f.s.DefaultListableBeanFactory - Autowiring by type from bean name 'org.springframework.boot.autoconfigure.task.TaskSchedulingConfigurations$SimpleAsyncTaskSchedulerBuilderConfiguration' via constructor to bean named 'spring.task.scheduling-org.springframework.boot.autoconfigure.task.TaskSchedulingProperties'
2026-02-09 13:30:44 - DEBUG - o.s.b.f.s.DefaultListableBeanFactory - Creating shared instance of singleton bean 'simpleAsyncTaskSchedulerBuilder'
2026-02-09 13:30:44 - DEBUG - o.s.b.f.s.DefaultListableBeanFactory - Creating shared instance of singleton bean 'org.springframework.boot.autoconfigure.task.TaskSchedulingAutoConfiguration'
2026-02-09 13:30:44 - DEBUG - o.s.b.f.s.DefaultListableBeanFactory - Creating shared instance of singleton bean 'org.springframework.boot.autoconfigure.jdbc.DataSourceTransactionManagerAutoConfiguration$JdbcTransactionManagerConfiguration'
2026-02-09 13:30:44 - DEBUG - o.s.b.f.s.DefaultListableBeanFactory - Creating shared instance of singleton bean 'org.springframework.boot.autoconfigure.jdbc.DataSourceTransactionManagerAutoConfiguration'
2026-02-09 13:30:44 - DEBUG - o.s.b.f.s.DefaultListableBeanFactory - Creating shared instance of singleton bean 'org.springframework.boot.autoconfigure.transaction.TransactionAutoConfiguration$EnableTransactionManagementConfiguration$CglibAutoProxyConfiguration'
2026-02-09 13:30:44 - DEBUG - o.s.b.f.s.DefaultListableBeanFactory - Creating shared instance of singleton bean 'org.springframework.boot.autoconfigure.transaction.TransactionAutoConfiguration$EnableTransactionManagementConfiguration'
2026-02-09 13:30:44 - DEBUG - o.s.b.f.s.DefaultListableBeanFactory - Creating shared instance of singleton bean 'org.springframework.boot.autoconfigure.transaction.TransactionAutoConfiguration$TransactionTemplateConfiguration'
2026-02-09 13:30:44 - DEBUG - o.s.b.f.s.DefaultListableBeanFactory - Creating shared instance of singleton bean 'transactionTemplate'
2026-02-09 13:30:44 - DEBUG - o.s.b.f.s.DefaultListableBeanFactory - Autowiring by type from bean name 'transactionTemplate' via factory method to bean named 'transactionManager'
2026-02-09 13:30:44 - DEBUG - o.s.b.f.s.DefaultListableBeanFactory - Creating shared instance of singleton bean 'org.springframework.boot.autoconfigure.transaction.TransactionAutoConfiguration'
2026-02-09 13:30:44 - DEBUG - o.s.b.f.s.DefaultListableBeanFactory - Creating shared instance of singleton bean 'org.springframework.boot.autoconfigure.web.client.RestClientAutoConfiguration'
2026-02-09 13:30:44 - DEBUG - o.s.b.f.s.DefaultListableBeanFactory - Creating shared instance of singleton bean 'httpMessageConvertersRestClientCustomizer'
2026-02-09 13:30:44 - DEBUG - o.s.b.f.s.DefaultListableBeanFactory - Creating shared instance of singleton bean 'restClientSsl'
2026-02-09 13:30:44 - DEBUG - o.s.b.f.s.DefaultListableBeanFactory - Autowiring by type from bean name 'restClientSsl' via factory method to bean named 'sslBundleRegistry'
2026-02-09 13:30:44 - DEBUG - o.s.b.f.s.DefaultListableBeanFactory - Creating shared instance of singleton bean 'restClientBuilderConfigurer'
2026-02-09 13:30:44 - DEBUG - o.s.b.f.s.DefaultListableBeanFactory - Creating shared instance of singleton bean 'org.springframework.boot.autoconfigure.web.client.RestTemplateAutoConfiguration'
2026-02-09 13:30:44 - DEBUG - o.s.b.f.s.DefaultListableBeanFactory - Creating shared instance of singleton bean 'org.springframework.boot.autoconfigure.web.embedded.EmbeddedWebServerFactoryCustomizerAutoConfiguration'
2026-02-09 13:30:44 - DEBUG - o.s.b.f.s.DefaultListableBeanFactory - Creating shared instance of singleton bean 'multipartResolver'
2026-02-09 13:30:44 - DEBUG - o.s.b.f.s.DefaultListableBeanFactory - Creating shared instance of singleton bean 'org.springframework.boot.devtools.autoconfigure.LocalDevToolsAutoConfiguration$RestartConfiguration'
2026-02-09 13:30:44 - DEBUG - o.s.b.f.s.DefaultListableBeanFactory - Creating shared instance of singleton bean 'spring.devtools-org.springframework.boot.devtools.autoconfigure.DevToolsProperties'
2026-02-09 13:30:44 - DEBUG - o.s.b.f.s.DefaultListableBeanFactory - Autowiring by type from bean name 'org.springframework.boot.devtools.autoconfigure.LocalDevToolsAutoConfiguration$RestartConfiguration' via constructor to bean named 'spring.devtools-org.springframework.boot.devtools.autoconfigure.DevToolsProperties'
2026-02-09 13:30:44 - DEBUG - o.s.b.f.s.DefaultListableBeanFactory - Creating shared instance of singleton bean 'restartingClassPathChangedEventListener'
2026-02-09 13:30:44 - DEBUG - o.s.b.f.s.DefaultListableBeanFactory - Creating shared instance of singleton bean 'fileSystemWatcherFactory'
2026-02-09 13:30:44 - DEBUG - o.s.b.f.s.DefaultListableBeanFactory - Autowiring by type from bean name 'restartingClassPathChangedEventListener' via factory method to bean named 'fileSystemWatcherFactory'
2026-02-09 13:30:44 - DEBUG - o.s.b.f.s.DefaultListableBeanFactory - Creating shared instance of singleton bean 'classPathFileSystemWatcher'
2026-02-09 13:30:44 - DEBUG - o.s.b.f.s.DefaultListableBeanFactory - Creating shared instance of singleton bean 'classPathRestartStrategy'
2026-02-09 13:30:44 - DEBUG - o.s.b.f.s.DefaultListableBeanFactory - Autowiring by type from bean name 'classPathFileSystemWatcher' via factory method to bean named 'fileSystemWatcherFactory'
2026-02-09 13:30:44 - DEBUG - o.s.b.f.s.DefaultListableBeanFactory - Autowiring by type from bean name 'classPathFileSystemWatcher' via factory method to bean named 'classPathRestartStrategy'
2026-02-09 13:30:44 - DEBUG - o.s.b.f.s.DefaultListableBeanFactory - Creating shared instance of singleton bean 'conditionEvaluationDeltaLoggingListener'
2026-02-09 13:30:44 - DEBUG - o.s.b.f.s.DefaultListableBeanFactory - Creating shared instance of singleton bean 'org.springframework.boot.devtools.autoconfigure.LocalDevToolsAutoConfiguration$LiveReloadConfiguration'
2026-02-09 13:30:44 - DEBUG - o.s.b.f.s.DefaultListableBeanFactory - Creating shared instance of singleton bean 'optionalLiveReloadServer'
2026-02-09 13:30:44 - DEBUG - o.s.b.f.s.DefaultListableBeanFactory - Autowiring by type from bean name 'liveReloadServer' via factory method to bean named 'spring.devtools-org.springframework.boot.devtools.autoconfigure.DevToolsProperties'
2026-02-09 13:30:44 - DEBUG - o.s.b.f.s.DefaultListableBeanFactory - Autowiring by type from bean name 'optionalLiveReloadServer' via factory method to bean named 'liveReloadServer'
2026-02-09 13:30:44 - DEBUG - o.s.b.d.livereload.LiveReloadServer - Starting live reload server on port 35729
2026-02-09 13:30:44 - INFO - o.s.b.d.a.OptionalLiveReloadServer - LiveReload server is running on port 35729
2026-02-09 13:30:44 - DEBUG - o.s.b.f.s.DefaultListableBeanFactory - Creating shared instance of singleton bean 'liveReloadServerEventListener'
2026-02-09 13:30:44 - DEBUG - o.s.b.f.s.DefaultListableBeanFactory - Autowiring by type from bean name 'liveReloadServerEventListener' via factory method to bean named 'optionalLiveReloadServer'
2026-02-09 13:30:44 - DEBUG - o.s.b.f.s.DefaultListableBeanFactory - Creating shared instance of singleton bean 'org.springframework.boot.devtools.autoconfigure.LocalDevToolsAutoConfiguration'
2026-02-09 13:30:44 - DEBUG - o.s.j.e.a.AnnotationMBeanExporter - Registering beans for JMX exposure on startup
2026-02-09 13:30:44 - DEBUG - o.s.j.e.a.AnnotationMBeanExporter - Auto-detecting user-defined JMX MBeans
2026-02-09 13:30:44 - DEBUG - o.s.j.e.a.AnnotationMBeanExporter - Bean with name 'dataSource' has been autodetected for JMX exposure
2026-02-09 13:30:44 - DEBUG - o.s.j.e.a.AnnotationMBeanExporter - Located MBean 'dataSource': registering with JMX server as MBean [com.zaxxer.hikari:name=dataSource,type=HikariDataSource]
2026-02-09 13:30:44 - DEBUG - o.s.c.s.DefaultLifecycleProcessor - Starting beans in phase -2147483647
2026-02-09 13:30:44 - DEBUG - o.s.c.s.DefaultLifecycleProcessor - Successfully started bean 'springBootLoggingLifecycle'
2026-02-09 13:30:44 - DEBUG - o.s.c.s.DefaultLifecycleProcessor - Starting beans in phase 1073741823
2026-02-09 13:30:44 - DEBUG - o.s.c.s.DefaultLifecycleProcessor - Starting beans in phase 2147481599
2026-02-09 13:30:44 - DEBUG - o.apache.catalina.util.LifecycleBase - Setting state for [Connector["http-nio-8080"]] to [STARTING_PREP]
2026-02-09 13:30:44 - DEBUG - o.apache.catalina.util.LifecycleBase - Setting state for [Connector["http-nio-8080"]] to [STARTING]
2026-02-09 13:30:44 - INFO - o.a.coyote.http11.Http11NioProtocol - Starting ProtocolHandler ["http-nio-8080"]
2026-02-09 13:30:44 - DEBUG - sun.rmi.transport.tcp - RMI TCP Connection(2)-127.0.0.1: (port 61316) op = 82
2026-02-09 13:30:44 - DEBUG - sun.rmi.transport.tcp - RMI TCP Connection(2)-127.0.0.1: (port 61316) op = 80
2026-02-09 13:30:44 - DEBUG - sun.rmi.loader - RMI TCP Connection(2)-127.0.0.1: name = "javax.management.ObjectName", codebase = ""
2026-02-09 13:30:44 - DEBUG - javax.management.remote.rmi - connectionId=rmi://127.0.0.1  1, name=org.springframework.boot:type=Admin,name=SpringApplication, attribute=Ready
2026-02-09 13:30:44 - DEBUG - o.apache.catalina.util.LifecycleBase - Setting state for [Connector["http-nio-8080"]] to [STARTED]
2026-02-09 13:30:44 - INFO - o.s.b.w.e.tomcat.TomcatWebServer - Tomcat started on port 8080 (http) with context path '/'
2026-02-09 13:30:44 - DEBUG - o.s.c.s.DefaultLifecycleProcessor - Successfully started bean 'webServerStartStop'
2026-02-09 13:30:44 - DEBUG - o.s.c.s.DefaultLifecycleProcessor - Starting beans in phase 2147482623
2026-02-09 13:30:44 - DEBUG - o.s.c.s.DefaultLifecycleProcessor - Successfully started bean 'webServerGracefulShutdown'
2026-02-09 13:30:44 - DEBUG - o.s.b.a.l.ConditionEvaluationReportLogger - 


============================
CONDITIONS EVALUATION REPORT
============================


Positive matches:
-----------------

   AopAutoConfiguration matched:
      - @ConditionalOnBooleanProperty (spring.aop.auto=true) matched (OnPropertyCondition)

   AopAutoConfiguration.AspectJAutoProxyingConfiguration matched:
      - @ConditionalOnClass found required class 'org.aspectj.weaver.Advice' (OnClassCondition)

   AopAutoConfiguration.AspectJAutoProxyingConfiguration.CglibAutoProxyConfiguration matched:
      - @ConditionalOnBooleanProperty (spring.aop.proxy-target-class=true) matched (OnPropertyCondition)

   ApplicationAvailabilityAutoConfiguration#applicationAvailability matched:
      - @ConditionalOnMissingBean (types: org.springframework.boot.availability.ApplicationAvailability; SearchStrategy: all) did not find any beans (OnBeanCondition)

   DataSourceAutoConfiguration matched:
      - @ConditionalOnClass found required classes 'javax.sql.DataSource', 'org.springframework.jdbc.datasource.embedded.EmbeddedDatabaseType' (OnClassCondition)
      - @ConditionalOnMissingBean (types: io.r2dbc.spi.ConnectionFactory; SearchStrategy: all) did not find any beans (OnBeanCondition)

   DataSourceAutoConfiguration.PooledDataSourceConfiguration matched:
      - AnyNestedCondition 1 matched 1 did not; NestedCondition on DataSourceAutoConfiguration.PooledDataSourceCondition.PooledDataSourceAvailable PooledDataSource found supported DataSource; NestedCondition on DataSourceAutoConfiguration.PooledDataSourceCondition.ExplicitType @ConditionalOnProperty (spring.datasource.type) did not find property 'spring.datasource.type' (DataSourceAutoConfiguration.PooledDataSourceCondition)
      - @ConditionalOnMissingBean (types: javax.sql.DataSource,javax.sql.XADataSource; SearchStrategy: all) did not find any beans (OnBeanCondition)

   DataSourceAutoConfiguration.PooledDataSourceConfiguration#jdbcConnectionDetails matched:
      - @ConditionalOnMissingBean (types: org.springframework.boot.autoconfigure.jdbc.JdbcConnectionDetails; SearchStrategy: all) did not find any beans (OnBeanCondition)

   DataSourceConfiguration.Hikari matched:
      - @ConditionalOnClass found required class 'com.zaxxer.hikari.HikariDataSource' (OnClassCondition)
      - @ConditionalOnProperty (spring.datasource.type=com.zaxxer.hikari.HikariDataSource) matched (OnPropertyCondition)
      - @ConditionalOnMissingBean (types: javax.sql.DataSource; SearchStrategy: all) did not find any beans (OnBeanCondition)

   DataSourceInitializationConfiguration matched:
      - @ConditionalOnClass found required class 'org.springframework.jdbc.datasource.init.DatabasePopulator' (OnClassCondition)
      - @ConditionalOnSingleCandidate (types: javax.sql.DataSource; SearchStrategy: all) found a single bean 'dataSource'; @ConditionalOnMissingBean (types: org.springframework.boot.autoconfigure.sql.init.SqlDataSourceScriptDatabaseInitializer,org.springframework.boot.autoconfigure.sql.init.SqlR2dbcScriptDatabaseInitializer; SearchStrategy: all) did not find any beans (OnBeanCondition)

   DataSourceJmxConfiguration matched:
      - @ConditionalOnBooleanProperty (spring.jmx.enabled=true) matched (OnPropertyCondition)

   DataSourceJmxConfiguration.Hikari matched:
      - @ConditionalOnClass found required class 'com.zaxxer.hikari.HikariDataSource' (OnClassCondition)
      - @ConditionalOnSingleCandidate (types: javax.sql.DataSource; SearchStrategy: all) found a single bean 'dataSource' (OnBeanCondition)

   DataSourcePoolMetadataProvidersConfiguration.HikariPoolDataSourceMetadataProviderConfiguration matched:
      - @ConditionalOnClass found required class 'com.zaxxer.hikari.HikariDataSource' (OnClassCondition)

   DataSourceTransactionManagerAutoConfiguration matched:
      - @ConditionalOnClass found required classes 'javax.sql.DataSource', 'org.springframework.jdbc.core.JdbcTemplate', 'org.springframework.transaction.TransactionManager' (OnClassCondition)

   DataSourceTransactionManagerAutoConfiguration.JdbcTransactionManagerConfiguration matched:
      - @ConditionalOnSingleCandidate (types: javax.sql.DataSource; SearchStrategy: all) found a single bean 'dataSource' (OnBeanCondition)

   DevToolsDataSourceAutoConfiguration matched:
      - @ConditionalOnClass found required class 'javax.sql.DataSource' (OnClassCondition)
      - Devtools devtools enabled. (OnEnabledDevToolsCondition)
      - DevTools DataSource Condition found auto-configured DataSource (DevToolsDataSourceAutoConfiguration.DevToolsDataSourceCondition)

   DevToolsDataSourceAutoConfiguration.DatabaseShutdownExecutorEntityManagerFactoryDependsOnPostProcessor matched:
      - @ConditionalOnClass found required class 'org.springframework.orm.jpa.LocalContainerEntityManagerFactoryBean' (OnClassCondition)
      - @ConditionalOnBean (types: org.springframework.orm.jpa.AbstractEntityManagerFactoryBean; SearchStrategy: all) found bean '&entityManagerFactory' (OnBeanCondition)

   DispatcherServletAutoConfiguration matched:
      - @ConditionalOnClass found required class 'org.springframework.web.servlet.DispatcherServlet' (OnClassCondition)
      - found 'session' scope (OnWebApplicationCondition)

   DispatcherServletAutoConfiguration.DispatcherServletConfiguration matched:
      - @ConditionalOnClass found required class 'jakarta.servlet.ServletRegistration' (OnClassCondition)
      - Default DispatcherServlet did not find dispatcher servlet beans (DispatcherServletAutoConfiguration.DefaultDispatcherServletCondition)

   DispatcherServletAutoConfiguration.DispatcherServletRegistrationConfiguration matched:
      - @ConditionalOnClass found required class 'jakarta.servlet.ServletRegistration' (OnClassCondition)
      - DispatcherServlet Registration did not find servlet registration bean (DispatcherServletAutoConfiguration.DispatcherServletRegistrationCondition)

   DispatcherServletAutoConfiguration.DispatcherServletRegistrationConfiguration#dispatcherServletRegistration matched:
      - @ConditionalOnBean (names: dispatcherServlet types: org.springframework.web.servlet.DispatcherServlet; SearchStrategy: all) found bean 'dispatcherServlet' (OnBeanCondition)

   EmbeddedWebServerFactoryCustomizerAutoConfiguration matched:
      - @ConditionalOnWebApplication (required) found 'session' scope (OnWebApplicationCondition)
      - @ConditionalOnWarDeployment the application is not deployed as a WAR file. (OnWarDeploymentCondition)

   EmbeddedWebServerFactoryCustomizerAutoConfiguration.TomcatWebServerFactoryCustomizerConfiguration matched:
      - @ConditionalOnClass found required classes 'org.apache.catalina.startup.Tomcat', 'org.apache.coyote.UpgradeProtocol' (OnClassCondition)

   ErrorMvcAutoConfiguration matched:
      - @ConditionalOnClass found required classes 'jakarta.servlet.Servlet', 'org.springframework.web.servlet.DispatcherServlet' (OnClassCondition)
      - found 'session' scope (OnWebApplicationCondition)

   ErrorMvcAutoConfiguration#basicErrorController matched:
      - @ConditionalOnMissingBean (types: org.springframework.boot.web.servlet.error.ErrorController; SearchStrategy: current) did not find any beans (OnBeanCondition)

   ErrorMvcAutoConfiguration#errorAttributes matched:
      - @ConditionalOnMissingBean (types: org.springframework.boot.web.servlet.error.ErrorAttributes; SearchStrategy: current) did not find any beans (OnBeanCondition)

   ErrorMvcAutoConfiguration.DefaultErrorViewResolverConfiguration#conventionErrorViewResolver matched:
      - @ConditionalOnBean (types: org.springframework.web.servlet.DispatcherServlet; SearchStrategy: all) found bean 'dispatcherServlet'; @ConditionalOnMissingBean (types: org.springframework.boot.autoconfigure.web.servlet.error.ErrorViewResolver; SearchStrategy: all) did not find any beans (OnBeanCondition)

   ErrorMvcAutoConfiguration.WhitelabelErrorViewConfiguration matched:
      - @ConditionalOnBooleanProperty (server.error.whitelabel.enabled=true) matched (OnPropertyCondition)
      - ErrorTemplate Missing did not find error template view (ErrorMvcAutoConfiguration.ErrorTemplateMissingCondition)

   ErrorMvcAutoConfiguration.WhitelabelErrorViewConfiguration#beanNameViewResolver matched:
      - @ConditionalOnMissingBean (types: org.springframework.web.servlet.view.BeanNameViewResolver; SearchStrategy: all) did not find any beans (OnBeanCondition)

   ErrorMvcAutoConfiguration.WhitelabelErrorViewConfiguration#defaultErrorView matched:
      - @ConditionalOnMissingBean (names: error; SearchStrategy: all) did not find any beans (OnBeanCondition)

   GenericCacheConfiguration matched:
      - Cache org.springframework.boot.autoconfigure.cache.GenericCacheConfiguration automatic cache type (CacheCondition)

   HibernateJpaAutoConfiguration matched:
      - @ConditionalOnClass found required classes 'org.springframework.orm.jpa.LocalContainerEntityManagerFactoryBean', 'jakarta.persistence.EntityManager', 'org.hibernate.engine.spi.SessionImplementor' (OnClassCondition)

   HibernateJpaConfiguration matched:
      - @ConditionalOnSingleCandidate (types: javax.sql.DataSource; SearchStrategy: all) found a single bean 'dataSource' (OnBeanCondition)

   HttpClientAutoConfiguration matched:
      - @ConditionalOnClass found required class 'org.springframework.http.client.ClientHttpRequestFactory' (OnClassCondition)
      - NoneNestedConditions 0 matched 1 did not; NestedCondition on NotReactiveWebApplicationCondition.ReactiveWebApplication did not find reactive web application classes (NotReactiveWebApplicationCondition)

   HttpClientAutoConfiguration#clientHttpRequestFactoryBuilder matched:
      - @ConditionalOnMissingBean (types: org.springframework.boot.http.client.ClientHttpRequestFactoryBuilder<?>; SearchStrategy: all) did not find any beans (OnBeanCondition)

   HttpClientAutoConfiguration#clientHttpRequestFactorySettings matched:
      - @ConditionalOnMissingBean (types: org.springframework.boot.http.client.ClientHttpRequestFactorySettings; SearchStrategy: all) did not find any beans (OnBeanCondition)

   HttpEncodingAutoConfiguration matched:
      - @ConditionalOnClass found required class 'org.springframework.web.filter.CharacterEncodingFilter' (OnClassCondition)
      - found 'session' scope (OnWebApplicationCondition)
      - @ConditionalOnBooleanProperty (server.servlet.encoding.enabled=true) matched (OnPropertyCondition)

   HttpEncodingAutoConfiguration#characterEncodingFilter matched:
      - @ConditionalOnMissingBean (types: org.springframework.web.filter.CharacterEncodingFilter; SearchStrategy: all) did not find any beans (OnBeanCondition)

   HttpMessageConvertersAutoConfiguration matched:
      - @ConditionalOnClass found required class 'org.springframework.http.converter.HttpMessageConverter' (OnClassCondition)
      - NoneNestedConditions 0 matched 1 did not; NestedCondition on HttpMessageConvertersAutoConfiguration.NotReactiveWebApplicationCondition.ReactiveWebApplication did not find reactive web application classes (HttpMessageConvertersAutoConfiguration.NotReactiveWebApplicationCondition)

   HttpMessageConvertersAutoConfiguration#messageConverters matched:
      - @ConditionalOnMissingBean (types: org.springframework.boot.autoconfigure.http.HttpMessageConverters; SearchStrategy: all) did not find any beans (OnBeanCondition)

   HttpMessageConvertersAutoConfiguration.StringHttpMessageConverterConfiguration matched:
      - @ConditionalOnClass found required class 'org.springframework.http.converter.StringHttpMessageConverter' (OnClassCondition)

   HttpMessageConvertersAutoConfiguration.StringHttpMessageConverterConfiguration#stringHttpMessageConverter matched:
      - @ConditionalOnMissingBean (types: org.springframework.http.converter.StringHttpMessageConverter; SearchStrategy: all) did not find any beans (OnBeanCondition)

   JacksonAutoConfiguration matched:
      - @ConditionalOnClass found required class 'com.fasterxml.jackson.databind.ObjectMapper' (OnClassCondition)

   JacksonAutoConfiguration.Jackson2ObjectMapperBuilderCustomizerConfiguration matched:
      - @ConditionalOnClass found required class 'org.springframework.http.converter.json.Jackson2ObjectMapperBuilder' (OnClassCondition)

   JacksonAutoConfiguration.JacksonObjectMapperBuilderConfiguration matched:
      - @ConditionalOnClass found required class 'org.springframework.http.converter.json.Jackson2ObjectMapperBuilder' (OnClassCondition)

   JacksonAutoConfiguration.JacksonObjectMapperBuilderConfiguration#jacksonObjectMapperBuilder matched:
      - @ConditionalOnMissingBean (types: org.springframework.http.converter.json.Jackson2ObjectMapperBuilder; SearchStrategy: all) did not find any beans (OnBeanCondition)

   JacksonAutoConfiguration.JacksonObjectMapperConfiguration matched:
      - @ConditionalOnClass found required class 'org.springframework.http.converter.json.Jackson2ObjectMapperBuilder' (OnClassCondition)

   JacksonAutoConfiguration.JacksonObjectMapperConfiguration#jacksonObjectMapper matched:
      - @ConditionalOnMissingBean (types: com.fasterxml.jackson.databind.ObjectMapper; SearchStrategy: all) did not find any beans (OnBeanCondition)

   JacksonAutoConfiguration.ParameterNamesModuleConfiguration matched:
      - @ConditionalOnClass found required class 'com.fasterxml.jackson.module.paramnames.ParameterNamesModule' (OnClassCondition)

   JacksonAutoConfiguration.ParameterNamesModuleConfiguration#parameterNamesModule matched:
      - @ConditionalOnMissingBean (types: com.fasterxml.jackson.module.paramnames.ParameterNamesModule; SearchStrategy: all) did not find any beans (OnBeanCondition)

   JacksonHttpMessageConvertersConfiguration.MappingJackson2HttpMessageConverterConfiguration matched:
      - @ConditionalOnClass found required class 'com.fasterxml.jackson.databind.ObjectMapper' (OnClassCondition)
      - @ConditionalOnPreferredJsonMapper JACKSON no property was configured and Jackson is the default (OnPreferredJsonMapperCondition)
      - @ConditionalOnBean (types: com.fasterxml.jackson.databind.ObjectMapper; SearchStrategy: all) found bean 'jacksonObjectMapper' (OnBeanCondition)

   JacksonHttpMessageConvertersConfiguration.MappingJackson2HttpMessageConverterConfiguration#mappingJackson2HttpMessageConverter matched:
      - @ConditionalOnMissingBean (types: org.springframework.http.converter.json.MappingJackson2HttpMessageConverter ignored: org.springframework.hateoas.server.mvc.TypeConstrainedMappingJackson2HttpMessageConverter,org.springframework.data.rest.webmvc.alps.AlpsJsonHttpMessageConverter; SearchStrategy: all) did not find any beans (OnBeanCondition)

   JdbcClientAutoConfiguration matched:
      - @ConditionalOnSingleCandidate (types: org.springframework.jdbc.core.namedparam.NamedParameterJdbcTemplate; SearchStrategy: all) found a single bean 'namedParameterJdbcTemplate'; @ConditionalOnMissingBean (types: org.springframework.jdbc.core.simple.JdbcClient; SearchStrategy: all) did not find any beans (OnBeanCondition)

   JdbcTemplateAutoConfiguration matched:
      - @ConditionalOnClass found required classes 'javax.sql.DataSource', 'org.springframework.jdbc.core.JdbcTemplate' (OnClassCondition)
      - @ConditionalOnSingleCandidate (types: javax.sql.DataSource; SearchStrategy: all) found a single bean 'dataSource' (OnBeanCondition)

   JdbcTemplateConfiguration matched:
      - @ConditionalOnMissingBean (types: org.springframework.jdbc.core.JdbcOperations; SearchStrategy: all) did not find any beans (OnBeanCondition)

   JmxAutoConfiguration matched:
      - @ConditionalOnClass found required class 'org.springframework.jmx.export.MBeanExporter' (OnClassCondition)
      - @ConditionalOnBooleanProperty (spring.jmx.enabled=true) matched (OnPropertyCondition)

   JmxAutoConfiguration#mbeanExporter matched:
      - @ConditionalOnMissingBean (types: org.springframework.jmx.export.MBeanExporter; SearchStrategy: current) did not find any beans (OnBeanCondition)

   JmxAutoConfiguration#mbeanServer matched:
      - @ConditionalOnMissingBean (types: javax.management.MBeanServer; SearchStrategy: all) did not find any beans (OnBeanCondition)

   JmxAutoConfiguration#objectNamingStrategy matched:
      - @ConditionalOnMissingBean (types: org.springframework.jmx.export.naming.ObjectNamingStrategy; SearchStrategy: current) did not find any beans (OnBeanCondition)

   JpaBaseConfiguration#entityManagerFactory matched:
      - @ConditionalOnMissingBean (types: org.springframework.orm.jpa.LocalContainerEntityManagerFactoryBean,jakarta.persistence.EntityManagerFactory; SearchStrategy: all) did not find any beans (OnBeanCondition)

   JpaBaseConfiguration#entityManagerFactoryBuilder matched:
      - @ConditionalOnMissingBean (types: org.springframework.boot.orm.jpa.EntityManagerFactoryBuilder; SearchStrategy: all) did not find any beans (OnBeanCondition)

   JpaBaseConfiguration#jpaVendorAdapter matched:
      - @ConditionalOnMissingBean (types: org.springframework.orm.jpa.JpaVendorAdapter; SearchStrategy: all) did not find any beans (OnBeanCondition)

   JpaBaseConfiguration#transactionManager matched:
      - @ConditionalOnMissingBean (types: org.springframework.transaction.TransactionManager; SearchStrategy: all) did not find any beans (OnBeanCondition)

   JpaBaseConfiguration.JpaWebConfiguration matched:
      - @ConditionalOnClass found required class 'org.springframework.web.servlet.config.annotation.WebMvcConfigurer' (OnClassCondition)
      - found 'session' scope (OnWebApplicationCondition)
      - @ConditionalOnBooleanProperty (spring.jpa.open-in-view=true) matched (OnPropertyCondition)
      - @ConditionalOnMissingBean (types: org.springframework.orm.jpa.support.OpenEntityManagerInViewInterceptor,org.springframework.orm.jpa.support.OpenEntityManagerInViewFilter; SearchStrategy: all) did not find any beans (OnBeanCondition)

   JpaBaseConfiguration.PersistenceManagedTypesConfiguration matched:
      - @ConditionalOnMissingBean (types: org.springframework.orm.jpa.LocalContainerEntityManagerFactoryBean,jakarta.persistence.EntityManagerFactory; SearchStrategy: all) did not find any beans (OnBeanCondition)

   JpaBaseConfiguration.PersistenceManagedTypesConfiguration#persistenceManagedTypes matched:
      - @ConditionalOnMissingBean (types: org.springframework.orm.jpa.persistenceunit.PersistenceManagedTypes; SearchStrategy: all) did not find any beans (OnBeanCondition)

   JpaRepositoriesAutoConfiguration matched:
      - @ConditionalOnClass found required class 'org.springframework.data.jpa.repository.JpaRepository' (OnClassCondition)
      - @ConditionalOnBooleanProperty (spring.data.jpa.repositories.enabled=true) matched (OnPropertyCondition)
      - @ConditionalOnBean (types: javax.sql.DataSource; SearchStrategy: all) found bean 'dataSource'; @ConditionalOnMissingBean (types: org.springframework.data.jpa.repository.support.JpaRepositoryFactoryBean,org.springframework.data.jpa.repository.config.JpaRepositoryConfigExtension; SearchStrategy: all) did not find any beans (OnBeanCondition)

   JtaAutoConfiguration matched:
      - @ConditionalOnClass found required class 'jakarta.transaction.Transaction' (OnClassCondition)
      - @ConditionalOnBooleanProperty (spring.jta.enabled=true) matched (OnPropertyCondition)

   LifecycleAutoConfiguration#defaultLifecycleProcessor matched:
      - @ConditionalOnMissingBean (names: lifecycleProcessor; SearchStrategy: current) did not find any beans (OnBeanCondition)

   LocalDevToolsAutoConfiguration matched:
      - Initialized Restarter Condition available and initialized (OnInitializedRestarterCondition)

   LocalDevToolsAutoConfiguration.LiveReloadConfiguration matched:
      - @ConditionalOnBooleanProperty (spring.devtools.livereload.enabled=true) matched (OnPropertyCondition)

   LocalDevToolsAutoConfiguration.LiveReloadConfiguration#liveReloadServer matched:
      - @ConditionalOnMissingBean (types: org.springframework.boot.devtools.livereload.LiveReloadServer; SearchStrategy: all) did not find any beans (OnBeanCondition)

   LocalDevToolsAutoConfiguration.RestartConfiguration matched:
      - @ConditionalOnBooleanProperty (spring.devtools.restart.enabled=true) matched (OnPropertyCondition)

   LocalDevToolsAutoConfiguration.RestartConfiguration#classPathFileSystemWatcher matched:
      - @ConditionalOnMissingBean (types: org.springframework.boot.devtools.classpath.ClassPathFileSystemWatcher; SearchStrategy: all) did not find any beans (OnBeanCondition)

   LocalDevToolsAutoConfiguration.RestartConfiguration#classPathRestartStrategy matched:
      - @ConditionalOnMissingBean (types: org.springframework.boot.devtools.classpath.ClassPathRestartStrategy; SearchStrategy: all) did not find any beans (OnBeanCondition)

   LocalDevToolsAutoConfiguration.RestartConfiguration#conditionEvaluationDeltaLoggingListener matched:
      - @ConditionalOnBooleanProperty (spring.devtools.restart.log-condition-evaluation-delta=true) matched (OnPropertyCondition)

   MultipartAutoConfiguration matched:
      - @ConditionalOnClass found required classes 'jakarta.servlet.Servlet', 'org.springframework.web.multipart.support.StandardServletMultipartResolver', 'jakarta.servlet.MultipartConfigElement' (OnClassCondition)
      - found 'session' scope (OnWebApplicationCondition)
      - @ConditionalOnBooleanProperty (spring.servlet.multipart.enabled=true) matched (OnPropertyCondition)

   MultipartAutoConfiguration#multipartConfigElement matched:
      - @ConditionalOnMissingBean (types: jakarta.servlet.MultipartConfigElement; SearchStrategy: all) did not find any beans (OnBeanCondition)

   MultipartAutoConfiguration#multipartResolver matched:
      - @ConditionalOnMissingBean (types: org.springframework.web.multipart.MultipartResolver; SearchStrategy: all) did not find any beans (OnBeanCondition)

   NamedParameterJdbcTemplateConfiguration matched:
      - @ConditionalOnSingleCandidate (types: org.springframework.jdbc.core.JdbcTemplate; SearchStrategy: all) found a single bean 'jdbcTemplate'; @ConditionalOnMissingBean (types: org.springframework.jdbc.core.namedparam.NamedParameterJdbcOperations; SearchStrategy: all) did not find any beans (OnBeanCondition)

   NoOpCacheConfiguration matched:
      - Cache org.springframework.boot.autoconfigure.cache.NoOpCacheConfiguration automatic cache type (CacheCondition)

   PersistenceExceptionTranslationAutoConfiguration matched:
      - @ConditionalOnClass found required class 'org.springframework.dao.annotation.PersistenceExceptionTranslationPostProcessor' (OnClassCondition)

   PersistenceExceptionTranslationAutoConfiguration#persistenceExceptionTranslationPostProcessor matched:
      - @ConditionalOnBooleanProperty (spring.dao.exceptiontranslation.enabled=true) matched (OnPropertyCondition)
      - @ConditionalOnMissingBean (types: org.springframework.dao.annotation.PersistenceExceptionTranslationPostProcessor; SearchStrategy: all) did not find any beans (OnBeanCondition)

   PropertyPlaceholderAutoConfiguration#propertySourcesPlaceholderConfigurer matched:
      - @ConditionalOnMissingBean (types: org.springframework.context.support.PropertySourcesPlaceholderConfigurer; SearchStrategy: current) did not find any beans (OnBeanCondition)

   RestClientAutoConfiguration matched:
      - @ConditionalOnClass found required class 'org.springframework.web.client.RestClient' (OnClassCondition)
      - AnyNestedCondition 1 matched 1 did not; NestedCondition on NotReactiveWebApplicationOrVirtualThreadsExecutorEnabledCondition.VirtualThreadsExecutorEnabled found non-matching nested conditions @ConditionalOnThreading did not find VIRTUAL; NestedCondition on NotReactiveWebApplicationOrVirtualThreadsExecutorEnabledCondition.NotReactiveWebApplication NoneNestedConditions 0 matched 1 did not; NestedCondition on NotReactiveWebApplicationCondition.ReactiveWebApplication did not find reactive web application classes (NotReactiveWebApplicationOrVirtualThreadsExecutorEnabledCondition)

   RestClientAutoConfiguration#httpMessageConvertersRestClientCustomizer matched:
      - @ConditionalOnMissingBean (types: org.springframework.boot.autoconfigure.web.client.HttpMessageConvertersRestClientCustomizer; SearchStrategy: all) did not find any beans (OnBeanCondition)

   RestClientAutoConfiguration#restClientBuilder matched:
      - @ConditionalOnMissingBean (types: org.springframework.web.client.RestClient$Builder; SearchStrategy: all) did not find any beans (OnBeanCondition)

   RestClientAutoConfiguration#restClientBuilderConfigurer matched:
      - @ConditionalOnMissingBean (types: org.springframework.boot.autoconfigure.web.client.RestClientBuilderConfigurer; SearchStrategy: all) did not find any beans (OnBeanCondition)

   RestClientAutoConfiguration#restClientSsl matched:
      - @ConditionalOnBean (types: org.springframework.boot.ssl.SslBundles; SearchStrategy: all) found bean 'sslBundleRegistry'; @ConditionalOnMissingBean (types: org.springframework.boot.autoconfigure.web.client.RestClientSsl; SearchStrategy: all) did not find any beans (OnBeanCondition)

   RestTemplateAutoConfiguration matched:
      - @ConditionalOnClass found required class 'org.springframework.web.client.RestTemplate' (OnClassCondition)
      - NoneNestedConditions 0 matched 1 did not; NestedCondition on NotReactiveWebApplicationCondition.ReactiveWebApplication did not find reactive web application classes (NotReactiveWebApplicationCondition)

   RestTemplateAutoConfiguration#restTemplateBuilder matched:
      - @ConditionalOnMissingBean (types: org.springframework.boot.web.client.RestTemplateBuilder; SearchStrategy: all) did not find any beans (OnBeanCondition)

   SecurityAutoConfiguration matched:
      - @ConditionalOnClass found required class 'org.springframework.security.authentication.DefaultAuthenticationEventPublisher' (OnClassCondition)

   SecurityAutoConfiguration#authenticationEventPublisher matched:
      - @ConditionalOnMissingBean (types: org.springframework.security.authentication.AuthenticationEventPublisher; SearchStrategy: all) did not find any beans (OnBeanCondition)

   SecurityFilterAutoConfiguration matched:
      - @ConditionalOnClass found required classes 'org.springframework.security.web.context.AbstractSecurityWebApplicationInitializer', 'org.springframework.security.config.http.SessionCreationPolicy' (OnClassCondition)
      - found 'session' scope (OnWebApplicationCondition)

   SecurityFilterAutoConfiguration#securityFilterChainRegistration matched:
      - @ConditionalOnBean (names: springSecurityFilterChain; SearchStrategy: all) found bean 'springSecurityFilterChain' (OnBeanCondition)

   ServletWebServerFactoryAutoConfiguration matched:
      - @ConditionalOnClass found required class 'jakarta.servlet.ServletRequest' (OnClassCondition)
      - found 'session' scope (OnWebApplicationCondition)

   ServletWebServerFactoryAutoConfiguration.TomcatConfiguration matched:
      - @ConditionalOnClass found required class 'org.apache.catalina.startup.Tomcat' (OnClassCondition)

   ServletWebServerFactoryConfiguration.EmbeddedTomcat matched:
      - @ConditionalOnClass found required classes 'jakarta.servlet.Servlet', 'org.apache.catalina.startup.Tomcat', 'org.apache.coyote.UpgradeProtocol' (OnClassCondition)
      - @ConditionalOnMissingBean (types: org.springframework.boot.web.servlet.server.ServletWebServerFactory; SearchStrategy: current) did not find any beans (OnBeanCondition)

   SimpleCacheConfiguration matched:
      - Cache org.springframework.boot.autoconfigure.cache.SimpleCacheConfiguration automatic cache type (CacheCondition)

   SpringApplicationAdminJmxAutoConfiguration matched:
      - @ConditionalOnBooleanProperty (spring.application.admin.enabled=true) matched (OnPropertyCondition)

   SpringApplicationAdminJmxAutoConfiguration#springApplicationAdminRegistrar matched:
      - @ConditionalOnMissingBean (types: org.springframework.boot.admin.SpringApplicationAdminMXBeanRegistrar; SearchStrategy: all) did not find any beans (OnBeanCondition)

   SpringBootWebSecurityConfiguration matched:
      - found 'session' scope (OnWebApplicationCondition)

   SpringBootWebSecurityConfiguration.SecurityFilterChainConfiguration matched:
      - AllNestedConditions 2 matched 0 did not; NestedCondition on DefaultWebSecurityCondition.Beans @ConditionalOnMissingBean (types: org.springframework.security.web.SecurityFilterChain; SearchStrategy: all) did not find any beans; NestedCondition on DefaultWebSecurityCondition.Classes @ConditionalOnClass found required classes 'org.springframework.security.web.SecurityFilterChain', 'org.springframework.security.config.annotation.web.builders.HttpSecurity' (DefaultWebSecurityCondition)

   SpringBootWebSecurityConfiguration.WebSecurityEnablerConfiguration matched:
      - @ConditionalOnClass found required class 'org.springframework.security.config.annotation.web.configuration.EnableWebSecurity' (OnClassCondition)
      - @ConditionalOnMissingBean (names: springSecurityFilterChain; SearchStrategy: all) did not find any beans (OnBeanCondition)

   SpringDataWebAutoConfiguration matched:
      - @ConditionalOnClass found required classes 'org.springframework.data.web.PageableHandlerMethodArgumentResolver', 'org.springframework.web.servlet.config.annotation.WebMvcConfigurer' (OnClassCondition)
      - found 'session' scope (OnWebApplicationCondition)
      - @ConditionalOnMissingBean (types: org.springframework.data.web.PageableHandlerMethodArgumentResolver; SearchStrategy: all) did not find any beans (OnBeanCondition)

   SpringDataWebAutoConfiguration#pageableCustomizer matched:
      - @ConditionalOnMissingBean (types: org.springframework.data.web.config.PageableHandlerMethodArgumentResolverCustomizer; SearchStrategy: all) did not find any beans (OnBeanCondition)

   SpringDataWebAutoConfiguration#sortCustomizer matched:
      - @ConditionalOnMissingBean (types: org.springframework.data.web.config.SortHandlerMethodArgumentResolverCustomizer; SearchStrategy: all) did not find any beans (OnBeanCondition)

   SpringDataWebAutoConfiguration#springDataWebSettings matched:
      - @ConditionalOnMissingBean (types: org.springframework.data.web.config.SpringDataWebSettings; SearchStrategy: all) did not find any beans (OnBeanCondition)

   SqlInitializationAutoConfiguration matched:
      - @ConditionalOnBooleanProperty (spring.sql.init.enabled=true) matched (OnPropertyCondition)
      - NoneNestedConditions 0 matched 1 did not; NestedCondition on SqlInitializationAutoConfiguration.SqlInitializationModeCondition.ModeIsNever @ConditionalOnProperty (spring.sql.init.mode=never) did not find property 'spring.sql.init.mode' (SqlInitializationAutoConfiguration.SqlInitializationModeCondition)

   SslAutoConfiguration#sslBundleRegistry matched:
      - @ConditionalOnMissingBean (types: org.springframework.boot.ssl.SslBundleRegistry,org.springframework.boot.ssl.SslBundles; SearchStrategy: all) did not find any beans (OnBeanCondition)

   TaskExecutionAutoConfiguration matched:
      - @ConditionalOnClass found required class 'org.springframework.scheduling.concurrent.ThreadPoolTaskExecutor' (OnClassCondition)

   TaskExecutorConfigurations.AsyncConfigurerConfiguration matched:
      - @ConditionalOnMissingBean (types: org.springframework.scheduling.annotation.AsyncConfigurer; SearchStrategy: all) did not find any beans (OnBeanCondition)

   TaskExecutorConfigurations.AsyncConfigurerConfiguration#applicationTaskExecutorAsyncConfigurer matched:
      - @ConditionalOnMissingBean (types: org.springframework.scheduling.annotation.AsyncConfigurer; SearchStrategy: all) did not find any beans (OnBeanCondition)

   TaskExecutorConfigurations.SimpleAsyncTaskExecutorBuilderConfiguration#simpleAsyncTaskExecutorBuilder matched:
      - @ConditionalOnMissingBean (types: org.springframework.boot.task.SimpleAsyncTaskExecutorBuilder; SearchStrategy: all) did not find any beans (OnBeanCondition)
      - @ConditionalOnThreading found PLATFORM (OnThreadingCondition)

   TaskExecutorConfigurations.TaskExecutorConfiguration matched:
      - AnyNestedCondition 1 matched 1 did not; NestedCondition on TaskExecutorConfigurations.OnExecutorCondition.ModelCondition @ConditionalOnProperty (spring.task.execution.mode=force) did not find property 'spring.task.execution.mode'; NestedCondition on TaskExecutorConfigurations.OnExecutorCondition.ExecutorBeanCondition @ConditionalOnMissingBean (types: java.util.concurrent.Executor; SearchStrategy: all) did not find any beans (TaskExecutorConfigurations.OnExecutorCondition)

   TaskExecutorConfigurations.TaskExecutorConfiguration#applicationTaskExecutor matched:
      - @ConditionalOnThreading found PLATFORM (OnThreadingCondition)

   TaskExecutorConfigurations.ThreadPoolTaskExecutorBuilderConfiguration#threadPoolTaskExecutorBuilder matched:
      - @ConditionalOnMissingBean (types: org.springframework.boot.task.ThreadPoolTaskExecutorBuilder; SearchStrategy: all) did not find any beans (OnBeanCondition)

   TaskSchedulingAutoConfiguration matched:
      - @ConditionalOnClass found required class 'org.springframework.scheduling.concurrent.ThreadPoolTaskScheduler' (OnClassCondition)

   TaskSchedulingConfigurations.SimpleAsyncTaskSchedulerBuilderConfiguration#simpleAsyncTaskSchedulerBuilder matched:
      - @ConditionalOnMissingBean (types: org.springframework.boot.task.SimpleAsyncTaskSchedulerBuilder; SearchStrategy: all) did not find any beans (OnBeanCondition)
      - @ConditionalOnThreading found PLATFORM (OnThreadingCondition)

   TaskSchedulingConfigurations.ThreadPoolTaskSchedulerBuilderConfiguration#threadPoolTaskSchedulerBuilder matched:
      - @ConditionalOnMissingBean (types: org.springframework.boot.task.ThreadPoolTaskSchedulerBuilder; SearchStrategy: all) did not find any beans (OnBeanCondition)

   TransactionAutoConfiguration matched:
      - @ConditionalOnClass found required class 'org.springframework.transaction.PlatformTransactionManager' (OnClassCondition)

   TransactionAutoConfiguration.EnableTransactionManagementConfiguration matched:
      - @ConditionalOnBean (types: org.springframework.transaction.TransactionManager; SearchStrategy: all) found bean 'transactionManager'; @ConditionalOnMissingBean (types: org.springframework.transaction.annotation.AbstractTransactionManagementConfiguration; SearchStrategy: all) did not find any beans (OnBeanCondition)

   TransactionAutoConfiguration.EnableTransactionManagementConfiguration.CglibAutoProxyConfiguration matched:
      - @ConditionalOnBooleanProperty (spring.aop.proxy-target-class=true) matched (OnPropertyCondition)

   TransactionAutoConfiguration.TransactionTemplateConfiguration matched:
      - @ConditionalOnSingleCandidate (types: org.springframework.transaction.PlatformTransactionManager; SearchStrategy: all) found a single bean 'transactionManager' (OnBeanCondition)

   TransactionAutoConfiguration.TransactionTemplateConfiguration#transactionTemplate matched:
      - @ConditionalOnMissingBean (types: org.springframework.transaction.support.TransactionOperations; SearchStrategy: all) did not find any beans (OnBeanCondition)

   TransactionManagerCustomizationAutoConfiguration matched:
      - @ConditionalOnClass found required class 'org.springframework.transaction.PlatformTransactionManager' (OnClassCondition)

   TransactionManagerCustomizationAutoConfiguration#platformTransactionManagerCustomizers matched:
      - @ConditionalOnMissingBean (types: org.springframework.boot.autoconfigure.transaction.TransactionManagerCustomizers; SearchStrategy: all) did not find any beans (OnBeanCondition)

   UserDetailsServiceAutoConfiguration matched:
      - @ConditionalOnClass found required class 'org.springframework.security.authentication.AuthenticationManager' (OnClassCondition)
      - found 'session' scope (OnWebApplicationCondition)
      - AnyNestedCondition 1 matched 2 did not; NestedCondition on UserDetailsServiceAutoConfiguration.MissingAlternativeOrUserPropertiesConfigured.PasswordConfigured @ConditionalOnProperty (spring.security.user.password) did not find property 'spring.security.user.password'; NestedCondition on UserDetailsServiceAutoConfiguration.MissingAlternativeOrUserPropertiesConfigured.NameConfigured @ConditionalOnProperty (spring.security.user.name) did not find property 'spring.security.user.name'; NestedCondition on UserDetailsServiceAutoConfiguration.MissingAlternativeOrUserPropertiesConfigured.MissingAlternative @ConditionalOnMissingClass did not find unwanted classes 'org.springframework.security.oauth2.client.registration.ClientRegistrationRepository', 'org.springframework.security.oauth2.server.resource.introspection.OpaqueTokenIntrospector', 'org.springframework.security.saml2.provider.service.registration.RelyingPartyRegistrationRepository' (UserDetailsServiceAutoConfiguration.MissingAlternativeOrUserPropertiesConfigured)
      - @ConditionalOnBean (types: org.springframework.security.config.ObjectPostProcessor; SearchStrategy: all) found beans 'objectPostProcessor', 'webAuthorizationManagerPostProcessor', 'filterChainDecoratorPostProcessor', 'authenticationManagerPostProcessor'; @ConditionalOnMissingBean (types: org.springframework.security.authentication.AuthenticationManager,org.springframework.security.authentication.AuthenticationProvider,org.springframework.security.core.userdetails.UserDetailsService,org.springframework.security.authentication.AuthenticationManagerResolver,org.springframework.security.oauth2.jwt.JwtDecoder; SearchStrategy: all) did not find any beans (OnBeanCondition)

   ValidationAutoConfiguration matched:
      - @ConditionalOnClass found required class 'jakarta.validation.executable.ExecutableValidator' (OnClassCondition)
      - @ConditionalOnResource found location classpath:META-INF/services/jakarta.validation.spi.ValidationProvider (OnResourceCondition)

   ValidationAutoConfiguration#defaultValidator matched:
      - @ConditionalOnMissingBean (types: jakarta.validation.Validator; SearchStrategy: all) did not find any beans (OnBeanCondition)

   ValidationAutoConfiguration#methodValidationPostProcessor matched:
      - @ConditionalOnMissingBean (types: org.springframework.validation.beanvalidation.MethodValidationPostProcessor; SearchStrategy: current) did not find any beans (OnBeanCondition)

   WebMvcAutoConfiguration matched:
      - @ConditionalOnClass found required classes 'jakarta.servlet.Servlet', 'org.springframework.web.servlet.DispatcherServlet', 'org.springframework.web.servlet.config.annotation.WebMvcConfigurer' (OnClassCondition)
      - found 'session' scope (OnWebApplicationCondition)
      - @ConditionalOnMissingBean (types: org.springframework.web.servlet.config.annotation.WebMvcConfigurationSupport; SearchStrategy: all) did not find any beans (OnBeanCondition)

   WebMvcAutoConfiguration#formContentFilter matched:
      - @ConditionalOnBooleanProperty (spring.mvc.formcontent.filter.enabled=true) matched (OnPropertyCondition)
      - @ConditionalOnMissingBean (types: org.springframework.web.filter.FormContentFilter; SearchStrategy: all) did not find any beans (OnBeanCondition)

   WebMvcAutoConfiguration.EnableWebMvcConfiguration#flashMapManager matched:
      - @ConditionalOnMissingBean (names: flashMapManager; SearchStrategy: all) did not find any beans (OnBeanCondition)

   WebMvcAutoConfiguration.EnableWebMvcConfiguration#localeResolver matched:
      - @ConditionalOnMissingBean (names: localeResolver; SearchStrategy: all) did not find any beans (OnBeanCondition)

   WebMvcAutoConfiguration.EnableWebMvcConfiguration#themeResolver matched:
      - @ConditionalOnMissingBean (names: themeResolver; SearchStrategy: all) did not find any beans (OnBeanCondition)

   WebMvcAutoConfiguration.EnableWebMvcConfiguration#viewNameTranslator matched:
      - @ConditionalOnMissingBean (names: viewNameTranslator; SearchStrategy: all) did not find any beans (OnBeanCondition)

   WebMvcAutoConfiguration.WebMvcAutoConfigurationAdapter#defaultViewResolver matched:
      - @ConditionalOnMissingBean (types: org.springframework.web.servlet.view.InternalResourceViewResolver; SearchStrategy: all) did not find any beans (OnBeanCondition)

   WebMvcAutoConfiguration.WebMvcAutoConfigurationAdapter#requestContextFilter matched:
      - @ConditionalOnMissingBean (types: org.springframework.web.context.request.RequestContextListener,org.springframework.web.filter.RequestContextFilter; SearchStrategy: all) did not find any beans (OnBeanCondition)

   WebMvcAutoConfiguration.WebMvcAutoConfigurationAdapter#viewResolver matched:
      - @ConditionalOnBean (types: org.springframework.web.servlet.ViewResolver; SearchStrategy: all) found beans 'defaultViewResolver', 'beanNameViewResolver', 'mvcViewResolver'; @ConditionalOnMissingBean (names: viewResolver types: org.springframework.web.servlet.view.ContentNegotiatingViewResolver; SearchStrategy: all) did not find any beans (OnBeanCondition)

   WebSocketServletAutoConfiguration matched:
      - @ConditionalOnClass found required classes 'jakarta.servlet.Servlet', 'jakarta.websocket.server.ServerContainer' (OnClassCondition)
      - found 'session' scope (OnWebApplicationCondition)

   WebSocketServletAutoConfiguration.TomcatWebSocketConfiguration matched:
      - @ConditionalOnClass found required classes 'org.apache.catalina.startup.Tomcat', 'org.apache.tomcat.websocket.server.WsSci' (OnClassCondition)

   WebSocketServletAutoConfiguration.TomcatWebSocketConfiguration#websocketServletWebServerCustomizer matched:
      - @ConditionalOnMissingBean (names: websocketServletWebServerCustomizer; SearchStrategy: all) did not find any beans (OnBeanCondition)


Negative matches:
-----------------

   ActiveMQAutoConfiguration:
      Did not match:
         - @ConditionalOnClass did not find required class 'jakarta.jms.ConnectionFactory' (OnClassCondition)

   AopAutoConfiguration.AspectJAutoProxyingConfiguration.JdkDynamicAutoProxyConfiguration:
      Did not match:
         - @ConditionalOnBooleanProperty (spring.aop.proxy-target-class=false) did not find property 'spring.aop.proxy-target-class' (OnPropertyCondition)

   AopAutoConfiguration.ClassProxyingConfiguration:
      Did not match:
         - @ConditionalOnMissingClass found unwanted class 'org.aspectj.weaver.Advice' (OnClassCondition)

   ArtemisAutoConfiguration:
      Did not match:
         - @ConditionalOnClass did not find required class 'jakarta.jms.ConnectionFactory' (OnClassCondition)

   BatchAutoConfiguration:
      Did not match:
         - @ConditionalOnClass did not find required class 'org.springframework.batch.core.launch.JobLauncher' (OnClassCondition)

   Cache2kCacheConfiguration:
      Did not match:
         - @ConditionalOnClass did not find required class 'org.cache2k.Cache2kBuilder' (OnClassCondition)

   CacheAutoConfiguration:
      Did not match:
         - @ConditionalOnBean (types: org.springframework.cache.interceptor.CacheAspectSupport; SearchStrategy: all) did not find any beans of type org.springframework.cache.interceptor.CacheAspectSupport (OnBeanCondition)
      Matched:
         - @ConditionalOnClass found required class 'org.springframework.cache.CacheManager' (OnClassCondition)

   CacheAutoConfiguration.CacheManagerEntityManagerFactoryDependsOnPostProcessor:
      Did not match:
         - Ancestor org.springframework.boot.autoconfigure.cache.CacheAutoConfiguration did not match (ConditionEvaluationReport.AncestorsMatchedCondition)
      Matched:
         - @ConditionalOnClass found required class 'org.springframework.orm.jpa.LocalContainerEntityManagerFactoryBean' (OnClassCondition)

   CaffeineCacheConfiguration:
      Did not match:
         - @ConditionalOnClass did not find required class 'com.github.benmanes.caffeine.cache.Caffeine' (OnClassCondition)

   CassandraAutoConfiguration:
      Did not match:
         - @ConditionalOnClass did not find required class 'com.datastax.oss.driver.api.core.CqlSession' (OnClassCondition)

   CassandraDataAutoConfiguration:
      Did not match:
         - @ConditionalOnClass did not find required class 'com.datastax.oss.driver.api.core.CqlSession' (OnClassCondition)

   CassandraReactiveDataAutoConfiguration:
      Did not match:
         - @ConditionalOnClass did not find required class 'com.datastax.oss.driver.api.core.CqlSession' (OnClassCondition)

   CassandraReactiveRepositoriesAutoConfiguration:
      Did not match:
         - @ConditionalOnClass did not find required class 'org.springframework.data.cassandra.ReactiveSession' (OnClassCondition)

   CassandraRepositoriesAutoConfiguration:
      Did not match:
         - @ConditionalOnClass did not find required class 'com.datastax.oss.driver.api.core.CqlSession' (OnClassCondition)

   org.springframework.boot.autoconfigure.http.client.reactive.ClientHttpConnectorAutoConfiguration:
      Did not match:
         - @ConditionalOnClass did not find required class 'reactor.core.publisher.Mono' (OnClassCondition)

   org.springframework.boot.autoconfigure.web.reactive.function.client.ClientHttpConnectorAutoConfiguration:
      Did not match:
         - @ConditionalOnClass did not find required class 'org.springframework.web.reactive.function.client.WebClient' (OnClassCondition)

   CodecsAutoConfiguration:
      Did not match:
         - @ConditionalOnClass did not find required class 'org.springframework.web.reactive.function.client.WebClient' (OnClassCondition)

   CouchbaseAutoConfiguration:
      Did not match:
         - @ConditionalOnClass did not find required class 'com.couchbase.client.java.Cluster' (OnClassCondition)

   CouchbaseCacheConfiguration:
      Did not match:
         - @ConditionalOnClass did not find required class 'com.couchbase.client.java.Cluster' (OnClassCondition)

   CouchbaseDataAutoConfiguration:
      Did not match:
         - @ConditionalOnClass did not find required class 'com.couchbase.client.java.Bucket' (OnClassCondition)

   CouchbaseReactiveDataAutoConfiguration:
      Did not match:
         - @ConditionalOnClass did not find required class 'com.couchbase.client.java.Cluster' (OnClassCondition)

   CouchbaseReactiveRepositoriesAutoConfiguration:
      Did not match:
         - @ConditionalOnClass did not find required class 'com.couchbase.client.java.Cluster' (OnClassCondition)

   CouchbaseRepositoriesAutoConfiguration:
      Did not match:
         - @ConditionalOnClass did not find required class 'com.couchbase.client.java.Bucket' (OnClassCondition)

   DataSourceAutoConfiguration.EmbeddedDatabaseConfiguration:
      Did not match:
         - EmbeddedDataSource spring.datasource.url is set (DataSourceAutoConfiguration.EmbeddedDatabaseCondition)

   DataSourceCheckpointRestoreConfiguration:
      Did not match:
         - @ConditionalOnClass did not find required class 'org.crac.Resource' (OnClassCondition)

   DataSourceConfiguration.Dbcp2:
      Did not match:
         - @ConditionalOnClass did not find required class 'org.apache.commons.dbcp2.BasicDataSource' (OnClassCondition)

   DataSourceConfiguration.Generic:
      Did not match:
         - @ConditionalOnProperty (spring.datasource.type) did not find property 'spring.datasource.type' (OnPropertyCondition)

   DataSourceConfiguration.OracleUcp:
      Did not match:
         - @ConditionalOnClass did not find required classes 'oracle.ucp.jdbc.PoolDataSourceImpl', 'oracle.jdbc.OracleConnection' (OnClassCondition)

   DataSourceConfiguration.Tomcat:
      Did not match:
         - @ConditionalOnClass did not find required class 'org.apache.tomcat.jdbc.pool.DataSource' (OnClassCondition)

   DataSourceJmxConfiguration.TomcatDataSourceJmxConfiguration:
      Did not match:
         - @ConditionalOnClass did not find required class 'org.apache.tomcat.jdbc.pool.DataSourceProxy' (OnClassCondition)

   DataSourcePoolMetadataProvidersConfiguration.CommonsDbcp2PoolDataSourceMetadataProviderConfiguration:
      Did not match:
         - @ConditionalOnClass did not find required class 'org.apache.commons.dbcp2.BasicDataSource' (OnClassCondition)

   DataSourcePoolMetadataProvidersConfiguration.OracleUcpPoolDataSourceMetadataProviderConfiguration:
      Did not match:
         - @ConditionalOnClass did not find required classes 'oracle.ucp.jdbc.PoolDataSource', 'oracle.jdbc.OracleConnection' (OnClassCondition)

   DataSourcePoolMetadataProvidersConfiguration.TomcatDataSourcePoolMetadataProviderConfiguration:
      Did not match:
         - @ConditionalOnClass did not find required class 'org.apache.tomcat.jdbc.pool.DataSource' (OnClassCondition)

   DataSourceTransactionManagerAutoConfiguration.JdbcTransactionManagerConfiguration#transactionManager:
      Did not match:
         - @ConditionalOnMissingBean (types: org.springframework.transaction.TransactionManager; SearchStrategy: all) found beans of type 'org.springframework.transaction.TransactionManager' transactionManager (OnBeanCondition)

   DevToolsR2dbcAutoConfiguration:
      Did not match:
         - @ConditionalOnClass did not find required class 'io.r2dbc.spi.ConnectionFactory' (OnClassCondition)

   DispatcherServletAutoConfiguration.DispatcherServletConfiguration#multipartResolver:
      Did not match:
         - @ConditionalOnBean (types: org.springframework.web.multipart.MultipartResolver; SearchStrategy: all) did not find any beans of type org.springframework.web.multipart.MultipartResolver (OnBeanCondition)

   ElasticsearchClientAutoConfiguration:
      Did not match:
         - @ConditionalOnClass did not find required class 'co.elastic.clients.elasticsearch.ElasticsearchClient' (OnClassCondition)

   ElasticsearchDataAutoConfiguration:
      Did not match:
         - @ConditionalOnClass did not find required class 'org.springframework.data.elasticsearch.client.elc.ElasticsearchTemplate' (OnClassCondition)

   ElasticsearchRepositoriesAutoConfiguration:
      Did not match:
         - @ConditionalOnClass did not find required class 'org.springframework.data.elasticsearch.repository.ElasticsearchRepository' (OnClassCondition)

   ElasticsearchRestClientAutoConfiguration:
      Did not match:
         - @ConditionalOnClass did not find required class 'org.elasticsearch.client.RestClientBuilder' (OnClassCondition)

   EmbeddedLdapAutoConfiguration:
      Did not match:
         - @ConditionalOnClass did not find required class 'com.unboundid.ldap.listener.InMemoryDirectoryServer' (OnClassCondition)

   EmbeddedWebServerFactoryCustomizerAutoConfiguration.JettyWebServerFactoryCustomizerConfiguration:
      Did not match:
         - @ConditionalOnClass did not find required classes 'org.eclipse.jetty.server.Server', 'org.eclipse.jetty.util.Loader', 'org.eclipse.jetty.ee10.webapp.WebAppContext' (OnClassCondition)

   EmbeddedWebServerFactoryCustomizerAutoConfiguration.NettyWebServerFactoryCustomizerConfiguration:
      Did not match:
         - @ConditionalOnClass did not find required class 'reactor.netty.http.server.HttpServer' (OnClassCondition)

   EmbeddedWebServerFactoryCustomizerAutoConfiguration.TomcatWebServerFactoryCustomizerConfiguration#tomcatVirtualThreadsProtocolHandlerCustomizer:
      Did not match:
         - @ConditionalOnThreading did not find VIRTUAL (OnThreadingCondition)

   EmbeddedWebServerFactoryCustomizerAutoConfiguration.UndertowWebServerFactoryCustomizerConfiguration:
      Did not match:
         - @ConditionalOnClass did not find required classes 'io.undertow.Undertow', 'org.xnio.SslClientAuthMode' (OnClassCondition)

   ErrorWebFluxAutoConfiguration:
      Did not match:
         - @ConditionalOnClass did not find required class 'org.springframework.web.reactive.config.WebFluxConfigurer' (OnClassCondition)

   FlywayAutoConfiguration:
      Did not match:
         - @ConditionalOnClass did not find required class 'org.flywaydb.core.Flyway' (OnClassCondition)

   FreeMarkerAutoConfiguration:
      Did not match:
         - @ConditionalOnClass did not find required class 'freemarker.template.Configuration' (OnClassCondition)

   GraphQlAutoConfiguration:
      Did not match:
         - @ConditionalOnClass did not find required class 'graphql.GraphQL' (OnClassCondition)

   GraphQlQueryByExampleAutoConfiguration:
      Did not match:
         - @ConditionalOnClass did not find required class 'graphql.GraphQL' (OnClassCondition)

   GraphQlQuerydslAutoConfiguration:
      Did not match:
         - @ConditionalOnClass did not find required class 'com.querydsl.core.Query' (OnClassCondition)

   GraphQlRSocketAutoConfiguration:
      Did not match:
         - @ConditionalOnClass did not find required class 'graphql.GraphQL' (OnClassCondition)

   GraphQlReactiveQueryByExampleAutoConfiguration:
      Did not match:
         - @ConditionalOnClass did not find required class 'graphql.GraphQL' (OnClassCondition)

   GraphQlReactiveQuerydslAutoConfiguration:
      Did not match:
         - @ConditionalOnClass did not find required class 'com.querydsl.core.Query' (OnClassCondition)

   GraphQlWebFluxAutoConfiguration:
      Did not match:
         - @ConditionalOnClass did not find required class 'graphql.GraphQL' (OnClassCondition)

   GraphQlWebFluxSecurityAutoConfiguration:
      Did not match:
         - @ConditionalOnClass did not find required class 'graphql.GraphQL' (OnClassCondition)

   GraphQlWebMvcAutoConfiguration:
      Did not match:
         - @ConditionalOnClass did not find required class 'graphql.GraphQL' (OnClassCondition)

   GraphQlWebMvcSecurityAutoConfiguration:
      Did not match:
         - @ConditionalOnClass did not find required class 'graphql.GraphQL' (OnClassCondition)

   GroovyTemplateAutoConfiguration:
      Did not match:
         - @ConditionalOnClass did not find required class 'groovy.text.markup.MarkupTemplateEngine' (OnClassCondition)

   GsonAutoConfiguration:
      Did not match:
         - @ConditionalOnClass did not find required class 'com.google.gson.Gson' (OnClassCondition)

   GsonHttpMessageConvertersConfiguration:
      Did not match:
         - @ConditionalOnClass did not find required class 'com.google.gson.Gson' (OnClassCondition)

   H2ConsoleAutoConfiguration:
      Did not match:
         - @ConditionalOnClass did not find required class 'org.h2.server.web.JakartaWebServlet' (OnClassCondition)

   HazelcastAutoConfiguration:
      Did not match:
         - @ConditionalOnClass did not find required class 'com.hazelcast.core.HazelcastInstance' (OnClassCondition)

   HazelcastCacheConfiguration:
      Did not match:
         - @ConditionalOnClass did not find required class 'com.hazelcast.core.HazelcastInstance' (OnClassCondition)

   HazelcastJpaDependencyAutoConfiguration:
      Did not match:
         - @ConditionalOnClass did not find required class 'com.hazelcast.core.HazelcastInstance' (OnClassCondition)

   HttpHandlerAutoConfiguration:
      Did not match:
         - @ConditionalOnClass did not find required class 'org.springframework.web.reactive.DispatcherHandler' (OnClassCondition)

   HypermediaAutoConfiguration:
      Did not match:
         - @ConditionalOnClass did not find required class 'org.springframework.hateoas.EntityModel' (OnClassCondition)

   InfinispanCacheConfiguration:
      Did not match:
         - @ConditionalOnClass did not find required class 'org.infinispan.spring.embedded.provider.SpringEmbeddedCacheManager' (OnClassCondition)

   IntegrationAutoConfiguration:
      Did not match:
         - @ConditionalOnClass did not find required class 'org.springframework.integration.config.EnableIntegration' (OnClassCondition)

   JCacheCacheConfiguration:
      Did not match:
         - @ConditionalOnClass did not find required class 'javax.cache.Caching' (OnClassCondition)

   JacksonHttpMessageConvertersConfiguration.MappingJackson2XmlHttpMessageConverterConfiguration:
      Did not match:
         - @ConditionalOnClass did not find required class 'com.fasterxml.jackson.dataformat.xml.XmlMapper' (OnClassCondition)

   JdbcRepositoriesAutoConfiguration:
      Did not match:
         - @ConditionalOnClass did not find required class 'org.springframework.data.jdbc.repository.config.AbstractJdbcConfiguration' (OnClassCondition)

   JerseyAutoConfiguration:
      Did not match:
         - @ConditionalOnClass did not find required class 'org.glassfish.jersey.server.spring.SpringComponentProvider' (OnClassCondition)

   JmsAutoConfiguration:
      Did not match:
         - @ConditionalOnClass did not find required class 'jakarta.jms.Message' (OnClassCondition)

   JndiConnectionFactoryAutoConfiguration:
      Did not match:
         - @ConditionalOnClass did not find required class 'org.springframework.jms.core.JmsTemplate' (OnClassCondition)

   JndiDataSourceAutoConfiguration:
      Did not match:
         - @ConditionalOnProperty (spring.datasource.jndi-name) did not find property 'spring.datasource.jndi-name' (OnPropertyCondition)
      Matched:
         - @ConditionalOnClass found required classes 'javax.sql.DataSource', 'org.springframework.jdbc.datasource.embedded.EmbeddedDatabaseType' (OnClassCondition)

   JndiJtaConfiguration:
      Did not match:
         - @ConditionalOnJndi JNDI environment is not available (OnJndiCondition)
      Matched:
         - @ConditionalOnClass found required class 'org.springframework.transaction.jta.JtaTransactionManager' (OnClassCondition)

   JooqAutoConfiguration:
      Did not match:
         - @ConditionalOnClass did not find required class 'org.jooq.DSLContext' (OnClassCondition)

   JpaRepositoriesAutoConfiguration#entityManagerFactoryBootstrapExecutorCustomizer:
      Did not match:
         - AnyNestedCondition 0 matched 2 did not; NestedCondition on JpaRepositoriesAutoConfiguration.BootstrapExecutorCondition.LazyBootstrapMode @ConditionalOnProperty (spring.data.jpa.repositories.bootstrap-mode=lazy) did not find property 'spring.data.jpa.repositories.bootstrap-mode'; NestedCondition on JpaRepositoriesAutoConfiguration.BootstrapExecutorCondition.DeferredBootstrapMode @ConditionalOnProperty (spring.data.jpa.repositories.bootstrap-mode=deferred) did not find property 'spring.data.jpa.repositories.bootstrap-mode' (JpaRepositoriesAutoConfiguration.BootstrapExecutorCondition)

   JsonbAutoConfiguration:
      Did not match:
         - @ConditionalOnClass did not find required class 'jakarta.json.bind.Jsonb' (OnClassCondition)

   JsonbHttpMessageConvertersConfiguration:
      Did not match:
         - @ConditionalOnClass did not find required class 'jakarta.json.bind.Jsonb' (OnClassCondition)

   KafkaAutoConfiguration:
      Did not match:
         - @ConditionalOnClass did not find required class 'org.springframework.kafka.core.KafkaTemplate' (OnClassCondition)

   LdapAutoConfiguration:
      Did not match:
         - @ConditionalOnClass did not find required class 'org.springframework.ldap.core.ContextSource' (OnClassCondition)

   LdapRepositoriesAutoConfiguration:
      Did not match:
         - @ConditionalOnClass did not find required class 'org.springframework.data.ldap.repository.LdapRepository' (OnClassCondition)

   LiquibaseAutoConfiguration:
      Did not match:
         - @ConditionalOnClass did not find required class 'liquibase.change.DatabaseChange' (OnClassCondition)

   MailSenderAutoConfiguration:
      Did not match:
         - @ConditionalOnClass did not find required class 'jakarta.mail.internet.MimeMessage' (OnClassCondition)

   MailSenderValidatorAutoConfiguration:
      Did not match:
         - @ConditionalOnSingleCandidate did not find required type 'org.springframework.mail.javamail.JavaMailSenderImpl' (OnBeanCondition)

   MessageSourceAutoConfiguration:
      Did not match:
         - ResourceBundle did not find bundle with basename messages (MessageSourceAutoConfiguration.ResourceBundleCondition)

   MongoAutoConfiguration:
      Did not match:
         - @ConditionalOnClass did not find required class 'com.mongodb.client.MongoClient' (OnClassCondition)

   MongoDataAutoConfiguration:
      Did not match:
         - @ConditionalOnClass did not find required class 'com.mongodb.client.MongoClient' (OnClassCondition)

   MongoReactiveAutoConfiguration:
      Did not match:
         - @ConditionalOnClass did not find required class 'com.mongodb.reactivestreams.client.MongoClient' (OnClassCondition)

   MongoReactiveDataAutoConfiguration:
      Did not match:
         - @ConditionalOnClass did not find required class 'com.mongodb.reactivestreams.client.MongoClient' (OnClassCondition)

   MongoReactiveRepositoriesAutoConfiguration:
      Did not match:
         - @ConditionalOnClass did not find required class 'com.mongodb.reactivestreams.client.MongoClient' (OnClassCondition)

   MongoRepositoriesAutoConfiguration:
      Did not match:
         - @ConditionalOnClass did not find required class 'com.mongodb.client.MongoClient' (OnClassCondition)

   MustacheAutoConfiguration:
      Did not match:
         - @ConditionalOnClass did not find required class 'com.samskivert.mustache.Mustache' (OnClassCondition)

   Neo4jAutoConfiguration:
      Did not match:
         - @ConditionalOnClass did not find required class 'org.neo4j.driver.Driver' (OnClassCondition)

   Neo4jDataAutoConfiguration:
      Did not match:
         - @ConditionalOnClass did not find required class 'org.neo4j.driver.Driver' (OnClassCondition)

   Neo4jReactiveDataAutoConfiguration:
      Did not match:
         - @ConditionalOnClass did not find required class 'org.neo4j.driver.Driver' (OnClassCondition)

   Neo4jReactiveRepositoriesAutoConfiguration:
      Did not match:
         - @ConditionalOnClass did not find required class 'org.neo4j.driver.Driver' (OnClassCondition)

   Neo4jRepositoriesAutoConfiguration:
      Did not match:
         - @ConditionalOnClass did not find required class 'org.neo4j.driver.Driver' (OnClassCondition)

   NettyAutoConfiguration:
      Did not match:
         - @ConditionalOnClass did not find required class 'io.netty.util.NettyRuntime' (OnClassCondition)

   OAuth2AuthorizationServerAutoConfiguration:
      Did not match:
         - @ConditionalOnClass did not find required class 'org.springframework.security.oauth2.server.authorization.OAuth2Authorization' (OnClassCondition)

   OAuth2AuthorizationServerJwtAutoConfiguration:
      Did not match:
         - @ConditionalOnClass did not find required class 'com.nimbusds.jose.jwk.source.JWKSource' (OnClassCondition)

   OAuth2ClientAutoConfiguration:
      Did not match:
         - @ConditionalOnClass did not find required class 'org.springframework.security.oauth2.client.registration.ClientRegistration' (OnClassCondition)

   OAuth2ClientWebSecurityAutoConfiguration:
      Did not match:
         - @ConditionalOnClass did not find required class 'org.springframework.security.oauth2.client.web.OAuth2AuthorizedClientRepository' (OnClassCondition)

   OAuth2ResourceServerAutoConfiguration:
      Did not match:
         - @ConditionalOnClass did not find required class 'org.springframework.security.oauth2.server.resource.authentication.BearerTokenAuthenticationToken' (OnClassCondition)

   ProjectInfoAutoConfiguration#buildProperties:
      Did not match:
         - @ConditionalOnResource did not find resource '${spring.info.build.location:classpath:META-INF/build-info.properties}' (OnResourceCondition)

   ProjectInfoAutoConfiguration#gitProperties:
      Did not match:
         - GitResource did not find git info at classpath:git.properties (ProjectInfoAutoConfiguration.GitResourceAvailableCondition)

   PulsarAutoConfiguration:
      Did not match:
         - @ConditionalOnClass did not find required class 'org.apache.pulsar.client.api.PulsarClient' (OnClassCondition)

   PulsarReactiveAutoConfiguration:
      Did not match:
         - @ConditionalOnClass did not find required class 'org.apache.pulsar.client.api.PulsarClient' (OnClassCondition)

   QuartzAutoConfiguration:
      Did not match:
         - @ConditionalOnClass did not find required class 'org.quartz.Scheduler' (OnClassCondition)

   R2dbcAutoConfiguration:
      Did not match:
         - @ConditionalOnClass did not find required class 'io.r2dbc.spi.ConnectionFactory' (OnClassCondition)

   R2dbcDataAutoConfiguration:
      Did not match:
         - @ConditionalOnClass did not find required class 'org.springframework.data.r2dbc.core.R2dbcEntityTemplate' (OnClassCondition)

   R2dbcInitializationConfiguration:
      Did not match:
         - @ConditionalOnClass did not find required classes 'io.r2dbc.spi.ConnectionFactory', 'org.springframework.r2dbc.connection.init.DatabasePopulator' (OnClassCondition)

   R2dbcProxyAutoConfiguration:
      Did not match:
         - @ConditionalOnClass did not find required class 'io.r2dbc.proxy.ProxyConnectionFactory' (OnClassCondition)

   R2dbcRepositoriesAutoConfiguration:
      Did not match:
         - @ConditionalOnClass did not find required class 'io.r2dbc.spi.ConnectionFactory' (OnClassCondition)

   R2dbcTransactionManagerAutoConfiguration:
      Did not match:
         - @ConditionalOnClass did not find required class 'org.springframework.r2dbc.connection.R2dbcTransactionManager' (OnClassCondition)

   RSocketGraphQlClientAutoConfiguration:
      Did not match:
         - @ConditionalOnClass did not find required class 'graphql.GraphQL' (OnClassCondition)

   RSocketMessagingAutoConfiguration:
      Did not match:
         - @ConditionalOnClass did not find required class 'io.rsocket.RSocket' (OnClassCondition)

   RSocketRequesterAutoConfiguration:
      Did not match:
         - @ConditionalOnClass did not find required class 'io.rsocket.RSocket' (OnClassCondition)

   RSocketSecurityAutoConfiguration:
      Did not match:
         - @ConditionalOnClass did not find required class 'org.springframework.security.rsocket.core.SecuritySocketAcceptorInterceptor' (OnClassCondition)

   RSocketServerAutoConfiguration:
      Did not match:
         - @ConditionalOnClass did not find required class 'io.rsocket.core.RSocketServer' (OnClassCondition)

   RSocketStrategiesAutoConfiguration:
      Did not match:
         - @ConditionalOnClass did not find required class 'io.netty.buffer.PooledByteBufAllocator' (OnClassCondition)

   RabbitAutoConfiguration:
      Did not match:
         - @ConditionalOnClass did not find required class 'com.rabbitmq.client.Channel' (OnClassCondition)

   ReactiveElasticsearchClientAutoConfiguration:
      Did not match:
         - @ConditionalOnClass did not find required class 'co.elastic.clients.transport.ElasticsearchTransport' (OnClassCondition)

   ReactiveElasticsearchRepositoriesAutoConfiguration:
      Did not match:
         - @ConditionalOnClass did not find required class 'reactor.core.publisher.Mono' (OnClassCondition)

   ReactiveMultipartAutoConfiguration:
      Did not match:
         - @ConditionalOnClass did not find required class 'org.springframework.web.reactive.config.WebFluxConfigurer' (OnClassCondition)

   ReactiveOAuth2ClientAutoConfiguration:
      Did not match:
         - @ConditionalOnClass did not find required class 'reactor.core.publisher.Flux' (OnClassCondition)

   ReactiveOAuth2ClientWebSecurityAutoConfiguration:
      Did not match:
         - @ConditionalOnClass did not find required class 'reactor.core.publisher.Flux' (OnClassCondition)

   ReactiveOAuth2ResourceServerAutoConfiguration:
      Did not match:
         - @ConditionalOnWebApplication did not find reactive web application classes (OnWebApplicationCondition)

   ReactiveSecurityAutoConfiguration:
      Did not match:
         - @ConditionalOnClass did not find required class 'reactor.core.publisher.Flux' (OnClassCondition)

   ReactiveUserDetailsServiceAutoConfiguration:
      Did not match:
         - AnyNestedCondition 0 matched 2 did not; NestedCondition on ReactiveUserDetailsServiceAutoConfiguration.RSocketEnabledOrReactiveWebApplication.ReactiveWebApplicationCondition did not find reactive web application classes; NestedCondition on ReactiveUserDetailsServiceAutoConfiguration.RSocketEnabledOrReactiveWebApplication.RSocketSecurityEnabledCondition @ConditionalOnBean (types: org.springframework.messaging.rsocket.annotation.support.RSocketMessageHandler; SearchStrategy: all) did not find any beans of type org.springframework.messaging.rsocket.annotation.support.RSocketMessageHandler (ReactiveUserDetailsServiceAutoConfiguration.RSocketEnabledOrReactiveWebApplication)
      Matched:
         - @ConditionalOnClass found required class 'org.springframework.security.authentication.ReactiveAuthenticationManager' (OnClassCondition)
         - AnyNestedCondition 1 matched 2 did not; NestedCondition on ReactiveUserDetailsServiceAutoConfiguration.MissingAlternativeOrUserPropertiesConfigured.PasswordConfigured @ConditionalOnProperty (spring.security.user.password) did not find property 'spring.security.user.password'; NestedCondition on ReactiveUserDetailsServiceAutoConfiguration.MissingAlternativeOrUserPropertiesConfigured.NameConfigured @ConditionalOnProperty (spring.security.user.name) did not find property 'spring.security.user.name'; NestedCondition on ReactiveUserDetailsServiceAutoConfiguration.MissingAlternativeOrUserPropertiesConfigured.MissingAlternative @ConditionalOnMissingClass did not find unwanted classes 'org.springframework.security.oauth2.client.registration.ClientRegistrationRepository', 'org.springframework.security.oauth2.server.resource.introspection.ReactiveOpaqueTokenIntrospector' (ReactiveUserDetailsServiceAutoConfiguration.MissingAlternativeOrUserPropertiesConfigured)

   ReactiveWebServerFactoryAutoConfiguration:
      Did not match:
         - @ConditionalOnWebApplication did not find reactive web application classes (OnWebApplicationCondition)

   ReactorAutoConfiguration:
      Did not match:
         - @ConditionalOnClass did not find required class 'reactor.core.publisher.Hooks' (OnClassCondition)

   RedisAutoConfiguration:
      Did not match:
         - @ConditionalOnClass did not find required class 'org.springframework.data.redis.core.RedisOperations' (OnClassCondition)

   RedisCacheConfiguration:
      Did not match:
         - @ConditionalOnClass did not find required class 'org.springframework.data.redis.connection.RedisConnectionFactory' (OnClassCondition)

   RedisReactiveAutoConfiguration:
      Did not match:
         - @ConditionalOnClass did not find required class 'reactor.core.publisher.Flux' (OnClassCondition)

   RedisRepositoriesAutoConfiguration:
      Did not match:
         - @ConditionalOnClass did not find required class 'org.springframework.data.redis.repository.configuration.EnableRedisRepositories' (OnClassCondition)

   RemoteDevToolsAutoConfiguration:
      Did not match:
         - @ConditionalOnProperty (spring.devtools.remote.secret) did not find property 'spring.devtools.remote.secret' (OnPropertyCondition)
      Matched:
         - @ConditionalOnClass found required classes 'jakarta.servlet.Filter', 'org.springframework.http.server.ServerHttpRequest' (OnClassCondition)

   RepositoryRestMvcAutoConfiguration:
      Did not match:
         - @ConditionalOnClass did not find required class 'org.springframework.data.rest.webmvc.config.RepositoryRestMvcConfiguration' (OnClassCondition)

   Saml2RelyingPartyAutoConfiguration:
      Did not match:
         - @ConditionalOnClass did not find required class 'org.springframework.security.saml2.provider.service.registration.RelyingPartyRegistrationRepository' (OnClassCondition)

   SecurityDataConfiguration:
      Did not match:
         - @ConditionalOnClass did not find required class 'org.springframework.security.data.repository.query.SecurityEvaluationContextExtension' (OnClassCondition)

   SendGridAutoConfiguration:
      Did not match:
         - @ConditionalOnClass did not find required class 'com.sendgrid.SendGrid' (OnClassCondition)

   ServletWebServerFactoryAutoConfiguration.ForwardedHeaderFilterConfiguration:
      Did not match:
         - @ConditionalOnProperty (server.forward-headers-strategy=framework) did not find property 'server.forward-headers-strategy' (OnPropertyCondition)

   ServletWebServerFactoryConfiguration.EmbeddedJetty:
      Did not match:
         - @ConditionalOnClass did not find required classes 'org.eclipse.jetty.server.Server', 'org.eclipse.jetty.util.Loader', 'org.eclipse.jetty.ee10.webapp.WebAppContext' (OnClassCondition)

   ServletWebServerFactoryConfiguration.EmbeddedUndertow:
      Did not match:
         - @ConditionalOnClass did not find required classes 'io.undertow.Undertow', 'org.xnio.SslClientAuthMode' (OnClassCondition)

   SessionAutoConfiguration:
      Did not match:
         - @ConditionalOnClass did not find required class 'org.springframework.session.Session' (OnClassCondition)

   TaskExecutorConfigurations.SimpleAsyncTaskExecutorBuilderConfiguration#simpleAsyncTaskExecutorBuilderVirtualThreads:
      Did not match:
         - @ConditionalOnMissingBean (types: org.springframework.boot.task.SimpleAsyncTaskExecutorBuilder; SearchStrategy: all) found beans of type 'org.springframework.boot.task.SimpleAsyncTaskExecutorBuilder' simpleAsyncTaskExecutorBuilder (OnBeanCondition)

   TaskExecutorConfigurations.TaskExecutorConfiguration#applicationTaskExecutorVirtualThreads:
      Did not match:
         - @ConditionalOnThreading did not find VIRTUAL (OnThreadingCondition)

   TaskSchedulingAutoConfiguration#scheduledBeanLazyInitializationExcludeFilter:
      Did not match:
         - @ConditionalOnBean (names: org.springframework.context.annotation.internalScheduledAnnotationProcessor; SearchStrategy: all) did not find any beans named org.springframework.context.annotation.internalScheduledAnnotationProcessor (OnBeanCondition)

   TaskSchedulingConfigurations.SimpleAsyncTaskSchedulerBuilderConfiguration#simpleAsyncTaskSchedulerBuilderVirtualThreads:
      Did not match:
         - @ConditionalOnMissingBean (types: org.springframework.boot.task.SimpleAsyncTaskSchedulerBuilder; SearchStrategy: all) found beans of type 'org.springframework.boot.task.SimpleAsyncTaskSchedulerBuilder' simpleAsyncTaskSchedulerBuilder (OnBeanCondition)

   TaskSchedulingConfigurations.TaskSchedulerConfiguration:
      Did not match:
         - @ConditionalOnBean (names: org.springframework.context.annotation.internalScheduledAnnotationProcessor; SearchStrategy: all) did not find any beans named org.springframework.context.annotation.internalScheduledAnnotationProcessor (OnBeanCondition)

   ThymeleafAutoConfiguration:
      Did not match:
         - @ConditionalOnClass did not find required class 'org.thymeleaf.spring6.SpringTemplateEngine' (OnClassCondition)

   TransactionAutoConfiguration#transactionalOperator:
      Did not match:
         - @ConditionalOnSingleCandidate (types: org.springframework.transaction.ReactiveTransactionManager; SearchStrategy: all) did not find any beans (OnBeanCondition)

   TransactionAutoConfiguration.AspectJTransactionManagementConfiguration:
      Did not match:
         - @ConditionalOnBean (types: org.springframework.transaction.aspectj.AbstractTransactionAspect; SearchStrategy: all) did not find any beans of type org.springframework.transaction.aspectj.AbstractTransactionAspect (OnBeanCondition)

   TransactionAutoConfiguration.EnableTransactionManagementConfiguration.JdkDynamicAutoProxyConfiguration:
      Did not match:
         - @ConditionalOnBooleanProperty (spring.aop.proxy-target-class=false) did not find property 'spring.aop.proxy-target-class' (OnPropertyCondition)

   WebClientAutoConfiguration:
      Did not match:
         - @ConditionalOnClass did not find required class 'org.springframework.web.reactive.function.client.WebClient' (OnClassCondition)

   WebFluxAutoConfiguration:
      Did not match:
         - @ConditionalOnClass did not find required class 'org.springframework.web.reactive.config.WebFluxConfigurer' (OnClassCondition)

   WebMvcAutoConfiguration#hiddenHttpMethodFilter:
      Did not match:
         - @ConditionalOnBooleanProperty (spring.mvc.hiddenmethod.filter.enabled=true) did not find property 'spring.mvc.hiddenmethod.filter.enabled' (OnPropertyCondition)

   WebMvcAutoConfiguration.ProblemDetailsErrorHandlingConfiguration:
      Did not match:
         - @ConditionalOnBooleanProperty (spring.mvc.problemdetails.enabled=true) did not find property 'spring.mvc.problemdetails.enabled' (OnPropertyCondition)

   WebMvcAutoConfiguration.ResourceChainCustomizerConfiguration:
      Did not match:
         - @ConditionalOnEnabledResourceChain did not find class org.webjars.WebJarVersionLocator (OnEnabledResourceChainCondition)

   WebMvcAutoConfiguration.WebMvcAutoConfigurationAdapter#beanNameViewResolver:
      Did not match:
         - @ConditionalOnMissingBean (types: org.springframework.web.servlet.view.BeanNameViewResolver; SearchStrategy: all) found beans of type 'org.springframework.web.servlet.view.BeanNameViewResolver' beanNameViewResolver (OnBeanCondition)

   WebServiceTemplateAutoConfiguration:
      Did not match:
         - @ConditionalOnClass did not find required class 'org.springframework.oxm.Marshaller' (OnClassCondition)

   WebServicesAutoConfiguration:
      Did not match:
         - @ConditionalOnClass did not find required class 'org.springframework.ws.transport.http.MessageDispatcherServlet' (OnClassCondition)

   WebSessionIdResolverAutoConfiguration:
      Did not match:
         - @ConditionalOnClass did not find required class 'reactor.core.publisher.Mono' (OnClassCondition)

   WebSocketMessagingAutoConfiguration:
      Did not match:
         - @ConditionalOnClass did not find required class 'org.springframework.web.socket.config.annotation.WebSocketMessageBrokerConfigurer' (OnClassCondition)

   WebSocketReactiveAutoConfiguration:
      Did not match:
         - @ConditionalOnWebApplication did not find reactive web application classes (OnWebApplicationCondition)

   WebSocketServletAutoConfiguration.JettyWebSocketConfiguration:
      Did not match:
         - @ConditionalOnClass did not find required class 'org.eclipse.jetty.ee10.websocket.jakarta.server.config.JakartaWebSocketServletContainerInitializer' (OnClassCondition)

   WebSocketServletAutoConfiguration.UndertowWebSocketConfiguration:
      Did not match:
         - @ConditionalOnClass did not find required class 'io.undertow.websockets.jsr.Bootstrap' (OnClassCondition)

   XADataSourceAutoConfiguration:
      Did not match:
         - @ConditionalOnBean (types: org.springframework.boot.jdbc.XADataSourceWrapper; SearchStrategy: all) did not find any beans of type org.springframework.boot.jdbc.XADataSourceWrapper (OnBeanCondition)
      Matched:
         - @ConditionalOnClass found required classes 'javax.sql.DataSource', 'jakarta.transaction.TransactionManager', 'org.springframework.jdbc.datasource.embedded.EmbeddedDatabaseType' (OnClassCondition)


Exclusions:
-----------

    None


Unconditional classes:
----------------------

    org.springframework.boot.autoconfigure.context.ConfigurationPropertiesAutoConfiguration

    org.springframework.boot.autoconfigure.ssl.SslAutoConfiguration

    org.springframework.boot.autoconfigure.context.LifecycleAutoConfiguration

    org.springframework.boot.autoconfigure.context.PropertyPlaceholderAutoConfiguration

    org.springframework.boot.autoconfigure.availability.ApplicationAvailabilityAutoConfiguration

    org.springframework.boot.autoconfigure.info.ProjectInfoAutoConfiguration



2026-02-09 13:30:44 - INFO - c.e.EnterpriseflowApplication - Started EnterpriseflowApplication in 10.509 seconds (process running for 12.194)
2026-02-09 13:30:44 - DEBUG - o.s.b.a.ApplicationAvailabilityBean - Application availability state LivenessState changed to CORRECT
2026-02-09 13:30:44 - DEBUG - o.s.boot.devtools.restart.Restarter - Creating new Restarter for thread Thread[main,5,main]
2026-02-09 13:30:44 - DEBUG - o.s.boot.devtools.restart.Restarter - Immediately restarting application
2026-02-09 13:30:44 - DEBUG - o.s.boot.devtools.restart.Restarter - Starting application com.enterpriseflow.EnterpriseflowApplication with URLs [file:/F:/projects2025/EnterpriseFlow/enterpriseflow/target/classes/]
2026-02-09 13:30:44 - DEBUG - o.s.b.a.ApplicationAvailabilityBean - Application availability state ReadinessState changed to ACCEPTING_TRAFFIC
2026-02-09 13:30:44 - DEBUG - sun.rmi.transport.tcp - RMI TCP Connection(2)-127.0.0.1: (port 61316) op = 82
2026-02-09 13:30:44 - DEBUG - sun.rmi.transport.tcp - RMI TCP Connection(2)-127.0.0.1: (port 61316) op = 80
2026-02-09 13:30:44 - DEBUG - sun.rmi.loader - RMI TCP Connection(2)-127.0.0.1: name = "javax.management.ObjectName", codebase = ""
2026-02-09 13:30:44 - DEBUG - javax.management.remote.rmi - connectionId=rmi://127.0.0.1  1, name=org.springframework.boot:type=Admin,name=SpringApplication, attribute=Ready
2026-02-09 13:31:03 - DEBUG - sun.rmi.transport.tcp - RMI TCP Connection(1)-127.0.0.1: (port 61313) connection closed
2026-02-09 13:31:03 - DEBUG - sun.rmi.transport.tcp - RMI TCP Connection(1)-127.0.0.1: close connection, socket: Socket[addr=/127.0.0.1,port=61319,localport=61313]
2026-02-09 13:31:03 - DEBUG - sun.rmi.transport.tcp - RMI TCP Connection(1)-127.0.0.1: socket close: Socket[addr=/127.0.0.1,port=61319,localport=61313]
2026-02-09 13:31:03 - DEBUG - sun.rmi.transport.tcp - RMI TCP Connection(2)-127.0.0.1: (port 61316) connection closed
2026-02-09 13:31:03 - DEBUG - sun.rmi.transport.tcp - RMI TCP Connection(2)-127.0.0.1: close connection, socket: Socket[addr=/127.0.0.1,port=61320,localport=61316]
2026-02-09 13:31:03 - DEBUG - sun.rmi.transport.tcp - RMI TCP Connection(2)-127.0.0.1: socket close: Socket[addr=/127.0.0.1,port=61320,localport=61316]
2026-02-09 13:31:10 - DEBUG - com.zaxxer.hikari.pool.HikariPool - HikariPool-1 - Pool stats (total=10/10, idle=10/10, active=0, waiting=0)
2026-02-09 13:31:10 - DEBUG - com.zaxxer.hikari.pool.HikariPool - HikariPool-1 - Fill pool skipped, pool has sufficient level or currently being filled.
2026-02-09 13:31:33 - DEBUG - sun.rmi.transport.tcp - RMI TCP Connection(3)-127.0.0.1: accepted socket from [127.0.0.1:61333]
2026-02-09 13:31:33 - DEBUG - sun.rmi.transport.tcp - RMI TCP Connection(3)-127.0.0.1: (port 61316) op = 80
2026-02-09 13:31:33 - DEBUG - javax.management.remote.rmi - connectionId=rmi://127.0.0.1  1
2026-02-09 13:31:40 - DEBUG - com.zaxxer.hikari.pool.HikariPool - HikariPool-1 - Pool stats (total=10/10, idle=10/10, active=0, waiting=0)
2026-02-09 13:31:40 - DEBUG - com.zaxxer.hikari.pool.HikariPool - HikariPool-1 - Fill pool skipped, pool has sufficient level or currently being filled.
2026-02-09 13:31:48 - DEBUG - sun.rmi.transport.tcp - RMI TCP Connection(3)-127.0.0.1: (port 61316) connection closed
2026-02-09 13:31:48 - DEBUG - sun.rmi.transport.tcp - RMI TCP Connection(3)-127.0.0.1: close connection, socket: Socket[addr=/127.0.0.1,port=61333,localport=61316]
2026-02-09 13:31:48 - DEBUG - sun.rmi.transport.tcp - RMI TCP Connection(3)-127.0.0.1: socket close: Socket[addr=/127.0.0.1,port=61333,localport=61316]
2026-02-09 13:32:10 - DEBUG - com.zaxxer.hikari.pool.HikariPool - HikariPool-1 - Pool stats (total=10/10, idle=10/10, active=0, waiting=0)
2026-02-09 13:32:10 - DEBUG - com.zaxxer.hikari.pool.HikariPool - HikariPool-1 - Fill pool skipped, pool has sufficient level or currently being filled.
2026-02-09 13:32:16 - DEBUG - com.zaxxer.hikari.pool.HikariPool - HikariPool-1 - keepalive: connection com.mysql.cj.jdbc.ConnectionImpl@7da2ad5d is alive
2026-02-09 13:32:18 - DEBUG - com.zaxxer.hikari.pool.HikariPool - HikariPool-1 - keepalive: connection com.mysql.cj.jdbc.ConnectionImpl@4e34fb4b is alive
2026-02-09 13:32:29 - DEBUG - com.zaxxer.hikari.pool.HikariPool - HikariPool-1 - keepalive: connection com.mysql.cj.jdbc.ConnectionImpl@1112c4f6 is alive
2026-02-09 13:32:33 - DEBUG - sun.rmi.transport.tcp - RMI TCP Connection(4)-127.0.0.1: accepted socket from [127.0.0.1:61336]
2026-02-09 13:32:33 - DEBUG - sun.rmi.transport.tcp - RMI TCP Connection(4)-127.0.0.1: (port 61316) op = 80
2026-02-09 13:32:33 - DEBUG - javax.management.remote.rmi - connectionId=rmi://127.0.0.1  1
2026-02-09 13:32:34 - DEBUG - com.zaxxer.hikari.pool.HikariPool - HikariPool-1 - keepalive: connection com.mysql.cj.jdbc.ConnectionImpl@51162860 is alive
2026-02-09 13:32:37 - DEBUG - com.zaxxer.hikari.pool.HikariPool - HikariPool-1 - keepalive: connection com.mysql.cj.jdbc.ConnectionImpl@7bfc2597 is alive
2026-02-09 13:32:38 - DEBUG - com.zaxxer.hikari.pool.HikariPool - HikariPool-1 - keepalive: connection com.mysql.cj.jdbc.ConnectionImpl@449920c9 is alive
2026-02-09 13:32:38 - DEBUG - com.zaxxer.hikari.pool.HikariPool - HikariPool-1 - keepalive: connection com.mysql.cj.jdbc.ConnectionImpl@40d71caf is alive
2026-02-09 13:32:39 - DEBUG - com.zaxxer.hikari.pool.HikariPool - HikariPool-1 - keepalive: connection com.mysql.cj.jdbc.ConnectionImpl@5dfc77a is alive
2026-02-09 13:32:40 - DEBUG - com.zaxxer.hikari.pool.HikariPool - HikariPool-1 - Pool stats (total=10/10, idle=10/10, active=0, waiting=0)
2026-02-09 13:32:40 - DEBUG - com.zaxxer.hikari.pool.HikariPool - HikariPool-1 - Fill pool skipped, pool has sufficient level or currently being filled.
2026-02-09 13:32:40 - DEBUG - com.zaxxer.hikari.pool.HikariPool - HikariPool-1 - keepalive: connection com.mysql.cj.jdbc.ConnectionImpl@2379fc8d is alive
2026-02-09 13:32:40 - DEBUG - com.zaxxer.hikari.pool.HikariPool - HikariPool-1 - keepalive: connection com.mysql.cj.jdbc.ConnectionImpl@641de40 is alive
2026-02-09 13:32:48 - DEBUG - sun.rmi.transport.tcp - RMI TCP Connection(4)-127.0.0.1: (port 61316) connection closed
2026-02-09 13:32:48 - DEBUG - sun.rmi.transport.tcp - RMI TCP Connection(4)-127.0.0.1: close connection, socket: Socket[addr=/127.0.0.1,port=61336,localport=61316]
2026-02-09 13:32:48 - DEBUG - sun.rmi.transport.tcp - RMI TCP Connection(4)-127.0.0.1: socket close: Socket[addr=/127.0.0.1,port=61336,localport=61316]
2026-02-09 13:33:10 - DEBUG - com.zaxxer.hikari.pool.HikariPool - HikariPool-1 - Pool stats (total=10/10, idle=10/10, active=0, waiting=0)
2026-02-09 13:33:10 - DEBUG - com.zaxxer.hikari.pool.HikariPool - HikariPool-1 - Fill pool skipped, pool has sufficient level or currently being filled.
2026-02-09 13:33:33 - DEBUG - sun.rmi.transport.tcp - RMI TCP Connection(5)-127.0.0.1: accepted socket from [127.0.0.1:60701]
2026-02-09 13:33:33 - DEBUG - sun.rmi.transport.tcp - RMI TCP Connection(5)-127.0.0.1: (port 61316) op = 80
2026-02-09 13:33:33 - DEBUG - javax.management.remote.rmi - connectionId=rmi://127.0.0.1  1
2026-02-09 13:33:40 - DEBUG - com.zaxxer.hikari.pool.HikariPool - HikariPool-1 - Pool stats (total=10/10, idle=10/10, active=0, waiting=0)
2026-02-09 13:33:40 - DEBUG - com.zaxxer.hikari.pool.HikariPool - HikariPool-1 - Fill pool skipped, pool has sufficient level or currently being filled.
2026-02-09 13:33:48 - DEBUG - sun.rmi.transport.tcp - RMI TCP Connection(5)-127.0.0.1: (port 61316) connection closed
2026-02-09 13:33:48 - DEBUG - sun.rmi.transport.tcp - RMI TCP Connection(5)-127.0.0.1: close connection, socket: Socket[addr=/127.0.0.1,port=60701,localport=61316]
2026-02-09 13:33:48 - DEBUG - sun.rmi.transport.tcp - RMI TCP Connection(5)-127.0.0.1: socket close: Socket[addr=/127.0.0.1,port=60701,localport=61316]
2026-02-09 13:33:53 - DEBUG - com.zaxxer.hikari.pool.HikariPool - HikariPool-1 - keepalive: connection com.mysql.cj.jdbc.ConnectionImpl@7da2ad5d is alive
2026-02-09 13:33:55 - DEBUG - com.zaxxer.hikari.pool.HikariPool - HikariPool-1 - keepalive: connection com.mysql.cj.jdbc.ConnectionImpl@4e34fb4b is alive
2026-02-09 13:34:10 - DEBUG - com.zaxxer.hikari.pool.HikariPool - HikariPool-1 - Pool stats (total=10/10, idle=10/10, active=0, waiting=0)
2026-02-09 13:34:10 - DEBUG - com.zaxxer.hikari.pool.HikariPool - HikariPool-1 - Fill pool skipped, pool has sufficient level or currently being filled.
2026-02-09 13:34:17 - DEBUG - com.zaxxer.hikari.pool.HikariPool - HikariPool-1 - keepalive: connection com.mysql.cj.jdbc.ConnectionImpl@1112c4f6 is alive
2026-02-09 13:34:28 - DEBUG - com.zaxxer.hikari.pool.HikariPool - HikariPool-1 - keepalive: connection com.mysql.cj.jdbc.ConnectionImpl@51162860 is alive
2026-02-09 13:34:33 - DEBUG - com.zaxxer.hikari.pool.HikariPool - HikariPool-1 - keepalive: connection com.mysql.cj.jdbc.ConnectionImpl@7bfc2597 is alive
2026-02-09 13:34:33 - DEBUG - sun.rmi.transport.tcp - RMI TCP Connection(6)-127.0.0.1: accepted socket from [127.0.0.1:60703]
2026-02-09 13:34:33 - DEBUG - sun.rmi.transport.tcp - RMI TCP Connection(6)-127.0.0.1: (port 61316) op = 80
2026-02-09 13:34:33 - DEBUG - javax.management.remote.rmi - connectionId=rmi://127.0.0.1  1
2026-02-09 13:34:35 - DEBUG - com.zaxxer.hikari.pool.HikariPool - HikariPool-1 - keepalive: connection com.mysql.cj.jdbc.ConnectionImpl@449920c9 is alive
2026-02-09 13:34:36 - DEBUG - com.zaxxer.hikari.pool.HikariPool - HikariPool-1 - keepalive: connection com.mysql.cj.jdbc.ConnectionImpl@40d71caf is alive
2026-02-09 13:34:38 - DEBUG - com.zaxxer.hikari.pool.HikariPool - HikariPool-1 - keepalive: connection com.mysql.cj.jdbc.ConnectionImpl@5dfc77a is alive
2026-02-09 13:34:40 - DEBUG - com.zaxxer.hikari.pool.HikariPool - HikariPool-1 - keepalive: connection com.mysql.cj.jdbc.ConnectionImpl@2379fc8d is alive
2026-02-09 13:34:40 - DEBUG - com.zaxxer.hikari.pool.HikariPool - HikariPool-1 - Pool stats (total=10/10, idle=10/10, active=0, waiting=0)
2026-02-09 13:34:40 - DEBUG - com.zaxxer.hikari.pool.HikariPool - HikariPool-1 - Fill pool skipped, pool has sufficient level or currently being filled.
2026-02-09 13:34:40 - DEBUG - com.zaxxer.hikari.pool.HikariPool - HikariPool-1 - keepalive: connection com.mysql.cj.jdbc.ConnectionImpl@641de40 is alive
2026-02-09 13:34:48 - DEBUG - sun.rmi.transport.tcp - RMI TCP Connection(6)-127.0.0.1: (port 61316) connection closed
2026-02-09 13:34:48 - DEBUG - sun.rmi.transport.tcp - RMI TCP Connection(6)-127.0.0.1: close connection, socket: Socket[addr=/127.0.0.1,port=60703,localport=61316]
2026-02-09 13:34:48 - DEBUG - sun.rmi.transport.tcp - RMI TCP Connection(6)-127.0.0.1: socket close: Socket[addr=/127.0.0.1,port=60703,localport=61316]
2026-02-09 13:35:10 - DEBUG - com.zaxxer.hikari.pool.HikariPool - HikariPool-1 - Pool stats (total=10/10, idle=10/10, active=0, waiting=0)
2026-02-09 13:35:10 - DEBUG - com.zaxxer.hikari.pool.HikariPool - HikariPool-1 - Fill pool skipped, pool has sufficient level or currently being filled.
2026-02-09 13:35:30 - DEBUG - com.zaxxer.hikari.pool.HikariPool - HikariPool-1 - keepalive: connection com.mysql.cj.jdbc.ConnectionImpl@7da2ad5d is alive
2026-02-09 13:35:33 - DEBUG - com.zaxxer.hikari.pool.HikariPool - HikariPool-1 - keepalive: connection com.mysql.cj.jdbc.ConnectionImpl@4e34fb4b is alive
2026-02-09 13:35:33 - DEBUG - sun.rmi.transport.tcp - RMI TCP Connection(7)-127.0.0.1: accepted socket from [127.0.0.1:65118]
2026-02-09 13:35:33 - DEBUG - sun.rmi.transport.tcp - RMI TCP Connection(7)-127.0.0.1: (port 61316) op = 80
2026-02-09 13:35:33 - DEBUG - sun.rmi.loader - RMI TCP Connection(7)-127.0.0.1: name = "[Ljava.rmi.server.ObjID;", codebase = "", defaultLoader = jdk.internal.loader.ClassLoaders$PlatformClassLoader@5da1fa9
2026-02-09 13:35:33 - DEBUG - sun.rmi.loader - RMI TCP Connection(7)-127.0.0.1: name = "java.rmi.dgc.Lease", codebase = "", defaultLoader = jdk.internal.loader.ClassLoaders$PlatformClassLoader@5da1fa9
2026-02-09 13:35:33 - DEBUG - sun.rmi.loader - RMI TCP Connection(7)-127.0.0.1: name = "java.rmi.dgc.VMID", codebase = "", defaultLoader = jdk.internal.loader.ClassLoaders$PlatformClassLoader@5da1fa9
2026-02-09 13:35:33 - DEBUG - sun.rmi.loader - RMI TCP Connection(7)-127.0.0.1: name = "[B", codebase = "", defaultLoader = jdk.internal.loader.ClassLoaders$PlatformClassLoader@5da1fa9
2026-02-09 13:35:33 - DEBUG - sun.rmi.loader - RMI TCP Connection(7)-127.0.0.1: name = "java.rmi.server.UID", codebase = "", defaultLoader = jdk.internal.loader.ClassLoaders$PlatformClassLoader@5da1fa9
2026-02-09 13:35:33 - DEBUG - sun.rmi.transport.tcp - RMI TCP Connection(7)-127.0.0.1: (port 61316) op = 82
2026-02-09 13:35:33 - DEBUG - sun.rmi.transport.tcp - RMI TCP Connection(7)-127.0.0.1: (port 61316) op = 80
2026-02-09 13:35:33 - DEBUG - javax.management.remote.rmi - connectionId=rmi://127.0.0.1  1
2026-02-09 13:35:40 - DEBUG - com.zaxxer.hikari.pool.HikariPool - HikariPool-1 - Pool stats (total=10/10, idle=10/10, active=0, waiting=0)
2026-02-09 13:35:40 - DEBUG - com.zaxxer.hikari.pool.HikariPool - HikariPool-1 - Fill pool skipped, pool has sufficient level or currently being filled.
2026-02-09 13:36:03 - DEBUG - sun.rmi.transport.tcp - RMI TCP Connection(7)-127.0.0.1: (port 61316) connection closed
2026-02-09 13:36:03 - DEBUG - sun.rmi.transport.tcp - RMI TCP Connection(7)-127.0.0.1: close connection, socket: Socket[addr=/127.0.0.1,port=65118,localport=61316]
2026-02-09 13:36:03 - DEBUG - sun.rmi.transport.tcp - RMI TCP Connection(7)-127.0.0.1: socket close: Socket[addr=/127.0.0.1,port=65118,localport=61316]
2026-02-09 13:36:06 - DEBUG - com.zaxxer.hikari.pool.HikariPool - HikariPool-1 - keepalive: connection com.mysql.cj.jdbc.ConnectionImpl@1112c4f6 is alive
2026-02-09 13:36:10 - DEBUG - com.zaxxer.hikari.pool.HikariPool - HikariPool-1 - Pool stats (total=10/10, idle=10/10, active=0, waiting=0)
2026-02-09 13:36:10 - DEBUG - com.zaxxer.hikari.pool.HikariPool - HikariPool-1 - Fill pool skipped, pool has sufficient level or currently being filled.
2026-02-09 13:36:22 - DEBUG - com.zaxxer.hikari.pool.HikariPool - HikariPool-1 - keepalive: connection com.mysql.cj.jdbc.ConnectionImpl@51162860 is alive
2026-02-09 13:36:29 - DEBUG - com.zaxxer.hikari.pool.HikariPool - HikariPool-1 - keepalive: connection com.mysql.cj.jdbc.ConnectionImpl@7bfc2597 is alive
2026-02-09 13:36:33 - DEBUG - com.zaxxer.hikari.pool.HikariPool - HikariPool-1 - keepalive: connection com.mysql.cj.jdbc.ConnectionImpl@449920c9 is alive
2026-02-09 13:36:33 - DEBUG - sun.rmi.transport.tcp - RMI TCP Connection(8)-127.0.0.1: accepted socket from [127.0.0.1:65121]
2026-02-09 13:36:33 - DEBUG - sun.rmi.transport.tcp - RMI TCP Connection(8)-127.0.0.1: (port 61316) op = 80
2026-02-09 13:36:33 - DEBUG - javax.management.remote.rmi - connectionId=rmi://127.0.0.1  1
2026-02-09 13:36:33 - DEBUG - com.zaxxer.hikari.pool.HikariPool - HikariPool-1 - keepalive: connection com.mysql.cj.jdbc.ConnectionImpl@40d71caf is alive
2026-02-09 13:36:38 - DEBUG - com.zaxxer.hikari.pool.HikariPool - HikariPool-1 - keepalive: connection com.mysql.cj.jdbc.ConnectionImpl@5dfc77a is alive
2026-02-09 13:36:40 - DEBUG - com.zaxxer.hikari.pool.HikariPool - HikariPool-1 - keepalive: connection com.mysql.cj.jdbc.ConnectionImpl@2379fc8d is alive
2026-02-09 13:36:40 - DEBUG - com.zaxxer.hikari.pool.HikariPool - HikariPool-1 - Pool stats (total=10/10, idle=10/10, active=0, waiting=0)
2026-02-09 13:36:40 - DEBUG - com.zaxxer.hikari.pool.HikariPool - HikariPool-1 - Fill pool skipped, pool has sufficient level or currently being filled.
2026-02-09 13:36:40 - DEBUG - com.zaxxer.hikari.pool.HikariPool - HikariPool-1 - keepalive: connection com.mysql.cj.jdbc.ConnectionImpl@641de40 is alive
2026-02-09 13:36:48 - DEBUG - sun.rmi.transport.tcp - RMI TCP Connection(8)-127.0.0.1: (port 61316) connection closed
2026-02-09 13:36:48 - DEBUG - sun.rmi.transport.tcp - RMI TCP Connection(8)-127.0.0.1: close connection, socket: Socket[addr=/127.0.0.1,port=65121,localport=61316]
2026-02-09 13:36:48 - DEBUG - sun.rmi.transport.tcp - RMI TCP Connection(8)-127.0.0.1: socket close: Socket[addr=/127.0.0.1,port=65121,localport=61316]
2026-02-09 13:37:07 - DEBUG - com.zaxxer.hikari.pool.HikariPool - HikariPool-1 - keepalive: connection com.mysql.cj.jdbc.ConnectionImpl@7da2ad5d is alive
2026-02-09 13:37:10 - DEBUG - com.zaxxer.hikari.pool.HikariPool - HikariPool-1 - Pool stats (total=10/10, idle=10/10, active=0, waiting=0)
2026-02-09 13:37:10 - DEBUG - com.zaxxer.hikari.pool.HikariPool - HikariPool-1 - Fill pool skipped, pool has sufficient level or currently being filled.
2026-02-09 13:37:10 - DEBUG - com.zaxxer.hikari.pool.HikariPool - HikariPool-1 - keepalive: connection com.mysql.cj.jdbc.ConnectionImpl@4e34fb4b is alive
2026-02-09 13:37:33 - DEBUG - sun.rmi.transport.tcp - RMI TCP Connection(9)-127.0.0.1: accepted socket from [127.0.0.1:57803]
2026-02-09 13:37:33 - DEBUG - sun.rmi.transport.tcp - RMI TCP Connection(9)-127.0.0.1: (port 61316) op = 80
2026-02-09 13:37:33 - DEBUG - javax.management.remote.rmi - connectionId=rmi://127.0.0.1  1
2026-02-09 13:37:40 - DEBUG - com.zaxxer.hikari.pool.HikariPool - HikariPool-1 - Pool stats (total=10/10, idle=10/10, active=0, waiting=0)
2026-02-09 13:37:40 - DEBUG - com.zaxxer.hikari.pool.HikariPool - HikariPool-1 - Fill pool skipped, pool has sufficient level or currently being filled.
2026-02-09 13:37:48 - DEBUG - sun.rmi.transport.tcp - RMI TCP Connection(9)-127.0.0.1: (port 61316) connection closed
2026-02-09 13:37:48 - DEBUG - sun.rmi.transport.tcp - RMI TCP Connection(9)-127.0.0.1: close connection, socket: Socket[addr=/127.0.0.1,port=57803,localport=61316]
2026-02-09 13:37:48 - DEBUG - sun.rmi.transport.tcp - RMI TCP Connection(9)-127.0.0.1: socket close: Socket[addr=/127.0.0.1,port=57803,localport=61316]
2026-02-09 13:37:55 - DEBUG - com.zaxxer.hikari.pool.HikariPool - HikariPool-1 - keepalive: connection com.mysql.cj.jdbc.ConnectionImpl@1112c4f6 is alive
2026-02-09 13:38:10 - DEBUG - com.zaxxer.hikari.pool.HikariPool - HikariPool-1 - Pool stats (total=10/10, idle=10/10, active=0, waiting=0)
2026-02-09 13:38:10 - DEBUG - com.zaxxer.hikari.pool.HikariPool - HikariPool-1 - Fill pool skipped, pool has sufficient level or currently being filled.
2026-02-09 13:38:16 - DEBUG - com.zaxxer.hikari.pool.HikariPool - HikariPool-1 - keepalive: connection com.mysql.cj.jdbc.ConnectionImpl@51162860 is alive
2026-02-09 13:38:26 - DEBUG - com.zaxxer.hikari.pool.HikariPool - HikariPool-1 - keepalive: connection com.mysql.cj.jdbc.ConnectionImpl@7bfc2597 is alive
2026-02-09 13:38:30 - DEBUG - com.zaxxer.hikari.pool.HikariPool - HikariPool-1 - keepalive: connection com.mysql.cj.jdbc.ConnectionImpl@449920c9 is alive
2026-02-09 13:38:31 - DEBUG - com.zaxxer.hikari.pool.HikariPool - HikariPool-1 - keepalive: connection com.mysql.cj.jdbc.ConnectionImpl@40d71caf is alive
2026-02-09 13:38:33 - DEBUG - sun.rmi.transport.tcp - RMI TCP Connection(10)-127.0.0.1: accepted socket from [127.0.0.1:57805]
2026-02-09 13:38:33 - DEBUG - sun.rmi.transport.tcp - RMI TCP Connection(10)-127.0.0.1: (port 61316) op = 80
2026-02-09 13:38:33 - DEBUG - javax.management.remote.rmi - connectionId=rmi://127.0.0.1  1
2026-02-09 13:38:37 - DEBUG - com.zaxxer.hikari.pool.HikariPool - HikariPool-1 - keepalive: connection com.mysql.cj.jdbc.ConnectionImpl@5dfc77a is alive
2026-02-09 13:38:39 - DEBUG - com.zaxxer.hikari.pool.HikariPool - HikariPool-1 - keepalive: connection com.mysql.cj.jdbc.ConnectionImpl@2379fc8d is alive
2026-02-09 13:38:40 - DEBUG - com.zaxxer.hikari.pool.HikariPool - HikariPool-1 - Pool stats (total=10/10, idle=10/10, active=0, waiting=0)
2026-02-09 13:38:40 - DEBUG - com.zaxxer.hikari.pool.HikariPool - HikariPool-1 - Fill pool skipped, pool has sufficient level or currently being filled.
2026-02-09 13:38:40 - DEBUG - com.zaxxer.hikari.pool.HikariPool - HikariPool-1 - keepalive: connection com.mysql.cj.jdbc.ConnectionImpl@641de40 is alive
2026-02-09 13:38:44 - DEBUG - com.zaxxer.hikari.pool.HikariPool - HikariPool-1 - keepalive: connection com.mysql.cj.jdbc.ConnectionImpl@7da2ad5d is alive
2026-02-09 13:38:47 - DEBUG - com.zaxxer.hikari.pool.HikariPool - HikariPool-1 - keepalive: connection com.mysql.cj.jdbc.ConnectionImpl@4e34fb4b is alive
2026-02-09 13:38:48 - DEBUG - sun.rmi.transport.tcp - RMI TCP Connection(10)-127.0.0.1: (port 61316) connection closed
2026-02-09 13:38:48 - DEBUG - sun.rmi.transport.tcp - RMI TCP Connection(10)-127.0.0.1: close connection, socket: Socket[addr=/127.0.0.1,port=57805,localport=61316]
2026-02-09 13:38:48 - DEBUG - sun.rmi.transport.tcp - RMI TCP Connection(10)-127.0.0.1: socket close: Socket[addr=/127.0.0.1,port=57805,localport=61316]
2026-02-09 13:38:57 - DEBUG - sun.rmi.transport.tcp - RMI TCP Connection(11)-127.0.0.1: accepted socket from [127.0.0.1:57807]
2026-02-09 13:38:57 - DEBUG - sun.rmi.transport.tcp - RMI TCP Connection(11)-127.0.0.1: (port 61313) op = 80
2026-02-09 13:38:57 - DEBUG - sun.rmi.transport.tcp - RMI TCP Connection(11)-127.0.0.1: (port 61313) op = 84
2026-02-09 13:38:57 - DEBUG - sun.rmi.transport.tcp - RMI TCP Connection(12)-127.0.0.1: accepted socket from [127.0.0.1:57808]
2026-02-09 13:38:57 - DEBUG - sun.rmi.transport.tcp - RMI TCP Connection(12)-127.0.0.1: (port 61316) op = 80
2026-02-09 13:38:57 - DEBUG - sun.rmi.transport.tcp - RMI TCP Connection(12)-127.0.0.1: (port 61316) op = 80
2026-02-09 13:38:57 - DEBUG - sun.rmi.loader - RMI TCP Connection(12)-127.0.0.1: name = "[Ljava.rmi.server.ObjID;", codebase = "", defaultLoader = jdk.internal.loader.ClassLoaders$PlatformClassLoader@5da1fa9
2026-02-09 13:38:57 - DEBUG - sun.rmi.loader - RMI TCP Connection(12)-127.0.0.1: name = "java.rmi.server.ObjID", codebase = "", defaultLoader = jdk.internal.loader.ClassLoaders$PlatformClassLoader@5da1fa9
2026-02-09 13:38:57 - DEBUG - sun.rmi.loader - RMI TCP Connection(12)-127.0.0.1: name = "java.rmi.server.UID", codebase = "", defaultLoader = jdk.internal.loader.ClassLoaders$PlatformClassLoader@5da1fa9
2026-02-09 13:38:57 - DEBUG - sun.rmi.loader - RMI TCP Connection(12)-127.0.0.1: name = "java.rmi.dgc.Lease", codebase = "", defaultLoader = jdk.internal.loader.ClassLoaders$PlatformClassLoader@5da1fa9
2026-02-09 13:38:57 - DEBUG - sun.rmi.loader - RMI TCP Connection(12)-127.0.0.1: name = "java.rmi.dgc.VMID", codebase = "", defaultLoader = jdk.internal.loader.ClassLoaders$PlatformClassLoader@5da1fa9
2026-02-09 13:38:57 - DEBUG - sun.rmi.loader - RMI TCP Connection(12)-127.0.0.1: name = "[B", codebase = "", defaultLoader = jdk.internal.loader.ClassLoaders$PlatformClassLoader@5da1fa9
2026-02-09 13:38:57 - DEBUG - sun.rmi.transport.tcp - RMI TCP Connection(12)-127.0.0.1: (port 61316) op = 84
2026-02-09 13:38:57 - DEBUG - sun.rmi.transport.tcp - RMI TCP Connection(12)-127.0.0.1: (port 61316) op = 80
2026-02-09 13:38:57 - DEBUG - sun.rmi.transport.tcp - RMI TCP Connection(12)-127.0.0.1: (port 61316) op = 80
2026-02-09 13:38:57 - DEBUG - sun.rmi.loader - RMI TCP Connection(12)-127.0.0.1: name = "javax.management.ObjectName", codebase = ""
2026-02-09 13:38:57 - DEBUG - sun.rmi.loader - RMI TCP Connection(12)-127.0.0.1: name = "java.rmi.MarshalledObject", codebase = ""
2026-02-09 13:38:57 - DEBUG - javax.management.remote.rmi - connectionId=rmi://127.0.0.1  2 unwrapping params with MBean extended ClassLoader.
2026-02-09 13:38:57 - DEBUG - javax.management.remote.rmi - connectionId=rmi://127.0.0.1  2, name=org.springframework.boot:type=Admin,name=SpringApplication, operationName=shutdown, signature=null
2026-02-09 13:38:57 - INFO - o.s.b.a.SpringApplicationAdminMXBeanRegistrar$SpringApplicationAdmin - Application shutdown requested.
2026-02-09 13:38:57 - DEBUG - o.s.b.a.ApplicationAvailabilityBean - Application availability state ReadinessState changed from ACCEPTING_TRAFFIC to REFUSING_TRAFFIC
2026-02-09 13:38:57 - DEBUG - o.s.b.w.s.c.AnnotationConfigServletWebServerApplicationContext - Closing org.springframework.boot.web.servlet.context.AnnotationConfigServletWebServerApplicationContext@4ca55f3f, started on Mon Feb 09 13:30:35 IST 2026
2026-02-09 13:38:57 - DEBUG - o.s.c.s.DefaultLifecycleProcessor - Stopping beans in phase 2147482623
2026-02-09 13:38:57 - INFO - o.s.b.w.e.tomcat.GracefulShutdown - Commencing graceful shutdown. Waiting for active requests to complete
2026-02-09 13:38:57 - INFO - o.a.coyote.http11.Http11NioProtocol - Pausing ProtocolHandler ["http-nio-8080"]
2026-02-09 13:38:58 - INFO - o.s.b.w.e.tomcat.GracefulShutdown - Graceful shutdown complete
2026-02-09 13:38:58 - DEBUG - o.s.c.s.DefaultLifecycleProcessor - Stopping beans in phase 2147481599
2026-02-09 13:38:58 - DEBUG - o.s.c.s.DefaultLifecycleProcessor - Bean 'webServerGracefulShutdown' completed its stop procedure
2026-02-09 13:38:58 - DEBUG - o.apache.catalina.util.LifecycleBase - Setting state for [Connector["http-nio-8080"]] to [STOPPING_PREP]
2026-02-09 13:38:58 - DEBUG - o.apache.catalina.util.LifecycleBase - Setting state for [Connector["http-nio-8080"]] to [STOPPING]
2026-02-09 13:38:58 - INFO - o.a.coyote.http11.Http11NioProtocol - Stopping ProtocolHandler ["http-nio-8080"]
2026-02-09 13:38:58 - DEBUG - o.apache.catalina.util.LifecycleBase - Setting state for [Connector["http-nio-8080"]] to [STOPPED]
2026-02-09 13:38:58 - DEBUG - o.s.c.s.DefaultLifecycleProcessor - Bean 'webServerStartStop' completed its stop procedure
2026-02-09 13:38:58 - DEBUG - o.s.c.s.DefaultLifecycleProcessor - Stopping beans in phase 1073741823
2026-02-09 13:38:58 - DEBUG - o.s.c.s.DefaultLifecycleProcessor - Bean 'applicationTaskExecutor' completed its stop procedure
2026-02-09 13:38:58 - DEBUG - o.s.c.s.DefaultLifecycleProcessor - Stopping beans in phase -2147483647
2026-02-09 13:38:58 - DEBUG - o.s.c.s.DefaultLifecycleProcessor - Bean 'springBootLoggingLifecycle' completed its stop procedure
2026-02-09 13:38:58 - DEBUG - o.s.j.e.a.AnnotationMBeanExporter - Unregistering JMX-exposed beans on shutdown
2026-02-09 13:38:58 - DEBUG - o.s.j.e.a.AnnotationMBeanExporter - Unregistering JMX-exposed beans
2026-02-09 13:38:58 - INFO - o.s.o.j.LocalContainerEntityManagerFactoryBean - Closing JPA EntityManagerFactory for persistence unit 'default'
2026-02-09 13:38:58 - DEBUG - o.h.internal.SessionFactoryImpl - HHH000031: Closing
2026-02-09 13:38:58 - DEBUG - o.h.type.spi.TypeConfiguration$Scope - Un-scoping TypeConfiguration [org.hibernate.type.spi.TypeConfiguration$Scope@1db190d5] from SessionFactory [org.hibernate.internal.SessionFactoryImpl@56f5a65d]
2026-02-09 13:38:58 - DEBUG - o.h.s.i.AbstractServiceRegistryImpl - Implicitly destroying ServiceRegistry on de-registration of all child ServiceRegistries
2026-02-09 13:38:58 - DEBUG - o.h.b.r.i.BootstrapServiceRegistryImpl - Implicitly destroying Boot-strap registry on de-registration of all child ServiceRegistries
2026-02-09 13:38:58 - INFO - com.zaxxer.hikari.HikariDataSource - HikariPool-1 - Shutdown initiated...
2026-02-09 13:38:58 - DEBUG - com.zaxxer.hikari.pool.HikariPool - HikariPool-1 - Before shutdown stats (total=10/10, idle=10/10, active=0, waiting=0)
2026-02-09 13:38:58 - DEBUG - com.zaxxer.hikari.pool.PoolBase - HikariPool-1 - Closing connection com.mysql.cj.jdbc.ConnectionImpl@7da2ad5d: (connection evicted)
2026-02-09 13:38:58 - DEBUG - com.zaxxer.hikari.pool.PoolBase - HikariPool-1 - Closing connection com.mysql.cj.jdbc.ConnectionImpl@1112c4f6: (connection evicted)
2026-02-09 13:38:58 - DEBUG - com.zaxxer.hikari.pool.PoolBase - HikariPool-1 - Closing connection com.mysql.cj.jdbc.ConnectionImpl@40d71caf: (connection evicted)
2026-02-09 13:38:58 - DEBUG - com.zaxxer.hikari.pool.PoolBase - HikariPool-1 - Closing connection com.mysql.cj.jdbc.ConnectionImpl@2379fc8d: (connection evicted)
2026-02-09 13:38:58 - DEBUG - com.zaxxer.hikari.pool.PoolBase - HikariPool-1 - Closing connection com.mysql.cj.jdbc.ConnectionImpl@449920c9: (connection evicted)
2026-02-09 13:38:58 - DEBUG - com.zaxxer.hikari.pool.PoolBase - HikariPool-1 - Closing connection com.mysql.cj.jdbc.ConnectionImpl@51162860: (connection evicted)
2026-02-09 13:38:58 - DEBUG - com.zaxxer.hikari.pool.PoolBase - HikariPool-1 - Closing connection com.mysql.cj.jdbc.ConnectionImpl@7bfc2597: (connection evicted)
2026-02-09 13:38:58 - DEBUG - com.zaxxer.hikari.pool.PoolBase - HikariPool-1 - Closing connection com.mysql.cj.jdbc.ConnectionImpl@5dfc77a: (connection evicted)
2026-02-09 13:38:58 - DEBUG - com.zaxxer.hikari.pool.PoolBase - HikariPool-1 - Closing connection com.mysql.cj.jdbc.ConnectionImpl@4e34fb4b: (connection evicted)
2026-02-09 13:38:58 - DEBUG - com.zaxxer.hikari.pool.PoolBase - HikariPool-1 - Closing connection com.mysql.cj.jdbc.ConnectionImpl@641de40: (connection evicted)
2026-02-09 13:38:58 - DEBUG - com.zaxxer.hikari.pool.HikariPool - HikariPool-1 - After  shutdown stats (total=0/10, idle=0/10, active=0, waiting=0)
2026-02-09 13:38:58 - INFO - com.zaxxer.hikari.HikariDataSource - HikariPool-1 - Shutdown completed.
2026-02-09 13:38:58 - DEBUG - o.s.s.c.ThreadPoolTaskExecutor - Shutting down ExecutorService 'applicationTaskExecutor'
